x,ei,log_ei,second_improvement_moment,chi_square,ess_fraction,smooth_acquisition,smooth_second_moment
-2.0,1.6173802655089792e-05,-11.032117744732103,2.351003466641366e-06,8986.294849770797,0.00011126818655843956,1.65320018550643e-05,2.355540465961715e-06
-1.99,1.6173803484154287e-05,-11.03211769347239,2.3510034772397694e-06,8986.293968913571,0.00011126819746398981,1.6532082878349264e-05,2.3555405059974978e-06
-1.98,1.6173804433870884e-05,-11.032117634752957,2.351003489409254e-06,8986.29295997689,0.00011126820995524456,1.653217261861725e-05,2.355540551582073e-06
-1.97,1.6173805525354545e-05,-11.032117567268301,2.3510035034298677e-06,8986.29180056549,0.00011126822430947206,1.6532272218418668e-05,2.3555406036433543e-06
-1.96,1.617380678397826e-05,-11.032117489449654,2.35100351963918e-06,8986.290463771911,0.00011126824085980482,1.6532382996538384e-05,2.355540663288667e-06
-1.95,1.6173808240333394e-05,-11.032117399405605,2.351003538445498e-06,8986.288917159765,0.0001112682600078276,1.6532506478847523e-05,2.3555407318436404e-06
-1.94,1.617380993142758e-05,-11.032117294848033,2.3510035603444182e-06,8986.287121495758,0.00011126828223927597,1.6532644435139634e-05,2.3555408109003576e-06
-1.93,1.6173811902183667e-05,-11.032117172999442,2.3510035859396173e-06,8986.285029163357,0.00011126830814367662,1.6532798923216354e-05,2.3555409023771597e-06
-1.92,1.6173814207321386e-05,-11.032117030476604,2.351003615969066e-06,8986.28258217187,0.00011126833843899671,1.6532972341775503e-05,2.3555410085931452e-06
-1.91,1.6173816913727096e-05,-11.03211686314406,2.351003651338177e-06,8986.279709649625,0.0001112683740026809,1.6533167494011854e-05,2.35554113236127e-06
-1.9,1.6173820103447818e-05,-11.032116665928992,2.3510036931618733e-06,8986.276324677487,0.00011126841591085555,1.6533387664285814e-05,2.3555412771050493e-06
-1.89,1.6173823877486286e-05,-11.03211643258659,2.3510037428181604e-06,8986.272320276177,0.0001112684654880103,1.6533636710769977e-05,2.3555414470053056e-06
-1.88,1.6173828360626955e-05,-11.032116155401672,2.351003802016568e-06,8986.267564304775,0.00011126852437016063,1.6533919177676954e-05,2.3555416471852738e-06
-1.87,1.6173833707592843e-05,-11.032115824808018,2.3510038728859017e-06,8986.2618929541,0.00011126859458540841,1.6534240431540218e-05,2.3555418839448235e-06
-1.8599999999999999,1.617384011092567e-05,-11.032115428901168,2.351003958087125e-06,8986.255102421157,0.0001112686786570241,1.653460682710899e-05,2.3555421650577593e-06
-1.85,1.6173847811104106e-05,-11.032114952812835,2.35100406095907e-06,8986.246938221973,0.00011126877973577065,1.65350259097879e-05,2.3555425001503667e-06
-1.84,1.617385710957743e-05,-11.032114377905073,2.351004185707153e-06,8986.237081429192,0.00011126890177030641,1.653550666327681e-05,2.35554290118491e-06
-1.83,1.6173868385608023e-05,-11.032113680728969,2.3510043376486273e-06,8986.225130893401,0.00011126904972732024,1.6536059813242604e-05,2.3555433830790926e-06
-1.82,1.6173882118104394e-05,-11.032112831674791,2.351004523532363e-06,8986.210580204031,0.00011126922987680762,1.6536698200605478e-05,2.355543964502164e-06
-1.81,1.6173898914011592e-05,-11.032111793216716,2.351004751957198e-06,8986.192787740922,0.00011126945016290971,1.653743724150518e-05,2.355544668901165e-06
-1.8,1.6173919545341922e-05,-11.032110517623412,2.351005033921043e-06,8986.170937625535,0.00011126972068745429,1.6538295495429432e-05,2.355545525827836e-06
-1.79,1.6173944997621478e-05,-11.032108943962836,2.351005383543945e-06,8986.14398865376,0.00011127005434234689,1.653929536859685e-05,2.3555465726593894e-06
-1.78,1.6173976533459645e-05,-11.032106994172144,2.3510058190232655e-06,8986.110607314788,0.00011127046763907415,1.6540463986822546e-05,2.3555478568366052e-06
-1.77,1.6174015776203973e-05,-11.032104567885902,2.3510063638994464e-06,8986.06907968466,0.00011127098179989603,1.6541834281183535e-05,2.3555494387831486e-06
-1.76,1.6174064820337345e-05,-11.032101535611192,2.3510070487385096e-06,8986.017195207929,0.00011127162419731672,1.654344634139195e-05,2.3555513957242093e-06
-1.75,1.6174126377565213e-05,-11.032097729696511,2.3510079133752007e-06,8985.952092983203,0.0001112724302581713,1.6545349106582603e-05,2.355553826695216e-06
-1.74,1.6174203970642566e-05,-11.032092932349848,2.3510090099123112e-06,8985.870057925089,0.00011127344598892337,1.654760248213282e-05,2.355556859129086e-06
-1.73,1.6174302191195493e-05,-11.032086859701396,2.3510104067424153e-06,8985.766249783108,0.00011127473133332412,1.655027999532182e-05,2.3555606575418934e-06
-1.72,1.617442704349939e-05,-11.032079140554039,2.3510121939552114e-06,8985.634342045623,0.00011127636464758734,1.65534721335962e-05,2.3555654350139447e-06
-1.71,1.61745864039291e-05,-11.032069287985893,2.3510144906268093e-06,8985.466039682797,0.00011127844867873089,1.6557290548854423e-05,2.35557146840217e-06
-1.7,1.6174790636335842e-05,-11.032056661318833,2.3510174546703707e-06,8985.25043372754,0.00011128111856829202,1.6561873361948228e-05,2.3555791185423105e-06
-1.69,1.617505341794068e-05,-11.032040415082566,2.351021296179439e-06,8984.97313582757,0.00011128455258929552,1.656739186666139e-05,2.3555888571352496e-06
-1.68,1.6175392849835612e-05,-11.032019430401728,2.3510262955422555e-06,8984.615115733965,0.0001112889865768881,1.6574059015769696e-05,2.3556013026011497e-06
-1.67,1.6175832952713453e-05,-11.031992222599431,2.3510328280834273e-06,8984.151137351257,0.00011129473335657114,1.658214017851073e-05,2.3556172679820017e-06
-1.66,1.6176405684529544e-05,-11.03195681659105,2.35104139764826e-06,8983.547651953668,0.00011130220894120947,1.6591966795373567e-05,2.3556378250511572e-06
-1.65,1.6177153665843336e-05,-11.031910578629667,2.3510526824532612e-06,8982.759957135366,0.00011131196790334412,1.660395373075305e-05,2.355664390246148e-06
-1.6400000000000001,1.6178133865194486e-05,-11.031849988882133,2.3510675977778104e-06,8981.728362606525,0.00011132475119283571,1.6618621347035295e-05,2.355698840011627e-06
-1.63,1.6179422587214955e-05,-11.031770333793032,2.351087381795502e-06,8980.373013326152,0.0001113415508426435,1.6636623608058816e-05,2.3557436658011166e-06
-1.62,1.6181122228534534e-05,-11.031665289744435,2.351113713215244e-06,8978.586899299491,0.00011136369759704772,1.6658783881821834e-05,2.3558021825782754e-06
-1.6099999999999999,1.6183370431919677e-05,-11.031526359503053,2.3511488726615773e-06,8976.226420399247,0.00011139297965434703,1.6686140571869418e-05,2.35587880949926e-06
-1.6,1.6186352492096774e-05,-11.031342109536345,2.3511959641963107e-06,8973.09866255434,0.00011143180363869159,1.672000528874439e-05,2.35597944797068e-06
-1.5899999999999999,1.619031816659015e-05,-11.031097138423966,2.3512592195092326e-06,8968.944265669747,0.0001114834128710536,1.6762037007459536e-05,2.3561119910223114e-06
-1.58,1.619560444682885e-05,-11.030770682985363,2.351344415675858e-06,8963.414410248137,0.00011155218335921619,1.6814336580727548e-05,2.356287009646312e-06
-1.57,1.6202666381433837e-05,-11.030334737823088,2.3514594487859196e-06,8956.040007716994,0.00011164402516215666,1.6879567134423332e-05,2.3565186773978096e-06
-1.56,1.6212118757055984e-05,-11.02975152396869,2.3516151212388033e-06,8946.19064598208,0.00011176692657701114,1.696110731307069e-05,2.3568260153755812e-06
-1.55,1.6224792385977907e-05,-11.028970091389555,2.3518262214682926e-06,8933.020233561536,0.00011193169187634034,1.706324612894508e-05,2.3572345673172835e-06
-1.54,1.6241809991366988e-05,-11.027921776770748,2.3521130031137275e-06,8915.39566069436,0.00011215294139629125,1.7191430366781602e-05,2.3577786510095967e-06
-1.53,1.6264688304312447e-05,-11.026514161806201,2.352503208551054e-06,8891.804290477696,0.00011245046751684252,1.7352578182554544e-05,2.3585043801328306e-06
-1.52,1.6295475093895017e-05,-11.024623090291547,2.3530348322540327e-06,8860.235985263047,0.00011285107423649263,1.7555475790210707e-05,2.3594737132867705e-06
-1.51,1.6336932565106617e-05,-11.022082211668728,2.3537598864991156e-06,8818.036182523407,0.00011339107577103376,1.781127803721482e-05,2.360769868295505e-06
-1.5,1.639278202293511e-05,-11.018669440568337,2.3547495202397554e-06,8761.729166984167,0.00011411969729336802,1.813413830688518e-05,2.3625045448421805e-06
-1.49,1.6468029077405284e-05,-11.014089688366816,2.3561009574389623e-06,8686.81662146869,0.00011510371864075422,1.854199861865564e-05,2.364827532859314e-06
-1.48,1.656939413210845e-05,-11.007953291339824,2.357946870859578e-06,8587.567995918,0.0001164338456044457,1.90575770676043e-05,2.3679394546860382e-06
-1.47,1.670587964252706e-05,-10.999749826102397,2.3604679996392614e-06,8456.839134748236,0.00011823350906398707,1.970959685152805e-05,2.3721086035089326e-06
-1.46,1.688951382667262e-05,-10.988817612243718,2.363910063514197e-06,8285.986908999479,0.00012067112099743065,2.0534309014663816e-05,2.3776931074771766e-06
-1.45,1.713632030439879e-05,-10.97431035253355,2.3686063339061847e-06,8064.991200685172,0.000123977323446008,2.157736954018791e-05,2.3851699769561697e-06
-1.44,1.746757461444184e-05,-10.955164274913537,2.3750076034107156e-06,7782.945566013042,0.00012846955204392607,2.2896140277256166e-05,2.3951729902590964e-06
-1.43,1.7911421682628026e-05,-10.930071965777474,2.3837217614399313e-06,7429.113438133425,0.00013458744719397145,2.4562491966084183e-05,2.4085418483153894e-06
-1.42,1.8504942898268603e-05,-10.897472677877007,2.3955657443366514e-06,6994.722848795447,0.00014294448502518708,2.6666195708291643e-05,2.4263855860476784e-06
-1.4100000000000001,1.9296777071431354e-05,-10.85557246711555,2.4116332893920842e-06,6475.519997492253,0.00015440390833151228,2.9318995774618923e-05,2.450163868391284e-06
-1.4,2.035041545073524e-05,-10.802409231014513,2.43338268442545e-06,5874.757369235261,0.00017019082599221613,3.26594605482716e-05,2.481790515959511e-06
-1.3900000000000001,2.1748306041523737e-05,-10.735974686610964,2.462749559731907e-06,5205.7818056401165,0.00019205721256012207,3.685870829980487e-05,2.5237643839817086e-06
-1.38,2.3596915063712804e-05,-10.654394572116292,2.502290696597846e-06,4492.940340340836,0.0002225218681750805,4.212709874640599e-05,2.5793335303265192e-06
-1.37,2.6032901376978825e-05,-10.556149382357992,2.5553657887809823e-06,3769.578006346786,0.0002652113278963492,4.872196810931543e-05,2.6526994100667176e-06
-1.3599999999999999,2.9230560368211444e-05,-10.440295808028937,2.626365031659086e-06,3072.836796265575,0.00032532631570254697,5.6956462651228974e-05,2.7492685615414843e-06
-1.35,3.341068390820041e-05,-10.306634831640487,2.7209912439627457e-06,2436.56616511061,0.00041024527428761004,6.720949144595412e-05,2.8759598162859143e-06
-1.3399999999999999,3.885095890271355e-05,-10.15577779927469,2.8466058361305206e-06,1884.9225383936223,0.0005302444716800367,7.993677158388519e-05,3.04157536260227e-06
-1.33,4.5897984870803215e-05,-9.989089344458401,3.0126481841988995e-06,1429.0827923626432,0.0006992602144019212,9.568287676127935e-05,3.257243886360428e-06
-1.3199999999999998,5.498092723787934e-05,-9.808524210366125,3.231137677009673e-06,1067.885889214441,0.0009355535610400214,0.0001150941225881139,3.5369433487744127e-06
-1.31,6.662673464704857e-05,-9.616404639838981,3.517266682855035e-06,791.3339041610418,0.0012620941685675363,0.0001389320294022077,3.898109571759977e-06
-1.2999999999999998,8.147673384248521e-05,-9.415193052798344,3.890090723189381e-06,584.9931072568226,0.0017065047141616482,0.00016808699773829852,4.362334517151636e-06
-1.29,0.00010030427477715382,-9.207302243992784,4.373319044810465e-06,433.6826209007073,0.0023005290571035406,0.00020359171643616938,4.9561548106069654e-06
-1.28,0.00012403293439687196,-8.994963427649893,4.996204375762948e-06,323.7627113178477,0.003079171238416262,0.00024663370418975177,5.711926553345195e-06
-1.27,0.00015375460616039123,-8.78015269295963,5.794524819629223e-06,244.11029748305734,0.004079795954183126,0.00029856626965576376,6.668776723352871e-06
-1.26,0.00019074661354677946,-8.564564641316254,6.811643563666747e-06,186.21396513284978,0.0053414818669664165,0.0003609170724408388,7.873614516945055e-06
-1.25,0.0002364868031018539,-8.349618152427038,8.099623447953256e-06,143.82749138767085,0.006904766425341329,0.0004353933882256506,9.382177958337e-06
-1.24,0.000292665412883244,-8.136480537004472,9.720363718192163e-06,112.48532726699223,0.008811711822862717,0.0005238831376102551,1.1260082279646801e-05
-1.23,0.0003611923948250786,-7.926099791944664,1.174671589122361e-05,89.04078450306561,0.011106078267964814,0.0006284507414587687,1.358382736378282e-05
-1.22,0.00044419881484977807,-7.719238314562936,1.4263525207167779e-05,71.28897768661173,0.013833367575555089,0.0007513269257187615,1.644171251226294e-05
-1.21,0.0005440309817135864,-7.51650436105063,1.7368534400328077e-05,57.68348641231304,0.01704056901074267,0.000894891723364412,1.9934598644158167e-05
-1.2,0.0006632360803088064,-7.3183795522623125,2.1173078397961654e-05,47.13353051528169,0.020775538160088106,0.001061650113765241,2.417645154154008e-05
-1.19,0.0008045383171826837,-7.125241964098379,2.5802493026957786e-05,38.86283700328296,0.025086021848310585,0.0012541999988131124,2.929459576259901e-05
-1.18,0.0009708049267888267,-6.9373850091465155,3.13961588350321e-05,32.31291020397086,0.03001839208514425,0.0014751925330672635,3.542960814736014e-05
-1.17,0.001165001827856539,-6.755032622990134,3.8107103564205835e-05,27.077130900372584,0.035616174727693774,0.0017272851883837039,4.27347831310534e-05
-1.1600000000000001,0.0013901392408384467,-6.578351363591474,4.610109428044514e-05,22.85583534693582,0.04191846504039716,0.0020130883226190943,5.137510984577283e-05
-1.15,0.0016492081498972147,-6.407460015416105,5.555516297650747e-05,19.425536914130017,0.04895832135057454,0.0023351064130182845,6.152571344208428e-05
-1.1400000000000001,0.0019451090779347595,-6.2424372222838285,6.665552753913643e-05,16.617660978716874,0.056761223933645695,0.002695675480866401,7.336973006717897e-05
-1.13,0.0022805751968100205,-6.083327588530219,7.959489277569114e-05,14.303698768834366,0.06534368031579903,0.0030968985473097395,8.709560598723834e-05
-1.12,0.002658092271686254,-5.930146604588488,9.456914274913044e-05,12.384721735482628,0.07471205003455694,0.0035405811952140534,0.00010289383555526585
-1.1099999999999999,0.0030798182960632046,-5.782884678521588,0.00011177346459065826,10.783885758638215,0.08486165094285192,0.0040281694472831435,0.00012095317888251991
-1.1,0.0035475058778667227,-5.6415104920275105,0.00013139797355163512,9.441007796641072,0.09577619512186412,0.004560692191860373,0.0001414564266950101
-1.0899999999999999,0.004062430464079608,-5.505973848007021,0.0001536229374483432,8.308596052398844,0.10742758568219296,0.005138710288721264,0.00016457580532314194
-1.08,0.004625327333391136,-5.376208135734893,0.00017861372395378108,7.34891191542839,0.11977608700746355,0.005762274270790399,0.00019046813744479977
-1.0699999999999998,0.005236339950539016,-5.252132507423455,0.00020651561465922214,6.531773074903057,0.13277086152955705,0.006430892236275107,0.00021926989256838153
-1.06,0.0058949817848958615,-5.133653834921943,0.00023744864403105987,5.832895186100638,0.14635084730030448,0.0071435091194747705,0.00025109227404791865
-1.0499999999999998,0.006600113084821034,-5.020668496032751,0.00027150262832822177,5.232629124899653,0.16044593380423552,0.007898498064025287,0.000286016495779786
-1.04,0.007349933413021127,-4.9130640252513365,0.00030873254874418273,4.714991766693009,0.17497837981639858,0.008693664129872778,0.0003240894011912811
-1.03,0.00814199003603394,-4.8107206526758715,0.00034915444456984395,4.266916601840252,0.18986440750753517,0.009526260076199874,0.00036531956971907017
-1.02,0.008973201572219052,-4.7135127466123885,0.00039274195664153075,3.877670418352867,0.20501590190213967,0.010393013506517246,0.000409674042170284
-1.01,0.009839895681877311,-4.621310169409403,0.0004394236398014362,3.5383964260703102,0.2203421442550968,0.011290164264786623,0.0004570757770437619
-1.0,0.010737859066477574,-4.533979551813879,0.0004890811369597471,3.241754350708357,0.2357515115963761,0.01221351065243252,0.0005074019262590108
-0.99,0.011662397656639841,-4.451385488269272,0.0005415482782231371,2.981635392356798,0.2511530819521079,0.01315846280807109,0.0005604829921941831
-0.98,0.012608404623573282,-4.373391653775822,0.0005966111381258384,2.752935338907183,0.2664580947166518,0.014120101459971914,0.0006161028999524985
-0.97,0.01357043374719939,-4.299861841961634,0.000654009053883278,2.5513731132904796,0.2815812273448967,0.015093240223857522,0.0006739999908063239
-0.96,0.014542775706690252,-4.230660923673133,0.0007134365792210278,2.373345006068125,0.296441661970879,0.0160724896677374,0.0007338689161228654
-0.95,0.015519535007657684,-4.165655725522698,0.0007745463228859708,2.2158070775791088,0.31096392783388294,0.01705232148843583,0.0007953633868553461
-0.94,0.016494705501025532,-4.104715828293921,0.0008369525992808802,2.076179902605973,0.3250785167515249,0.01802713132555782,0.0008580997127261564
-0.9299999999999999,0.017462242755019553,-4.047714285787761,0.0009002358013055728,1.9522711162519357,0.3387222787551954,0.01899129896059086,0.0009216610480849569
-0.9199999999999999,0.018416131886685998,-3.9945282655009953,0.000963947392647516,1.8422122045498863,0.3518386130350064,0.019939244894407657,0.0009856022483646957
-0.9099999999999999,0.01935044981769377,-3.9450396133840964,0.0010276154083708644,1.7444067419416305,0.36437747536376974,0.020865482549599024,0.0010494552320940342
-0.8999999999999999,0.020259421269126925,-3.899135345765697,0.0010907503484055819,1.6574878652321154,0.376295227189177,0.0217646655909718,0.0011127347383520923
-0.8899999999999999,0.02113746813420814,-3.856708072306386,0.0011528513479691803,1.5802832308304184,0.38755435374362673,0.022631630087066,0.0011749443680001029
-0.8799999999999999,0.02197925215394275,-3.81765635451894,0.0012134125114883186,1.5117860596150146,0.3981230790624229,0.023461431439534816,0.0012355827985111268
-0.8699999999999999,0.02277971106082684,-3.7818850049405204,0.0012719293016020998,1.4511311546187264,0.4079749050211677,0.024249376180477365,0.001294150066197428
-0.8599999999999999,0.023534088546610186,-3.7493053324502323,0.0013279048816990805,1.3975749983422467,0.4170880997221898,0.024991048877785152,0.0013501538155424385
-0.8499999999999999,0.02423795855182501,-3.7198353394866057,0.0013808563185799224,1.350479212140315,0.4254451580915763,0.02568233449500452,0.0014031154226382021
-0.8400000000000001,0.024887244470300204,-3.6933998770357848,0.001430320560725568,1.3092967999385303,0.4330322546788349,0.026319436626653883,0.0014525759079144131
-0.8300000000000001,0.02547823391600031,-3.6699307632392584,0.001475860116847457,1.2735607103471582,0.43983870562546196,0.026898892075179568,0.0014981015619935719
-0.8200000000000001,0.026007589718174063,-3.6493668713212783,0.0015170683685500948,1.2428743410890948,0.44585645378350536,0.027417582255399916,0.0015392892172660007
-0.81,0.026472357800307628,-3.6316541922745214,0.0015535744597841988,1.2169036822565054,0.45107958816782534,0.027872741910361633,0.0015757711063753635
-0.8,0.02686997256497247,-3.6167458773834507,0.0015850477141297699,1.195370853935151,0.45550390641632293,0.028261965603042255,0.0016072192570432576
-0.79,0.027198260356049577,-3.604602265223731,0.001611201538715371,1.178048842084999,0.45912652676912497,0.028583212415070787,0.0016333493804139077
-0.78,0.02745544150694231,-3.595190897268151,0.0016317967807065886,1.1647572765400596,0.4619455542832516,0.028834809239992622,0.0016539242173010914
-0.77,0.027640131412320183,-3.5884865256684932,0.0016466445087885274,1.155359128429958,0.4639598045678988,0.02901545300745255,0.0016687563133556498
-0.76,0.027751340984790866,-3.5844711161810023,0.001655608197968436,1.1497582327225784,0.46516858722924487,0.029124212118336577,0.0016777102002703092
-0.75,0.02778847677893248,-3.583133848571169,0.0016586053014096154,1.147897566168457,0.4655715504086433,0.029160527311183893,0.0016807039657590025
-0.74,0.027751340984818882,-3.5844711161799925,0.0016556081979729603,1.1497582327241127,0.46516858722891286,0.029124212118365026,0.0016777102002748395
-0.73,0.02764013141237863,-3.5884865256663785,0.0016466445087979667,1.155359128433198,0.4639598045672013,0.0290154530075119,0.001668756313365101
-0.72,0.027455441507036216,-3.5951908972647306,0.0016317967807217535,1.1647572765453695,0.46194555428211853,0.02883480924008798,0.0016539242173162756
-0.71,0.027198260356186953,-3.6046022652186798,0.001611201538737557,1.1780488420929882,0.45912652676744087,0.028583212415210293,0.0016333493804361217
-0.7,0.026869972565164955,-3.616745877376287,0.0015850477141608561,1.1953708539467538,0.4555039064139156,0.028261965603237724,0.0016072192570743835
-0.69,0.026472357800571375,-3.631654192264558,0.0015535744598267939,1.216903682273113,0.45107958816444615,0.02787274191062947,0.0015757711064180128
-0.6799999999999999,0.02600758971853096,-3.6493668713075555,0.0015170683686077339,1.2428743411127523,0.4458564537788025,0.027417582255762348,0.0015392892173237134
-0.6699999999999999,0.02547823391647964,-3.669930763220445,0.0014758601169248683,1.2735607103808642,0.43983870561894134,0.026898892075666328,0.001498101562071082
-0.6599999999999999,0.024887244470940793,-3.6933998770100454,0.001430320560829023,1.3092967999866807,0.4330322546698059,0.026319436627304404,0.0014525759080179998
-0.6499999999999999,0.02423795855267806,-3.719835339451411,0.001380856318717692,1.3504792122093754,0.42544515807907607,0.025682334495870797,0.0014031154227761473
-0.6399999999999999,0.023534088547743054,-3.749305332402095,0.001327904881882041,1.3975749984417618,0.41708809970487787,0.024991048878935586,0.0013501538157256322
-0.6299999999999999,0.02277971106232774,-3.7818850048746326,0.0012719293018444969,1.4511311547628511,0.40797490499717903,0.024249376182001535,0.0012941500664401338
-0.6199999999999999,0.02197925215592699,-3.817656354428662,0.0012134125118087717,1.51178605982484,0.39812307902916505,0.023461431441549815,0.0012355827988319884
-0.6099999999999999,0.021137468136825942,-3.8567080721825393,0.0011528513483919558,1.580283231137546,0.38755435369749663,0.022631630089724384,0.0011749443684234175
-0.5999999999999999,0.02025942127257388,-3.8991353455955564,0.0010907503489622618,1.6574878656841077,0.37629522712517577,0.021764665594472186,0.0011127347389094818
-0.5900000000000001,0.01935044982222367,-3.9450396131499987,0.0010276154091024392,1.7444067426104946,0.364377475274964,0.020865482554199146,0.0010494552328265414
-0.5800000000000001,0.018416131892627693,-3.9945282651783596,0.0009639473936070947,1.8422122055452212,0.3518386129117935,0.01993924490044146,0.0009856022493254974
-0.5700000000000001,0.017462242762798234,-4.047714285342304,0.0009002358025618223,1.9522711177415135,0.338722278584292,0.01899129896849012,0.0009216610493428079
-0.56,0.016494705511189825,-4.104715827677706,0.0008369526009224042,2.0761799048481375,0.3250785165145818,0.018027131335879673,0.000858099714369773
-0.55,0.015519535020914093,-4.165655724668523,0.0007745463250268688,2.2158070809740877,0.3109639275055934,0.017052321501897734,0.0007953633889989731
-0.54,0.01454277572394675,-4.23066092248653,0.0007134365820079369,2.3733450112398375,0.29644166151640106,0.016072489685261402,0.000733868918913327
-0.53,0.013570433769620548,-4.299861840309427,0.000654009057504275,2.551373121217866,0.28158122671635016,0.015093240246626245,0.0006739999944319366
-0.52,0.012608404652649783,-4.373391651469701,0.0005966111428216676,2.7529353511364834,0.26645809384837255,0.01412010148949915,0.0006161029046543136
-0.51,0.01166239769427599,-4.4513854850421355,0.0005415482843013422,2.981635411347135,0.2511530807542378,0.013158462846290664,0.0005604829982801361
-0.5,0.010737859115101183,-4.533979547285638,0.0004890811448124176,3.241754380398456,0.23575150994623678,0.012213510701809878,0.0005074019341216912
-0.49,0.009839895744577408,-4.621310163037375,0.0004394236499274479,3.538396472814844,0.22034214198561883,0.011290164328458679,0.0004570757871826814
-0.48,0.008973201652918077,-4.713512737619052,0.00039274196967435475,3.877670492481344,0.2050158987864072,0.010393013588467243,0.00040967405521972116
-0.47,0.008141990139702588,-4.810720639943279,0.00034915446131224417,4.266916720272592,0.18986440323822787,0.009526260181475562,0.0003653195864828122
-0.45999999999999996,0.007349933545945824,-4.91306400716618,0.00030873257021141285,4.714991957362884,0.17497837397857657,0.008693664264858032,0.00032408942268587584
-0.44999999999999996,0.006600113254936185,-5.02066847025817,0.0002715026558016856,5.232629434295153,0.1604459258394992,0.007898498236777508,0.00028601652328827094
-0.43999999999999995,0.005894982002195764,-5.133653798060099,0.0002374486791248291,5.832895692223443,0.14635083645987831,0.007143509340143185,0.00025109230918642246
-0.42999999999999994,0.0052363402275871235,-5.252132454514725,0.00020651565940229278,6.531773909721804,0.13277084681328893,0.006430892517617916,0.000219269937368487
-0.41999999999999993,0.0046253276859487425,-5.376208059511619,0.00017861378089159758,7.34891330410027,0.11977606708514817,0.005762274628813227,0.00019046819445519563
-0.4099999999999999,0.004062430911879739,-5.505973737777416,0.00015362300976779245,8.30859838234191,0.10742755879305799,0.0051387107434630215,0.00016457587773477777
-0.3999999999999999,0.0035475064455651414,-5.6415103320000455,0.00013139806523462794,9.441011740160954,0.0957761589476562,0.004560692768359025,0.000141456518494872
-0.3899999999999999,0.003079819014403983,-5.78288444528033,0.00011177358060238373,10.783892492367901,0.08486160244992665,0.004028170176759332,0.00012095329504212613
-0.3799999999999999,0.0026580931789276173,-5.930146263275578,9.456928926832885e-05,12.384733336120851,0.0747119852811217,0.0035405821165190505,0.00010289398226123256
-0.3699999999999999,0.002280576340464241,-6.083327087054129,7.959507747566979e-05,14.303718932167143,0.06534359422258358,0.0030968997086923025,8.709579092265352e-05
-0.3599999999999999,0.0019451105168869127,-6.242436482504432,6.665575992996045e-05,16.617696335284307,0.05676111002079333,0.002695676942124376,7.336996275422967e-05
-0.34999999999999987,0.0016492099569791396,-6.407458919689689,5.5555454820736614e-05,19.425599452452804,0.04895817145185011,0.002335108248112439,6.152600565832295e-05
-0.33999999999999986,0.001390141505949039,-6.578349734180059,4.61014600971051e-05,22.855946902874866,0.04191826901993526,0.002013090622841792,5.137547612873047e-05
-0.33000000000000007,0.001165004661735508,-6.755030190482772,3.8107561238334364e-05,27.07733151550908,0.03561592024682366,0.0017272880661911064,4.273524138856311e-05
-0.32000000000000006,0.0009708084655707624,-6.937381363949228,3.139673035327936e-05,32.31327374590055,0.030018064499681824,0.0014751961267039765,3.5430180394093995e-05
-0.31000000000000005,0.0008045427278802673,-7.125236481841786,2.580320536330948e-05,38.86350042105313,0.025085604360821998,0.0012542044778803341,2.9295309006919373e-05
-0.30000000000000004,0.0006632415673999648,-7.318371279086858,2.1173964577842386e-05,47.13474863925931,0.020775012403085186,0.001061655685909946,2.4177338850958197e-05
-0.29000000000000004,0.0005440377950371096,-7.516491837350531,1.7369634776161897e-05,57.685734335220346,0.017039916281661797,0.0008948986422972397,1.9935700422518546e-05
-0.28,0.00044420725904818515,-7.719219304791041,1.4264888984026296e-05,71.29314084015844,0.013832570951800526,0.0007513355008030775,1.6443078027333314e-05
-0.27,0.0003612028406128563,-7.926070872075689,1.1748402947577874e-05,89.04850757430786,0.01110512574763998,0.0006284613491533048,1.3585516570322433e-05
-0.26,0.0002926783104636796,-8.136436468605261,9.722446774111152e-06,112.49964302616489,0.008810600397830957,0.0005238962350935178,1.1262167990362147e-05
-0.25,0.00023650269810728528,-8.349550941609898,8.102190641490382e-06,143.85392197119174,0.0069035065560660355,0.00043540952958267377,9.384748423542743e-06
-0.24,0.00019076616593607205,-8.564462142053523,6.81480150579303e-06,186.26236684662334,0.0053401012538683065,0.00036093692785272305,7.87677648337705e-06
-0.22999999999999998,0.00015377861257481957,-8.779996570544133,5.79840220908192e-06,244.1977386459795,0.004078341038225545,0.0002985906481008273,6.6726590536038524e-06
-0.21999999999999997,0.000124062354552521,-8.994726259456078,5.000956267788002e-06,323.9174365440898,0.0030777049414037975,0.00024666358024318964,5.716684500018188e-06
-0.20999999999999996,0.00010034026255986626,-9.206943522209714,4.3791318822334604e-06,433.9482205546179,0.002299124246846819,0.0002036282618443165,4.961975053755502e-06
-0.19999999999999996,8.15206738719627e-05,-9.41465390274488,3.8971882548586785e-06,585.4295727681579,0.0017052346035000272,0.00016813161854562818,4.369441090203488e-06
-0.18999999999999995,6.668028519206555e-05,-9.61560122306525,3.5259169136365624e-06,792.0072847809878,0.0012610224637169371,0.00013898640952618598,3.906770820280109e-06
-0.17999999999999994,5.5046070497257135e-05,-9.807340077956251,3.241661015654829e-06,1068.8304484852738,0.0009347275555821545,0.00011516027487157249,3.5474800885878994e-06
-0.16999999999999993,4.597708578816289e-05,-9.987367420625592,3.0254269811532065e-06,1430.2114259003108,0.000698708787467194,9.576320268743025e-05,3.270038953332793e-06
-0.15999999999999992,3.894683386116027e-05,-10.153313076213117,2.862095533485526e-06,1885.860574050438,0.0005299808654400708,8.003413101960065e-05,3.0570847765391803e-06
-0.1499999999999999,3.352668085948846e-05,-10.30316899255931,2.739733395277174e-06,2436.4021094174072,0.000410272886913609,6.73272839900266e-05,2.8947258169757676e-06
-0.1399999999999999,2.937065219646136e-05,-10.435514606787791,2.6490024916042146e-06,3069.825836376607,0.0003256452997607773,5.7098722412902015e-05,2.7719348172343106e-06
-0.1299999999999999,2.620179458882434e-05,-10.549682653786297,2.5826604232157837e-06,3760.8825490992476,0.0002658243544151696,4.8893474037699496e-05,2.6800287493815407e-06
-0.11999999999999988,2.3800176246639193e-05,-10.64581757199329,2.5351440250070562e-06,4474.507517678273,0.0002234383466120872,4.233350298531169e-05,2.612228609962496e-06
-0.10999999999999988,2.1992508955677173e-05,-10.724808664604605,2.5022268169334763e-06,5172.412632665622,0.00019329600613835935,3.7106685470737226e-05,2.5632917796464026e-06
-0.09999999999999987,2.064331213693798e-05,-10.788119158474256,2.4807408809825517e-06,5820.335704459086,0.00017178188147335497,3.2956881387252815e-05,2.5292088165325297e-06
-0.08999999999999986,1.9647496996226485e-05,-10.837560607089335,2.4683539654092687e-06,6393.299529589106,0.00015638929571137238,2.967512919304689e-05,2.506956468675936e-06
-0.08000000000000007,1.8924224950512204e-05,-10.875067713217184,2.4633932560927544e-06,6877.560231495187,0.00014537926053496676,2.709194414937498e-05,2.494299018344429e-06
-0.07000000000000006,1.841188483140652e-05,-10.902514187112128,2.4647081236269478e-06,7269.5789909606965,0.00013754062795318935,2.5070665932799168e-05,2.489630676496534e-06
-0.06000000000000005,1.8064034295276124e-05,-10.921587652016026,2.4715651435474065e-06,7573.301064322946,0.00013202538313538613,2.3501779175942562e-05,2.4918525239811878e-06
-0.050000000000000044,1.7846159199184337e-05,-10.933722243805251,2.4835697156384026e-06,7797.064620752847,0.00012823694706744522,2.229811759569699e-05,2.5002783639813258e-06
-0.040000000000000036,1.7733117747172104e-05,-10.940076607473038,2.500609623123473e-06,7950.987754267717,0.00012575472081974905,2.1390857073515854e-05,2.514564749918065e-06
-0.030000000000000027,1.770715185551988e-05,-10.941541940360711,2.5228168433932584e-06,8045.153217417038,0.00012428299250321986,2.072620353755451e-05,2.5346613474126593e-06
-0.020000000000000018,1.775636485922551e-05,-10.938766522700252,2.5505448377652785e-06,8088.558909631764,0.0001236161342257312,2.0262686173584485e-05,2.5607786596531423e-06
-0.010000000000000009,1.787358130691339e-05,-10.93218683997937,2.5843594136551773e-06,8088.650359064003,0.00012361473680745123,1.9968974051145022e-05,2.5933709905260647e-06
0.0,1.8055520507795474e-05,-10.922059074639298,2.625042087284726e-06,8051.2313672456485,0.00012418917867508577,1.9822143674388868e-05,2.6331333514699214e-06
0.010000000000000231,1.830223038467946e-05,-10.908487626599301,2.6736057102145457e-06,7980.58833305778,0.00012528834591208436,1.980633551839391e-05,2.681011862200142e-06
0.020000000000000018,1.8616742008266187e-05,-10.891449274128075,2.7313230034796618e-06,7879.716449917429,0.00012689201627226135,1.9911748822579136e-05,2.7382280926528864e-06
0.03000000000000025,1.9004918117597142e-05,-10.870812763998687,2.799769629765622e-06,7750.581055838895,0.00012900593992328156,2.0133935561298237e-05,2.8063188010568067e-06
0.040000000000000036,1.9475481332135176e-05,-10.84635425112725,2.8808846088396725e-06,7594.379243711564,0.00013165899528031193,2.0473366607752624e-05,2.887193720311822e-06
0.04999999999999982,2.0040220166155165e-05,-10.817769295472871,2.977052355956689e-06,7411.7865607237245,0.0001349020360708144,2.0935255888151097e-05,2.983215541643599e-06
0.06000000000000005,2.071438407957199e-05,-10.784682215941295,3.0912125518066935e-06,7203.18437538862,0.00013880821865362884,2.1529642258843036e-05,3.0973081945067034e-06
0.06999999999999984,2.1517293570053505e-05,-10.74665359405293,3.2270066535435576e-06,6968.868277238354,0.00014347473441725164,2.227174466145681e-05,3.2331021422907584e-06
0.08000000000000007,2.2473208938243832e-05,-10.703186672072707,3.38897344060806e-06,6709.238959895496,0.00014902598938377806,2.3182624902053066e-05,3.395129013805042e-06
0.08999999999999986,2.3612523428611527e-05,-10.653733332924897,3.582811005664434e-06,6424.975951570987,0.00015561838505721853,2.4290215677076082e-05,3.5890829196984397e-06
0.10000000000000009,2.497337506565136e-05,-10.59770029798269,3.815729704032199e-06,6117.192304554363,0.00016344697097140984,2.5630801125542715e-05,3.822172921760026e-06
0.10999999999999988,2.6603809465060955e-05,-10.534456139458403,4.0969307220912e-06,5787.565643726783,0.0001727543681021784,2.7251076093913712e-05,4.103601275012653e-06
0.1200000000000001,2.856467690554297e-05,-10.463339676702754,4.4382595233193265e-06,5438.438381258038,0.00018384250908063768,2.9210962146362616e-05,4.445216667297475e-06
0.1299999999999999,3.0933515836116386e-05,-10.38367030698318,4.855104550302713e-06,5072.877981494777,0.0001970879086267261,3.158742756494139e-05,4.862412805770749e-06
0.14000000000000012,3.3809767910407836e-05,-10.294760805793096,5.367642246098119e-06,4694.687462967506,0.00021296136250261339,3.447965181216395e-05,5.375373379775036e-06
0.1499999999999999,3.73217940067959e-05,-10.195933112218853,6.002574166929879e-06,4308.357376999288,0.00023205316071890162,3.801599886501096e-05,6.010809130261064e-06
0.16000000000000014,4.16363246788806e-05,-10.08653758230897,6.795567171485507e-06,3918.953693056948,0.00025510505437123087,4.236342690232884e-05,6.8043979561053135e-06
0.16999999999999993,4.697118936185528e-05,-9.965976136511761,7.794702693881329e-06,3531.9414546626485,0.00028305026076224277,4.7740170990370626e-05,7.804233978098346e-06
0.18000000000000016,5.361242902194598e-05,-9.83372963203083,9.065379028919823e-06,3152.951410649731,0.00031706258905047453,5.443279295892396e-05,9.075729361458818e-06
0.18999999999999995,6.193719688615195e-05,-9.689389639752408,1.0697309230672342e-05,2787.5051915923736,0.000358615075566329,6.281898867031171e-05,1.0708611306211363e-05
0.20000000000000018,7.244415447416953e-05,-9.53269457603902,1.2814539794427696e-05,2440.722573150298,0.0004095469366570196,7.339784042484606e-05,1.2826939102355332e-05
0.20999999999999996,8.579328615579366e-05,-9.363569804464518,1.5589809275227763e-05,2117.040187332638,0.0004721345732629152,8.682941287769918e-05,1.5603460028884767e-05
0.2200000000000002,0.00010285700374008473,-9.182170847537355,1.9265098854701083e-05,1819.9729888675731,0.0005491569650475047,0.00010398553580800879,1.9280155647790584e-05
0.22999999999999998,0.00012478376563669893,-8.98892819352975,2.4180914401000023e-05,1551.9466815126848,0.0006439371112380536,0.0001260129731104245,2.4197517558464973e-05
0.2400000000000002,0.00015307366150493684,-8.784591304685934,3.081766138752468e-05,1314.2210097180232,0.0007603284867038392,0.0001544084222291393,3.083591367352865e-05
0.25,0.0001896617587654009,-8.57026828929744,3.9853328943879743e-05,1106.9114653967001,0.000902599197889823,0.00019110118056300216,3.987326155060254e-05
0.26000000000000023,0.00023699861286239016,-8.347456269747578,5.2242335809083745e-05,929.1028566099416,0.0010751499072315734,0.00023853301204919915,5.226386304356808e-05
0.27,0.00029810768026368814,-8.11805579356085,6.932032154887708e-05,779.0352668800534,0.0012819933180710542,0.0002997152289524779,6.934318727256692e-05
0.28000000000000025,0.00037658723215776643,-7.884360845242741,9.293810990927192e-05,654.3339278884348,0.0015259396125302425,0.00037823104018415985,9.296183535556324e-05
0.29000000000000004,0.000476513499759947,-7.6490145041906485,0.00012562403381172758,552.2511392639204,0.0018074974076519063,0.00047814047381272956,0.00012564788567682504
0.30000000000000027,0.0006022006656027972,-7.414919836631969,0.00017076649692553039,469.89080168565096,0.002123634601526072,0.0006037439479810656,0.000170789503679042
0.31000000000000005,0.0007577950646907652,-7.185097572081418,0.00023279838486259618,404.3931610158066,0.002466741169225125,0.0007591817010472713,0.00023281943093433435
0.31999999999999984,0.000946737679898635,-6.962488504313108,0.0003173545336580048,353.06694389364054,0.0028243246573743793,0.0009479017751754594,0.0003173725449637925
0.33000000000000007,0.0011712174098953395,-6.749711549861443,0.0004313690629516189,313.4661879923506,0.003179992120565677,0.0011721161689070986,0.00043138325602622786
0.33999999999999986,0.0014318203649753387,-6.548808661765347,0.0005830889195905517,283.41841922100474,0.0035159466912828845,0.0014324470737566606,0.0005830990305378656
0.3500000000000001,0.0017275843947797951,-6.361031149808201,0.0007820073550400646,261.01870322686347,0.0038165214455479946,0.0017279711713329737,0.0007820137311477639
0.3599999999999999,0.0020565286948136577,-6.186735817163006,0.001038757894537088,244.6092903064492,0.004071507224959975,0.0020567354366887365,0.0010387613698121698
0.3700000000000001,0.0024164769871332457,-6.025444589946809,0.001365032886122354,232.76408467684186,0.0042778171051486005,0.0024165708112613804,0.001365034479864845
0.3799999999999999,0.0028057983937923806,-5.876067148139535,0.0017735778933876652,224.28762795428963,0.004438770158310237,0.0028058343249626524,0.0017735784903048335
0.3900000000000001,0.0032237413842815137,-5.73721267334879,0.002278265651130816,218.2219182058188,0.004561587674190222,0.003223753643553928,0.0022782658280428875
0.3999999999999999,0.0036703206897673673,-5.607476239325189,0.002894205006654261,213.8430290168967,0.0046545610745478425,0.0036703253858510376,0.002894205047051605
0.41000000000000014,0.0041459824776933114,-5.485615491293613,0.003637827648261456,210.63485491079172,0.00472511959535928,0.004145985254651011,0.0036378276555446777
0.41999999999999993,0.004651300858773668,-5.370608343931904,0.0045269192644617744,208.24442012632935,0.004779099960688363,0.004651303159928627,0.004526919265925391
0.43000000000000016,0.005186806045482987,-5.261637176738634,0.0055805913129956496,206.43412416151392,0.0048208075891186175,0.005186808143138386,0.005580591313698147
0.43999999999999995,0.00575291301346476,-5.158048941419575,0.006819201590651872,205.04302372976335,0.004853355293948484,0.005752914956172699,0.006819201591234589
0.4500000000000002,0.006349893332677984,-5.059317264222092,0.008264229032041218,203.96017568685141,0.004878996598479945,0.006349895139006605,0.008264229032564114
0.45999999999999996,0.006977858879058013,-4.9650131601168095,0.00993810287256305,203.10757551566286,0.004899377191040426,0.006977860563357495,0.009938102873036116
0.4700000000000002,0.0076367480002395545,-4.874783420839171,0.011863983969728641,202.42935939950462,0.004915711296303847,0.007636749575019489,0.011863983970158275
0.48,0.00832631253728885,-4.7883345934062,0.014065496060147821,201.88485842948919,0.004928904048044281,0.008326314013560465,0.014065496060539414
0.4900000000000002,0.009046105696937494,-4.705420923610767,0.016566405622969002,201.4440304259754,0.004939636885789303,0.009046107084418558,0.016566405623327177
0.5,0.00979547096509769,-4.625835146546783,0.019390250253039743,201.08439144303708,0.004948427698246437,0.009795472272384538,0.019390250253368484
0.5100000000000002,0.010573532267457992,-4.549401356357757,0.02255991689008621,200.78891512510597,0.004955673602685339,0.01057353350217236,0.022559916890388942
0.52,0.011379185581439816,-4.47596941862348,0.026097172867701808,200.54456989656282,0.004961681679209826,0.01137918675035454,0.026097172867981508
0.5300000000000002,0.012211092198356198,-4.405410543725214,0.030022154504099494,200.3412845038496,0.004966691269821914,0.012211093307503003,0.030022154504358727
0.54,0.013067673825676756,-4.337613745328555,0.03435281981199524,200.17120618478947,0.004970890312609807,0.013067674880438933,0.03435281981223625
0.5500000000000003,0.013947109706808514,-4.272482981657559,0.0391043738042576,200.02816187381225,0.004974427416929334,0.013947110712000737,0.03910437380448234
0.56,0.014847335919725466,-4.209934829172503,0.044288676752485566,199.90726229248202,0.004977420868660257,0.01484733687966276,0.044288676752695745
0.5699999999999998,0.015766046996180748,-4.1498965754925425,0.04991364754733032,199.80460790918195,0.0049799654022494875,0.015766047914738113,0.049913647547527445
0.5800000000000001,0.01670069998022816,-4.092304645454114,0.05598267593639548,199.71706839807797,0.004982137333815183,0.01670070086089228,0.05598267593658087
0.5899999999999999,0.017648521018569473,-4.0371032940957265,0.06249405879933867,199.64211571543711,0.004983998481247381,0.01764852186448366,0.06249405879951346
0.6000000000000001,0.018606514546095965,-3.9842435151704767,0.06944047668184442,199.57769668993924,0.00498559917928382,0.018606515360099263,0.06944047668200967
0.6099999999999999,0.019571475098249795,-3.933682124929315,0.07680852747556292,199.52213500975952,0.004986980614141823,0.019571475882911117,0.07680852747571952
0.6200000000000001,0.020540001747910902,-3.885380989383827,0.08457833433235631,199.4740552726828,0.004988176642807021,0.02054000250555886,0.08457833433250508
0.6299999999999999,0.021508515128885047,-3.839306369750331,0.09272324458164302,199.43232373138423,0.004989215219298569,0.02150851586163405,0.09272324458178469
0.6400000000000001,0.022473276971273024,-3.7954283658003236,0.10120963553747621,199.39600176923005,0.00499011951920862,0.022473277681046216,0.1012096355376114
0.6499999999999999,0.023430412036610913,-3.7537204407608558,0.10999684161324941,199.3643091535017,0.004990908831142612,0.023430412725160322,0.10999684161337869
0.6600000000000001,0.024375932303320094,-3.714159014488338,0.11903721510359122,199.33659484894793,0.004991599266993589,0.02437593297224437,0.11903721510371514
0.6699999999999999,0.025305763216330157,-3.6767231140781655,0.12827633036477756,199.31231371475346,0.004992204330603505,0.025305763867090242,0.12827633036489655
0.6800000000000002,0.026215771779414157,-3.6413940730166283,0.13765333797084892,199.29100780773499,0.004992735375119428,0.026215772413347084,0.13765333797096344
0.69,0.027101796235458154,-3.6081552715417966,0.14710147181064126,199.27229131264735,0.004993201972403105,0.027101796853789363,0.14710147181075164
0.7000000000000002,0.027959677049239413,-3.5769919121396216,0.15654870811273622,199.25583834438166,0.004993612212595228,0.02795967765309357,0.15654870811284283
0.71,0.02878528887992667,-3.5478908251247443,0.16591857115355285,199.24137303618122,0.004993972947934751,0.028785289470337344,0.16591857115365602
0.7200000000000002,0.02957457320703725,-3.520840300091221,0.17513107604927636,199.22866145693717,0.004994289991870461,0.029574573784955507,0.17513107604937622
0.73,0.03032357125451082,-3.495829939705115,0.18410379469928878,199.21750499940293,0.004994568282143872,0.030323571820812883,0.18410379469938573
0.7400000000000002,0.031028456843361578,-3.472850532877992,0.19275302679010242,199.20773495731447,0.004994812014696666,0.031028457398855677,0.19275302679019662
0.75,0.031685568794424475,-3.451893944831584,0.20099505393950443,199.1992080684396,0.004995024753834903,0.03168556933985694,0.20099505393959613
0.7600000000000002,0.032291442499320124,-3.432953021957369,0.20874745171188433,199.1918028466314,0.004995209522969871,0.03229144303538093,0.20874745171197367
0.77,0.03284284028011552,-3.4160215097055553,0.21593043150779317,199.1854165620828,0.004995368879380249,0.03284284080744313,0.21593043150788035
0.7800000000000002,0.03333678016635138,-3.4010939820175414,0.22246818234695073,199.17996275750195,0.004995504975747249,0.03333678068553725,0.2224681823470359
0.79,0.03377056273211916,-3.388165781053994,0.22829018142410093,199.17536921057405,0.004995619610662749,0.03377056324371163,0.22829018142418436
0.8000000000000003,0.03414179565557573,-3.377232966174879,0.23333244209301296,199.17157627122037,0.004995714269867469,0.03414179616008365,0.23333244209309467
0.81,0.034448415688439364,-3.3682922713045302,0.23753866866460627,199.16853551678554,0.004995790159618483,0.03444841618633536,0.23753866866468631
0.8199999999999998,0.0346887077532728,-3.361341069969251,0.2408612890946207,199.16620868022412,0.004995848233292722,0.034688708244996196,0.24086128909469934
0.8300000000000001,0.034861320921275106,-3.3563773474315863,0.24326233925179372,199.16456681620312,0.004995889212091313,0.034861321407234545,0.2432623392518711
0.8399999999999999,0.034965281062335964,-3.353399679467768,0.24471417593055358,199.16358967830277,0.004995913600506324,0.03496528154291183,0.24471417593062958
0.8500000000000001,0.03500000000162306,-3.35240721744635,0.2452000000000195,199.16326528757398,0.004995921697037181,0.03500000047716969,0.24520000000009437
0.8599999999999999,0.034965281062281355,-3.3533996794693293,0.24471417593055292,199.16358967892745,0.004995913600490732,0.034965281533128965,0.24471417593062664
0.8700000000000001,0.03486132092116555,-3.3563773474347287,0.24326233925179236,199.16456681746013,0.00499588921205994,0.034861321387622136,0.2432623392518651
0.8799999999999999,0.034688707753107645,-3.3613410699740123,0.24086128909461874,199.1662086821285,0.004995848233245191,0.03468870821546055,0.24086128909469057
0.8900000000000001,0.034448415688217604,-3.3682922713109673,0.23753866866460344,199.1685355193603,0.004995790159554222,0.03444841614673507,0.23753866866467432
0.8999999999999999,0.034141795655296014,-3.3772329661830716,0.23333244209300938,199.1715762744972,0.004995714269785689,0.034141796110228564,0.2333324420930795
0.9100000000000001,0.03377056273177978,-3.3881657810640435,0.22829018142409666,199.17536921459367,0.0049956196105624346,0.033770563183361475,0.22829018142416593
0.9199999999999999,0.033336780165950236,-3.4010939820295745,0.2224681823469456,199.1799627623149,0.004995504975627142,0.033336780614399826,0.22246818234701415
0.9300000000000002,0.03284284027965011,-3.416021509719726,0.21593043150778732,199.18541656775102,0.004995368879238807,0.03284284072517212,0.21593043150785518
0.94,0.03229144249878753,-3.4329530219738627,0.20874745171187764,199.19180285322867,0.004995209522805255,0.03229144294157324,0.20874745171194495
0.9500000000000002,0.03168556879382128,-3.4518939448506214,0.20099505393949685,199.19920807605445,0.00499502475364491,0.03168556923404961,0.2009950539395635
0.96,0.031028456842683877,-3.4728505328998334,0.19275302679009398,199.20773496605128,0.004994812014478699,0.031028457280522257,0.19275302679016015
0.9700000000000002,0.03032357125375414,-3.4958299397300685,0.18410379469927926,199.21750500938484,0.004994568281894866,0.030323571689359247,0.18410379469934493
0.98,0.02957457320619654,-3.5208403001196475,0.17513107604926578,199.22866146830881,0.0049942899915868194,0.02957457363971499,0.17513107604933098
0.9900000000000002,0.02878528887899619,-3.547890825157069,0.1659185711535412,199.24137304911267,0.004993972947612243,0.028785289310565267,0.165918571153606
1.0,0.027959677048212683,-3.576991912176344,0.1565487081127233,199.2558383590727,0.00499361221222889,0.027959677477960892,0.1565487081127877
1.0100000000000002,0.02710179623432787,-3.608155271583502,0.14710147181062713,199.27229132933286,0.004993201971987101,0.027101796662375523,0.14710147181069114
1.02,0.026215771778172085,-3.6413940730640073,0.13765333797083334,199.29100782669144,0.004992735374646892,0.026215772204631824,0.137653337970897
1.0300000000000002,0.025305763214967032,-3.676723114132032,0.12827633036476058,199.31231373630703,0.004992204330066344,0.02530576363994433,0.1282763303648239
1.04,0.02437593230182546,-3.714159014549654,0.11903721510357256,199.3365948734842,0.004991599266382242,0.02437593272541907,0.11903721510363553
1.0500000000000003,0.023430412034972994,-3.7537204408307616,0.10999684161322891,199.36430918147758,0.004990908830445755,0.023430412457275358,0.10999684161329161
1.06,0.022473276969478557,-3.7954283658801726,0.10120963553745381,199.3960018011885,0.004990119518412813,0.02247327739057624,0.10120963553751627
1.0700000000000003,0.02150851512691903,-3.8393063698417373,0.09272324458161857,199.432323767973,0.004989215218387792,0.02150851554689305,0.09272324458168077
1.08,0.02054000174575635,-3.885380989488722,0.08457833433232943,199.4740553146767,0.004988176641762133,0.02054000216468254,0.08457833433239141
1.0899999999999999,0.019571475095887546,-3.9336821250500136,0.07680852747553377,199.52213505808888,0.004986980612939873,0.01957147551383687,0.07680852747559551
1.1,0.01860651454350413,-3.9842435153097737,0.06944047668181212,199.57769674572575,0.004985599177897179,0.018606514960543018,0.06944047668187367
1.1099999999999999,0.017648521015723336,-4.037103294256994,0.06249405879930349,199.64211578003838,0.004983998479642671,0.017648521431913918,0.06249405879936485
1.12,0.016700699977099373,-4.092304645641459,0.05598267593635641,199.71706847314442,0.004982137331951907,0.01670070039249977,0.0559826759364176
1.13,0.01576604699273712,-4.149896575710963,0.04991364754728757,199.80460799672966,0.0049799654000783,0.015766047407401704,0.04991364754734859
1.1400000000000001,0.01484733591592997,-4.209934829428137,0.044288676752438166,199.90726239498477,0.004977420866120781,0.014847336329909562,0.044288676752499034
1.15,0.01394710970261877,-4.272482981957961,0.039104373804205214,200.0281619943216,0.004974427413947339,0.01394711011596089,0.03910437380426594
1.1600000000000001,0.013067673821043959,-4.337613745683078,0.034352819811937274,200.17120632708986,0.004970890309093599,0.013067674233793026,0.03435281981199788
1.17,0.012211092193224011,-4.405410544145503,0.030022154504035198,200.34128467266143,0.00496669126565766,0.012211092605421517,0.030022154504095677
1.1800000000000002,0.011379185575743052,-4.47596941912411,0.026097172867630327,200.5445700978094,0.00496168167425548,0.011379185987427765,0.026097172867690692
1.19,0.010573532261120998,-4.549401356957083,0.022559916890006606,200.7889153662687,0.004955673596762696,0.010573532672329123,0.022559916890066863
1.2000000000000002,0.009795470958032388,-4.625835147268066,0.01939025025295087,201.08439173363067,0.00494842769113069,0.009795471368797715,0.01939025025301103
1.21,0.00904610568904102,-4.705420924483681,0.016566405622869502,201.4440307781921,0.004939636877195211,0.00904610609939509,0.016566405622929575
1.2200000000000002,0.008326312528440698,-4.788334594468873,0.014065496060036122,201.88485885907872,0.0049289040376077915,0.008326312938412949,0.014065496060096112
1.23,0.007636747990298108,-4.874783422140962,0.01186398396960292,202.42935992699373,0.004915711283557485,0.007636748399915992,0.011863983969662829
1.2400000000000002,0.006977858867856265,-4.965013161722137,0.009938102872421115,203.10757616806677,0.00489937717538019,0.00697785927714543,0.009938102872480955
1.25,0.0063498933200183206,-5.059317266215773,0.008264229031880458,203.96017650011495,0.004878996579120526,0.0063498937290057626,0.008264229031940311
1.2600000000000002,0.005752912999112557,-5.158048943914347,0.006819201590469199,205.04302475230435,0.004853355269862472,0.00575291340793144,0.006819201590531653
1.27,0.0051868060291586915,-5.261637179885907,0.005580591312787373,206.43412545947584,0.004820807558953742,0.0051868064401457475,0.005580591312903667
1.2800000000000002,0.004651300840142991,-5.370608347937381,0.004526919264223447,208.24442179156057,0.004779099922654822,0.004651301283273504,0.004526919265024621
1.29,0.004145982456355083,-5.485615496440338,0.0036378276479877535,210.6348570733212,0.004725119547077014,0.004145983182617773,0.0036378276545200837
1.3000000000000003,0.003670320665238357,-5.607476246008259,0.0028942050063387233,213.84303186509572,0.0046545610128417856,0.0036703230934384315,0.002894205045882212
1.31,0.0032237413559774806,-5.73721268212866,0.002278265650765611,218.22192202015796,0.004561587594821141,0.003223751101901356,0.0022782658267035405
1.3200000000000003,0.0028057983610043015,-5.8760671598253635,0.0017735778929632556,224.2876331657246,0.004438770055631001,0.002805831500664214,0.0017735784887652612
1.33,0.002416476948997362,-6.0254446057284134,0.001365032885627067,232.76409197036793,0.004277816971679126,0.0024165676655436095,0.0013650344780884696
1.3399999999999999,0.0020565286502736806,-6.186735838820851,0.0010387578939566045,244.60930080793227,0.004071507050875101,0.0020567319244224756,0.0010387613677546525
1.35,0.0017275843425389069,-6.36103118004747,0.0007820073543566878,261.0187188444004,0.0038165212180655277,0.0017279672398427242,0.0007820137287551024
1.3599999999999999,0.001431820303435328,-6.548808704745607,0.0005830889187824273,283.4184432755752,0.0035159463939231687,0.0014324426613824479,0.0005830990277441421
1.37,0.001171217337078677,-6.749711612033218,0.00043136906199153975,313.4662263943013,0.003179991732231763,0.0011721112032624505,0.0004313832527505709
1.38,0.0009467375933489224,-6.962488595732007,0.0003173545325120399,353.0670073519336,0.002824324151179738,0.0009478961710323006,0.0003173725411066865
1.3900000000000001,0.0007577949613446177,-7.185097708458862,0.00023279838348819648,404.3932691954197,0.002466740510972693,0.000759175357760672,0.00023281942637279704
1.4,0.0006022005416248402,-7.414920042506815,0.00017076649526916117,469.8909910073728,0.0021236337477187855,0.0006037367463460022,0.00017078949826055195
1.4100000000000001,0.0004765133503292697,-7.649014817782395,0.00012562403180573037,552.2514774195481,0.0018074963028822937,0.00047813227221736473,0.00012564787921147947
1.42,0.0003765870511908447,-7.884361325787353,9.29381074677907e-05,654.334540507495,0.0015259381860531782,0.00037822166989029296,9.296182760601831e-05
1.4300000000000002,0.0002981074600536478,-8.11805653225407,6.932031856251523e-05,779.0363856899819,0.0012819914793018906,0.00029970448829032124,6.9343177941055e-05
1.44,0.0002369983436078721,-8.347457405849886,5.2242332137878736e-05,929.1049046354475,0.0010751475398271852,0.00023852065925877923,5.2263851755096315e-05
1.4500000000000002,0.00018966142795333747,-8.570270033520178,3.985332440803416e-05,1106.915204196492,0.0009025961519548271,0.00019108692494476846,3.98732478311423e-05
1.46,0.00015307325309950494,-8.784593972721524,3.0817655755138585e-05,1314.2277874721829,0.0007603245685083656,0.00015439191317775556,3.0835896921618694e-05
1.4700000000000002,0.000124783259010446,-8.988932253571365,2.4180907371780613e-05,1551.9588401859946,0.0006439320696228061,0.00012599378649289262,2.4197497008127534e-05
1.48,0.00010285637226128154,-9.182176986941759,1.926509003826587e-05,1819.9945150279257,0.0005491504734074746,0.00010396315700353049,1.9280130319967574e-05
1.4900000000000002,8.57924953163343e-05,-9.363579022471425,1.5589798162118205e-05,2117.0777260496375,0.00047212620561619785,8.680321561324894e-05,1.56034286676611e-05
1.5,7.244315940209558e-05,-9.532708311845798,1.2814525717272061e-05,2440.7869697515753,0.00040953613578408884,7.336706030624178e-05,1.2826900090980126e-05
1.5100000000000002,6.193593903228221e-05,-9.689409948495873,1.0697291312005342e-05,2787.613784854164,0.000358601110498454,6.278269000930429e-05,1.0708562556232732e-05
1.52,5.361083173600649e-05,-9.83375942567688,9.065356110887834e-06,3153.131377746538,0.00031704449822709917,5.438982711422637e-05,9.075668166004698e-06
1.5300000000000002,4.6969151972877395e-05,-9.966019512742873,7.794673243306197e-06,3532.234609724808,0.0002830267758748935,4.76891239512148e-05,7.80415681725456e-06
1.54,4.163371455793939e-05,-10.086600272826857,6.795529151343771e-06,3919.423277442676,0.00025507449814253427,4.23025532172324e-05,6.80430023818429e-06
1.5500000000000003,3.731843590440608e-05,-10.196023093249085,6.002524861981467e-06,4309.097564326873,0.00023201330946116865,3.7943138217888055e-05,6.010684847137641e-06
1.56,3.3805429608543285e-05,-10.294889129070398,5.367578025823665e-06,4695.836554433868,0.0002129092610335756,3.439212352434949e-05,5.375214646879348e-06
1.5700000000000003,3.092788881211825e-05,-10.38385223056043,4.855020546009195e-06,5074.636611936744,0.00019701962068132051,3.1481896993753165e-05,4.8622092470793644e-06
1.58,2.8557350240121645e-05,-10.463596203504327,4.43814918760484e-06,5441.094526188535,0.00018375278032893103,2.9083271280954863e-05,4.444954591823246e-06
1.5899999999999999,2.659423459615993e-05,-10.534816110174372,4.096785226929193e-06,5791.528853876741,0.00017263617069956144,2.709602851974305e-05,4.10326257261225e-06
1.6,2.4960818136486446e-05,-10.598203237096126,3.815537117334418e-06,6123.040450317526,0.00016329088746436203,2.5441888817381568e-05,3.821733580883427e-06
1.6099999999999999,2.3596000824874168e-05,-10.654433316865225,3.582555163652768e-06,6433.518901518205,0.00015541177441627424,2.4059271634554115e-05,3.588511035765871e-06
1.62,2.2451400054195397e-05,-10.704157582504685,3.3886324024288456e-06,6721.605125837077,0.00014875185754354168,2.289938127196672e-05,3.3943821112444906e-06
1.63,2.1488422751333975e-05,-10.747996244543433,3.2265505822535087e-06,6986.621926357317,0.0001431102040921818,2.192327046461683e-05,3.2321235719750844e-06
1.6400000000000001,2.067606088516999e-05,-10.78653400590808,3.0906008080629893e-06,7228.484136032181,0.0001383224558189346,2.1099627871433904e-05,3.0960222862099382e-06
1.65,1.9989223342776105e-05,-10.820317262494074,2.976229511982866e-06,7447.5987168416395,0.00013425343987708075,2.040310267398761e-05,2.981521081402112e-06
1.6600000000000001,1.9407466903316844e-05,-10.849852674023339,2.879774983219779e-06,7644.763253648161,0.00013079138953496264,1.981302914582747e-05,2.8849551763752584e-06
1.67,1.891402537578753e-05,-10.875606827731401,2.7982697987078433e-06,7821.069141579903,0.00012784341098243218,1.931245027454983e-05,2.8033545279944934e-06
1.6800000000000002,1.8495062476832245e-05,-10.898006754646511,2.7292915487183984e-06,7977.813705098806,0.00012533191486360396,1.8887365919925383e-05,2.7342944864343398e-06
1.69,1.813909338199588e-05,-10.917441093468065,2.670849201207735e-06,8116.423693632087,0.0001231917955427748,1.852615036122022e-05,2.675782100970771e-06
1.7000000000000002,1.7836534047248718e-05,-10.934261729549927,2.6212959445368693e-06,8238.391160924082,0.00012136819098267521,1.8219098240699958e-05,2.6261689136919723e-06
1.71,1.7579347791864995e-05,-10.948785765834296,2.5792618337077112e-06,8345.221669221679,0.0001198146945566633,1.7958068299454488e-05,2.5840835647292514e-06
1.7200000000000002,1.7360766289445255e-05,-10.961297708609182,2.5436013443968463e-06,8438.394034953666,0.0001184919196636954,1.773620196727512e-05,2.548379312028029e-06
1.73,1.7175067775294915e-05,-10.972051773703827,2.5133522212448236e-06,8519.330395201849,0.0001173663406953258,1.7547699542163867e-05,2.5180928509632177e-06
1.7400000000000002,1.7017399482777848e-05,-10.981274238339099,2.487702937099813e-06,8589.37516108529,0.00011640935130866416,1.7387640910300154e-05,2.492411749499076e-06
1.75,1.6883634457042344e-05,-10.989165780536485,2.4659667592224914e-06,8649.781374219945,0.00011559649432132039,1.7251840902695405e-05,2.470648494082159e-06
1.7600000000000002,1.6770255243071488e-05,-10.995903762026051,2.4475609176267253e-06,8701.703042573004,0.00011490682781063205,1.713673174200106e-05,2.452219640778018e-06
1.77,1.6674258710997907e-05,-11.001644422263313,2.4319897396768334e-06,8746.192159308728,0.00011432239989558294,1.703926680651387e-05,2.4366289352360936e-06
1.7800000000000002,1.6593077614446864e-05,-11.006524960753017,2.4188308892457227e-06,8784.199270126837,0.00011382781075898834,1.6956841277690935e-05,2.4234535393508126e-06
1.79,1.652451548698374e-05,-11.010665492657347,2.407724053506625e-06,8816.576627938117,0.00011340984515309372,1.688722625214002e-05,2.4123327073379093e-06
1.8000000000000003,1.6466692248377972e-05,-11.014170868894492,2.398361574046397e-06,8844.083143157957,0.00011305716224652359,1.6828513670067224e-05,2.4029584076255462e-06
1.81,1.6417998476316712e-05,-11.017132356843861,2.3904806346907004e-06,8867.390494069,0.0001127600324623481,1.6779069999637522e-05,2.395067502716559e-06
1.8200000000000003,1.637705674507896e-05,-11.019629181577411,2.383856705898191e-06,8887.089899742767,0.00011251011311541092,1.6737497065453616e-05,2.3884351866872442e-06
1.83,1.634268877398798e-05,-11.021729930417905,2.3782980119236783e-06,8903.699176101105,0.00011230025632801297,1.6702598752977493e-05,2.3828694463655455e-06
1.8399999999999999,1.6313887390383456e-05,-11.023493825746495,2.3736408374338963e-06,8917.669794049567,0.00011212434399883136,1.6673352584497146e-05,2.3782063627430588e-06
1.85,1.6289792513413452e-05,-11.024971872484018,2.369745528803097e-06,8929.393738652947,0.00011197714560689002,1.6648885365294896e-05,2.3743061077396386e-06
1.8599999999999999,1.6269670520564995e-05,-11.026207887671935,2.3664930748435777e-06,8939.21003206324,0.00011185419541751167,1.6628452255489217e-05,2.371049520986296e-06
1.87,1.6252896479471122e-05,-11.027239420181731,2.3637821744428047e-06,8947.410832663887,0.00011175168627146124,1.6611418744614142e-05,2.3683351740213835e-06
1.88,1.6238938821483627e-05,-11.028098568870425,2.361526716133567e-06,8954.247060904167,0.00011166637762186261,1.6597245100738005e-05,2.3660768468621844e-06
1.8900000000000001,1.6227346107117022e-05,-11.028812707545963,2.3596536082698858e-06,8959.933530697868,0.00011159551586609313,1.6585472940186923e-05,2.3642013555685235e-06
1.9,1.621773559157328e-05,-11.029405124967752,2.358100909157556e-06,8964.65358591038,0.00011153676532534234,1.6575713622572276e-05,2.3626466800999833e-06
1.9100000000000001,1.620978334480316e-05,-11.029895587833266,2.3568162149112404e-06,8968.563256004263,0.00011148814847039467,1.6567638222516437e-05,2.3613603501964167e-06
1.92,1.6203215717735782e-05,-11.03030083432987,2.3557552695132505e-06,8971.794954689254,0.00011144799419242183,1.6560968867019647e-05,2.3602980537206545e-06
1.9300000000000002,1.619780197651148e-05,-11.030635005393616,2.354880766940849e-06,8974.460751565053,0.00011141489308229994,1.6555471257934866e-05,2.3594224372984455e-06
1.94,1.6193347951372507e-05,-11.030910020339178,2.354161319614395e-06,8976.65525016087,0.00011138765881905313,1.6550948224114963e-05,2.358702073479281e-06
1.9500000000000002,1.6189690567508373e-05,-11.031135903026348,2.3535705710252025e-06,8978.458107167808,0.00011136529488363613,1.6547234168676524e-05,2.358110572252868e-06
1.96,1.6186693142509952e-05,-11.031321064224944,2.3530864334070326e-06,8979.93622762636,0.00011134696591251684,1.6544190294395905e-05,2.3576258177623276e-06
1.9700000000000002,1.6184241349849726e-05,-11.031472545342396,2.35269043384228e-06,8981.145669775224,0.00011133197309023656,1.6541700505200626e-05,2.357229313586463e-06
1.98,1.618223976047692e-05,-11.03159622819618,2.3523671543465074e-06,8982.133291559725,0.00011131973305345131,1.6539667894558922e-05,2.356905622117108e-06
1.9900000000000002,1.6180608885591135e-05,-11.03169701505243,2.3521037533217813e-06,8982.938168664938,0.00011130975984317193,1.6538011742691112e-05,2.356641885407009e-06
2.0,1.6179282653224586e-05,-11.031778982716983,2.351889557368672e-06,8983.592811586073,0.000111301649498289,1.653666495422689e-05,2.3564274164646504e-06
