x,iid_seed11_ei,iid_seed11_log_ei,iid_seed29_ei,iid_seed29_log_ei,iid_seed47_ei,iid_seed47_log_ei,iid_seed83_ei,iid_seed83_log_ei,qmc_seed11_ei,qmc_seed11_log_ei,qmc_seed29_ei,qmc_seed29_log_ei,qmc_seed47_ei,qmc_seed47_log_ei,qmc_seed83_ei,qmc_seed83_log_ei,high_budget_qmc_ei,high_budget_qmc_log_ei
-2.0,0.0,-inf,0.0,-inf,0.0,-inf,0.0,-inf,0.0,-inf,0.0,-inf,0.0,-inf,0.0,-inf,1.586563447484291e-05,-11.051355141617659
-1.99,0.0,-inf,0.0,-inf,0.0,-inf,0.0,-inf,0.0,-inf,0.0,-inf,0.0,-inf,0.0,-inf,1.586563447484291e-05,-11.051355141617659
-1.98,0.0,-inf,0.0,-inf,0.0,-inf,0.0,-inf,0.0,-inf,0.0,-inf,0.0,-inf,0.0,-inf,1.586563447484291e-05,-11.051355141617659
-1.97,0.0,-inf,0.0,-inf,0.0,-inf,0.0,-inf,0.0,-inf,0.0,-inf,0.0,-inf,0.0,-inf,1.586563447484291e-05,-11.051355141617659
-1.96,0.0,-inf,0.0,-inf,0.0,-inf,0.0,-inf,0.0,-inf,0.0,-inf,0.0,-inf,0.0,-inf,1.586563447484291e-05,-11.051355141617659
-1.95,0.0,-inf,0.0,-inf,0.0,-inf,0.0,-inf,0.0,-inf,0.0,-inf,0.0,-inf,0.0,-inf,1.586563447484291e-05,-11.051355141617659
-1.94,0.0,-inf,0.0,-inf,0.0,-inf,0.0,-inf,0.0,-inf,0.0,-inf,0.0,-inf,0.0,-inf,1.586563447484291e-05,-11.051355141617659
-1.93,0.0,-inf,0.0,-inf,0.0,-inf,0.0,-inf,0.0,-inf,0.0,-inf,0.0,-inf,0.0,-inf,1.586563447484291e-05,-11.051355141617659
-1.92,0.0,-inf,0.0,-inf,0.0,-inf,0.0,-inf,0.0,-inf,0.0,-inf,0.0,-inf,0.0,-inf,1.586563447484291e-05,-11.051355141617659
-1.91,0.0,-inf,0.0,-inf,0.0,-inf,0.0,-inf,0.0,-inf,0.0,-inf,0.0,-inf,0.0,-inf,1.586563447484291e-05,-11.051355141617659
-1.9,0.0,-inf,0.0,-inf,0.0,-inf,0.0,-inf,0.0,-inf,0.0,-inf,0.0,-inf,0.0,-inf,1.586563447484291e-05,-11.051355141617659
-1.89,0.0,-inf,0.0,-inf,0.0,-inf,0.0,-inf,0.0,-inf,0.0,-inf,0.0,-inf,0.0,-inf,1.586563447484291e-05,-11.051355141617659
-1.88,0.0,-inf,0.0,-inf,0.0,-inf,0.0,-inf,0.0,-inf,0.0,-inf,0.0,-inf,0.0,-inf,1.586563447484291e-05,-11.051355141617659
-1.87,0.0,-inf,0.0,-inf,0.0,-inf,0.0,-inf,0.0,-inf,0.0,-inf,0.0,-inf,0.0,-inf,1.586563447484291e-05,-11.051355141617659
-1.8599999999999999,0.0,-inf,0.0,-inf,0.0,-inf,0.0,-inf,0.0,-inf,0.0,-inf,0.0,-inf,0.0,-inf,1.586563447484291e-05,-11.051355141617659
-1.85,0.0,-inf,0.0,-inf,0.0,-inf,0.0,-inf,0.0,-inf,0.0,-inf,0.0,-inf,0.0,-inf,1.586563447484291e-05,-11.051355141617659
-1.84,0.0,-inf,0.0,-inf,0.0,-inf,0.0,-inf,0.0,-inf,0.0,-inf,0.0,-inf,0.0,-inf,1.586563447484291e-05,-11.051355141617659
-1.83,0.0,-inf,0.0,-inf,0.0,-inf,0.0,-inf,0.0,-inf,0.0,-inf,0.0,-inf,0.0,-inf,1.586563447484291e-05,-11.051355141617659
-1.82,0.0,-inf,0.0,-inf,0.0,-inf,0.0,-inf,0.0,-inf,0.0,-inf,0.0,-inf,0.0,-inf,1.586563447484291e-05,-11.051355141617659
-1.81,0.0,-inf,0.0,-inf,0.0,-inf,0.0,-inf,0.0,-inf,0.0,-inf,0.0,-inf,0.0,-inf,1.586563447484291e-05,-11.051355141617659
-1.8,0.0,-inf,0.0,-inf,0.0,-inf,0.0,-inf,0.0,-inf,0.0,-inf,0.0,-inf,0.0,-inf,1.586563447484291e-05,-11.051355141617659
-1.79,0.0,-inf,0.0,-inf,0.0,-inf,0.0,-inf,0.0,-inf,0.0,-inf,0.0,-inf,0.0,-inf,1.586563447484291e-05,-11.051355141617659
-1.78,0.0,-inf,0.0,-inf,0.0,-inf,0.0,-inf,0.0,-inf,0.0,-inf,0.0,-inf,0.0,-inf,1.586563447484291e-05,-11.051355141617659
-1.77,0.0,-inf,0.0,-inf,0.0,-inf,0.0,-inf,0.0,-inf,0.0,-inf,0.0,-inf,0.0,-inf,1.586563447484291e-05,-11.051355141617659
-1.76,0.0,-inf,0.0,-inf,0.0,-inf,0.0,-inf,0.0,-inf,0.0,-inf,0.0,-inf,0.0,-inf,1.586563447484291e-05,-11.051355141617659
-1.75,0.0,-inf,0.0,-inf,0.0,-inf,0.0,-inf,0.0,-inf,0.0,-inf,0.0,-inf,0.0,-inf,1.586563447484291e-05,-11.051355141617659
-1.74,0.0,-inf,0.0,-inf,0.0,-inf,0.0,-inf,0.0,-inf,0.0,-inf,0.0,-inf,0.0,-inf,1.586563447484291e-05,-11.051355141617659
-1.73,0.0,-inf,0.0,-inf,0.0,-inf,0.0,-inf,0.0,-inf,0.0,-inf,0.0,-inf,0.0,-inf,1.586563447484291e-05,-11.051355141617659
-1.72,0.0,-inf,0.0,-inf,0.0,-inf,0.0,-inf,0.0,-inf,0.0,-inf,0.0,-inf,0.0,-inf,1.586563447484291e-05,-11.051355141617659
-1.71,0.0,-inf,0.0,-inf,0.0,-inf,0.0,-inf,0.0,-inf,0.0,-inf,0.0,-inf,0.0,-inf,1.586563447484291e-05,-11.051355141617659
-1.7,0.0,-inf,0.0,-inf,0.0,-inf,0.0,-inf,0.0,-inf,0.0,-inf,0.0,-inf,0.0,-inf,1.586563447484291e-05,-11.051355141617659
-1.69,0.0,-inf,0.0,-inf,0.0,-inf,0.0,-inf,0.0,-inf,0.0,-inf,0.0,-inf,0.0,-inf,1.586563447484291e-05,-11.051355141617659
-1.68,0.0,-inf,0.0,-inf,0.0,-inf,0.0,-inf,0.0,-inf,0.0,-inf,0.0,-inf,0.0,-inf,1.586563447484291e-05,-11.051355141617659
-1.67,0.0,-inf,0.0,-inf,0.0,-inf,0.0,-inf,0.0,-inf,0.0,-inf,0.0,-inf,0.0,-inf,1.586563447484291e-05,-11.051355141617659
-1.66,0.0,-inf,0.0,-inf,0.0,-inf,0.0,-inf,0.0,-inf,0.0,-inf,0.0,-inf,0.0,-inf,1.586563447484291e-05,-11.051355141617659
-1.65,0.0,-inf,0.0,-inf,0.0,-inf,0.0,-inf,0.0,-inf,0.0,-inf,0.0,-inf,0.0,-inf,1.586563447484291e-05,-11.051355141617659
-1.6400000000000001,0.0,-inf,0.0,-inf,0.0,-inf,0.0,-inf,0.0,-inf,0.0,-inf,0.0,-inf,0.0,-inf,1.586563447484291e-05,-11.051355141617659
-1.63,0.0,-inf,0.0,-inf,0.0,-inf,0.0,-inf,0.0,-inf,0.0,-inf,0.0,-inf,0.0,-inf,1.586563447484291e-05,-11.051355141617659
-1.62,0.0,-inf,0.0,-inf,0.0,-inf,0.0,-inf,0.0,-inf,0.0,-inf,0.0,-inf,0.0,-inf,1.586563447484291e-05,-11.051355141617659
-1.6099999999999999,0.0,-inf,0.0,-inf,0.0,-inf,0.0,-inf,0.0,-inf,0.0,-inf,0.0,-inf,0.0,-inf,1.586563447484291e-05,-11.051355141617659
-1.6,0.0,-inf,0.0,-inf,0.0,-inf,0.0,-inf,0.0,-inf,0.0,-inf,0.0,-inf,0.0,-inf,1.586563447484291e-05,-11.051355141617659
-1.5899999999999999,0.0,-inf,0.0,-inf,0.0,-inf,0.0,-inf,0.0,-inf,0.0,-inf,0.0,-inf,0.0,-inf,1.5872741636855355e-05,-11.05090728240103
-1.58,0.0,-inf,0.0,-inf,0.0,-inf,0.0,-inf,0.0,-inf,0.0,-inf,0.0,-inf,0.0,-inf,1.588127198665748e-05,-11.050370005437653
-1.57,0.0,-inf,0.0,-inf,0.0,-inf,0.0,-inf,0.0,-inf,0.0,-inf,0.0,-inf,0.0,-inf,1.5889984679622938e-05,-11.049821541568226
-1.56,0.0,-inf,0.0,-inf,0.0,-inf,0.0,-inf,0.0,-inf,0.0,-inf,0.0,-inf,0.0,-inf,1.590393920179028e-05,-11.04894373088242
-1.55,0.0,-inf,0.0,-inf,0.0,-inf,0.0,-inf,0.0,-inf,0.0,-inf,0.0,-inf,0.0,-inf,1.5922087645704914e-05,-11.047803252621108
-1.54,0.0,-inf,0.0,-inf,0.0,-inf,0.0,-inf,0.0,-inf,0.0,-inf,0.0,-inf,0.0,-inf,1.594059343453536e-05,-11.046641656026981
-1.53,0.0,-inf,0.0,-inf,0.0,-inf,0.0,-inf,0.0,-inf,0.0,-inf,0.0,-inf,0.0,-inf,1.596641247170973e-05,-11.045023262694453
-1.52,0.0,-inf,0.0,-inf,0.0,-inf,0.0,-inf,0.0,-inf,0.0,-inf,0.0,-inf,0.0,-inf,1.600084243991773e-05,-11.042869184615729
-1.51,0.0,-inf,0.0,-inf,0.0,-inf,0.0,-inf,0.0,-inf,0.0,-inf,0.0,-inf,0.0,-inf,1.6044058634223732e-05,-11.040171955474282
-1.5,0.0,-inf,0.0,-inf,0.0,-inf,0.0,-inf,0.0,-inf,0.0,-inf,0.0,-inf,0.0,-inf,1.61014494656664e-05,-11.036601261102838
-1.49,0.0,-inf,0.0,-inf,0.0,-inf,0.0,-inf,0.0,-inf,0.0,-inf,0.0,-inf,0.0,-inf,1.618056841170134e-05,-11.031699516437929
-1.48,0.0,-inf,0.0,-inf,0.0,-inf,0.0,-inf,0.0,-inf,0.0,-inf,0.0,-inf,0.0,-inf,1.628463242047541e-05,-11.025288691153369
-1.47,0.0,-inf,0.0,-inf,0.0,-inf,0.0,-inf,0.0,-inf,0.0,-inf,0.0,-inf,0.0,-inf,1.642468251998111e-05,-11.016725322853096
-1.46,0.0,-inf,0.0,-inf,0.0,-inf,0.0,-inf,0.0,-inf,0.0,-inf,0.0,-inf,0.0,-inf,1.660794510002873e-05,-11.005629356620368
-1.45,0.0,-inf,0.0,-inf,0.0,-inf,0.0,-inf,0.0,-inf,0.0,-inf,0.0,-inf,0.0,-inf,1.685302493255141e-05,-10.99098039605824
-1.44,0.0,-inf,0.0,-inf,0.0,-inf,0.0,-inf,0.0,-inf,0.0,-inf,0.0,-inf,0.0,-inf,1.718484403774739e-05,-10.971482723191155
-1.43,0.0,-inf,0.0,-inf,0.0,-inf,0.0,-inf,0.0,-inf,0.0,-inf,0.0,-inf,0.0,-inf,1.7633868148767083e-05,-10.945689178430314
-1.42,0.0,-inf,0.0,-inf,0.0,-inf,0.0,-inf,0.0,-inf,0.0,-inf,0.0,-inf,0.0,-inf,1.8228453611861918e-05,-10.912526799428896
-1.4100000000000001,0.0,-inf,0.0,-inf,0.0,-inf,0.0,-inf,0.0,-inf,0.0,-inf,0.0,-inf,0.0,-inf,1.901246207591736e-05,-10.870415895072904
-1.4,0.0,-inf,0.0,-inf,0.0,-inf,0.0,-inf,0.0,-inf,0.0,-inf,0.0,-inf,0.0,-inf,2.0060871759321737e-05,-10.816739318781432
-1.3900000000000001,0.0,-inf,0.0,-inf,0.0,-inf,0.0,-inf,0.0,-inf,0.0,-inf,0.0,-inf,0.0,-inf,2.14558296552093e-05,-10.749514170717779
-1.38,0.0,-inf,0.0,-inf,0.0,-inf,0.0,-inf,0.0,-inf,0.0,-inf,0.0,-inf,0.0,-inf,2.3302102205874116e-05,-10.666966978034434
-1.37,0.0,-inf,0.0,-inf,0.0,-inf,0.0,-inf,0.0,-inf,0.0,-inf,0.0,-inf,0.0,-inf,2.5737236006914818e-05,-10.567571742800812
-1.3599999999999999,0.0,-inf,0.0,-inf,0.0,-inf,0.0,-inf,1.931690077570491e-05,-10.854530157384003,0.0,-inf,0.0,-inf,0.0,-inf,2.8940115990608635e-05,-10.45028182880046
-1.35,0.0,-inf,0.0,-inf,0.0,-inf,0.0,-inf,4.386584209324653e-05,-10.034374625184254,0.0,-inf,0.0,-inf,0.0,-inf,3.3118581371772837e-05,-10.315416062342447
-1.3399999999999999,0.0,-inf,0.0,-inf,0.0,-inf,0.0,-inf,6.859544136608661e-05,-9.5872844778299,0.0,-inf,0.0,-inf,0.0,-inf,3.8561642921999485e-05,-10.16325248223125
-1.33,0.0,-inf,0.0,-inf,0.0,-inf,0.0,-inf,9.349003190257191e-05,-9.277655738020634,0.0,-inf,0.0,-inf,0.0,-inf,4.561368403235909e-05,-9.995302798032533
-1.3199999999999998,0.0,-inf,0.0,-inf,0.0,-inf,0.0,-inf,0.00011853337262029578,-9.040316011550374,0.0,-inf,0.0,-inf,0.0,-inf,5.470469264975741e-05,-9.813561063372163
-1.31,1.4333554115764945e-05,-11.152907327631992,0.0,-inf,0.0,-inf,0.0,-inf,0.0001437086607329128,-8.847722497155328,0.0,-inf,0.0,-inf,1.2448636118255486e-05,-11.293899489788958,6.63534340464542e-05,-9.620515041985001
-1.2999999999999998,3.962343925367122e-05,-10.136089714462523,2.128177161532734e-05,-10.757659644356167,0.0,-inf,0.0,-inf,0.00016899854587081907,-8.685620447392898,1.954661246385714e-05,-10.842708562052863,0.0,-inf,3.7738521256161766e-05,-10.18482920119317,8.121148722380646e-05,-9.418453852528856
-1.29,6.501003901759863e-05,-9.640968853569664,5.440524168187256e-05,-9.819050054297982,0.0,-inf,0.0,-inf,0.0001943851456347463,-8.545669080201328,4.493321222778455e-05,-10.010333343385156,2.0849447994713873e-05,-10.77818308514361,6.312512102008923e-05,-9.67039175322066,0.00010005070860683775,-9.209833414432499
-1.28,9.047495596016933e-05,-9.310437475277014,0.00012014062643838826,-9.026847614319227,0.0,-inf,0.0,-inf,0.00021985006257731714,-8.422564777701075,7.039812917035527e-05,-9.561343869438106,4.6314364937284545e-05,-9.980058387167372,8.859003796265992e-05,-9.3314911450196,0.00012378734250299942,-8.996945444435147
-1.27,0.00011599929598623366,-9.061926435960519,0.00019671364651658115,-8.533761457667259,1.2755132017385241e-05,-11.269576856178258,0.0,-inf,0.0002453744026033816,-8.312725339997687,9.592246919641956e-05,-9.251970305328431,7.183870496334883e-05,-9.541087160812255,0.00011411437798872425,-9.078309296863996,0.0001535124737277542,-8.781728732168546
-1.26,0.00014156368815865136,-8.862760849148447,0.00027340682303383414,-8.204549677753807,3.831952418980286e-05,-10.169551021697501,0.0,-inf,0.0002709387947757989,-8.213617612128218,0.00012148686136883712,-9.015704437912884,9.740309713576661e-05,-9.236652549712847,0.00013967877016114166,-8.87616527060002,0.00019050949470702898,-8.56580852365776
-1.25,0.00016714830589186985,-8.696629080406066,0.0003501606762334903,-7.957118433870653,6.390414192302152e-05,-9.658126379854806,0.0,-inf,0.00030464355422069267,-8.096368139475903,0.0001713901835745623,-8.671567825467758,0.0001379859709135761,-8.888358538021352,0.00017458854131751774,-8.653078544905307,0.00023624894101956806,-8.350624474057323
-1.24,0.00019273288951137817,-8.554205319830142,0.00042691442709201445,-7.7589269697561365,8.948872554252968e-05,-9.321397912210399,1.9724032291399314e-05,-10.833672752440922,0.00035581272145970887,-7.941106028847521,0.00022971275772700215,-8.378680908988734,0.00021099200853711217,-8.46369029943715,0.0002310779232902109,-8.372755574064888,0.0002924363770144309,-8.137263429432647
-1.23,0.00024220825154996518,-8.325712658268046,0.0005285340947377929,-7.5454032424589474,0.0001150526061839169,-9.070121089119588,4.5287912932786485e-05,-10.002470383754584,0.00041955774087816143,-7.776309399387795,0.0003064043996511641,-8.090604761026112,0.00028768365046127366,-8.153649117449536,0.00030776956521437243,-8.086159219894125,0.0003609719172031267,-7.9267103943384125
-1.22,0.0003187746260011015,-8.051026206433216,0.0006306225940059747,-7.368802982116841,0.00014057473100096226,-8.869771317350263,7.081003774983196e-05,-9.555509791186315,0.0005013762415015537,-7.598153757683548,0.00039105250169878454,-7.846668731548587,0.0003677495794693936,-7.908108342006444,0.00038433593966550846,-7.86399354494961,0.00044397606150430936,-7.719739912516379
-1.21,0.00039515150194175026,-7.836241317379731,0.0007562733941284434,-7.1871076147129624,0.00019176138192803145,-8.559258761314094,9.626899639671482e-05,-9.248364239109648,0.0006032120760890856,-7.413241721429339,0.0004928883362863161,-7.61522790798126,0.00046958541405692526,-7.663660350288551,0.00047219641452668124,-7.658115526466041,0.0005438032615550626,-7.5169230280732195
-1.2,0.0004712736589870545,-7.6600716157152045,0.0009192256391804026,-6.991978938889657,0.00031144840603266233,-8.074276864168812,0.00012164304874514971,-9.014419631796478,0.0007297979728318702,-7.222742811669443,0.000606594193592362,-7.407650534809081,0.0005819495618451365,-7.449126777484663,0.0005788461315455792,-7.454473864334645,0.000663008532613288,-7.318722698157925
-1.19,0.0005470749741306157,-7.510924700710575,0.0010960953745153784,-6.8160010736991525,0.0004540119660150847,-7.697387003408842,0.0001704419629369675,-8.677115712519232,0.0008700987569799111,-7.0469038389878325,0.0007461278120813638,-7.200613642568019,0.0007185046872533993,-7.238338328801339,0.0007251965306103492,-7.229067863140321,0.0008043158101583823,-7.1255185672060675
-1.18,0.0006224885119018861,-7.381785384571789,0.0013030768645177547,-6.643026992158916,0.0006716071792095288,-7.305836943107587,0.0002260554197318716,-8.394730368700982,0.0010256900997195912,-6.882389624915888,0.0009131749773030176,-6.998583044797698,0.0008730366582266665,-7.043533011910435,0.0008839318685978919,-7.03113057001865,0.0009705820339315115,-6.937614631434915
-1.17,0.0006974466177998507,-7.268084580817886,0.0016049103766252793,-6.434687364068135,0.0009115587933052105,-7.000354464219492,0.0003572032936970341,-7.937205488128087,0.001224740872560664,-6.705025989965163,0.001112478934882698,-6.801164479040048,0.0010561343442232415,-6.853139881881461,0.0010783861968772777,-6.832289617519752,0.0011647764140790455,-6.755226129628783
-1.1600000000000001,0.0007923557718505982,-7.140500060130987,0.0019422626747549808,-6.243901658344775,0.0011844849157698711,-6.73844726912793,0.0005280996145929543,-7.54622562805102,0.0014541792636119583,-6.533313617503434,0.0013414396210261902,-6.614011897664481,0.001260818109387751,-6.675994475553477,0.0013002359516180266,-6.645209529739368,0.0013899078530203316,-6.578517826828129
-1.15,0.0009228291123899932,-6.988066484275441,0.002300238657962268,-6.074742397098758,0.0014552385057249072,-6.532585470331918,0.0007250113163784354,-7.2293232944335735,0.001713886675139083,-6.368991578180786,0.0015998588927864776,-6.437839845633997,0.0014922242374999454,-6.507487495262938,0.0015544566526010004,-6.466629213961371,0.0016489690510612161,-6.40760500388813
-1.1400000000000001,0.001085940952904513,-6.825308430123041,0.0026905328366069845,-5.918016024460703,0.0017541123254522306,-6.34579234748611,0.0009238961308499721,-6.986910905141379,0.002007013225185294,-6.2111076196603525,0.0018960638980253272,-6.267975174227038,0.0017631316007945474,-6.340663732410953,0.0018535798447037173,-6.290636458500544,0.001944872482005466,-6.242558866011923
-1.13,0.0012999525150848706,-6.64542754203956,0.0030769269270687033,-5.783823931033192,0.0021038999775917283,-6.163962524404125,0.001169543677305569,-6.751141625646769,0.002349591064703228,-6.053513980988343,0.002234223328832185,-6.103861615188286,0.002078206079136534,-6.176250219356794,0.002188081660502616,-6.124730073134108,0.002280335846629237,-6.083432545710363
-1.12,0.0015742360679309216,-6.453985160607001,0.003475889933354341,-5.66190473682304,0.002509675691379982,-5.98760174080786,0.001474659240702163,-6.519328339133107,0.00272431836215526,-5.905537024486085,0.0026093371903525664,-5.948659039954799,0.002427872677029308,-6.020739846604153,0.00256669366542896,-5.965136719847637,0.0026578502688749273,-5.930237652529525
-1.1099999999999999,0.0019219710106417218,-6.25440405146052,0.003937735949258232,-5.537149353004596,0.0029807848743421015,-5.815568632491707,0.0017813596675630098,-6.330378348087858,0.0031419366675205125,-5.762915896092624,0.0030323440700759717,-5.798419338063824,0.002826053404816699,-5.868874097227907,0.0029911357116045065,-5.8121021270421975,0.003079578410498752,-5.782962571073734
-1.1,0.0023406931383530157,-6.057308180503553,0.004409747833095679,-5.423937771862189,0.0035308898236948963,-5.646205365101317,0.0020972760999123452,-6.1671158714888215,0.003618018740367887,-5.621828712263497,0.003500849128617919,-5.654749731734825,0.003274641047544707,-5.7215470197050005,0.0034598803349787477,-5.666521275776846,0.0035472641662504536,-5.641578629998117
-1.0899999999999999,0.0027771091936546347,-5.886344750705042,0.004935493149510623,-5.31130268211041,0.00413036540757815,-5.489389399511828,0.002423828133617988,-6.02240711526151,0.004132173419493335,-5.488951758737755,0.004023573777348217,-5.515584771936727,0.0037715915585972747,-5.580258202524245,0.003980843676637754,-5.526261503095464,0.00406219201911697,-5.5060325448789555
-1.08,0.003278427818927548,-5.720391294996013,0.005520792268902215,-5.199233902017105,0.004753728629510316,-5.348825994233289,0.002762558389336449,-5.891598075950252,0.004697897093695639,-5.360640297264663,0.0045962504034548785,-5.382514437569655,0.004318963808009059,-5.444739764754113,0.004547855631434847,-5.393099446905758,0.0046250841285768495,-5.376260718220622
-1.0699999999999998,0.0038711044490209214,-5.554215425311761,0.006160333717469773,-5.089624327990192,0.005434988336413076,-5.2148979044254204,0.0030955436728328178,-5.777791726613858,0.005307442340004604,-5.238645228316887,0.005207135462102044,-5.257725389756239,0.004911019494456828,-5.316273722383564,0.005167248374014211,-5.265414961543778,0.005236092831313734,-5.252179701658162
-1.06,0.00446316979990592,-5.411896047922527,0.006815010299211064,-4.988627702578574,0.006172877583778114,-5.087590166679355,0.003442771758864337,-5.671478388178235,0.00597176199012661,-5.120713254398357,0.005866296254880431,-5.1385318059721055,0.005547433606570664,-5.194419871400273,0.005828697308614639,-5.1449617497943105,0.005894724522935548,-5.133697476714815
-1.0499999999999998,0.005102021985161769,-5.278118350145622,0.007497267139843754,-4.893216706197055,0.006963366599439286,-4.96709221476825,0.0038300654114081954,-5.564873397238765,0.006682304540636077,-5.008292359816148,0.006578513538999431,-5.023946465092637,0.006237476698267504,-5.077179553660175,0.006534771269461102,-5.03061793336607,0.006599856218548346,-5.020707415255488
-1.04,0.005796145867273066,-5.15056208795407,0.008217394553230334,-4.801502084485068,0.007769502029153264,-4.857549205568427,0.004277503278106783,-5.454385785837779,0.007435245384102809,-4.901523695700337,0.007332313683744366,-4.915464167085091,0.0069702241211870445,-4.966107899606577,0.007287854111742298,-4.921546136823312,0.007349678024128113,-4.913098772957986
-1.03,0.006521296286010235,-5.032682105932295,0.0089923488875517,-4.711381186811285,0.008674256910089155,-4.747395615597485,0.0048050186097931494,-5.338094363561523,0.008233987466450583,-4.7994848778057815,0.008123923392437197,-4.812942065092162,0.007742548285127972,-4.861024409762068,0.00808125796406286,-4.818207729945708,0.008141733954235612,-4.810752105161618
-1.02,0.007298400270379043,-4.920100095886665,0.009800188909848491,-4.625353616976248,0.009588087547750606,-4.647233831480618,0.005392626115489865,-5.222722792771868,0.009056645591271794,-4.704256471273388,0.008959481309236853,-4.7150429432650665,0.008557196189677685,-4.760982690418878,0.008916879293253717,-4.719809248620162,0.008972934662569022,-4.713542492251958
-1.01,0.008066120711173097,-4.820082617211117,0.010633251626880735,-4.543769241881377,0.010575822854039008,-4.54918474582029,0.0060947820791710785,-5.10032227072073,0.009910716257204032,-4.61413865704578,0.009826609104355339,-4.622661358112007,0.009406847241389174,-4.666317424947478,0.00978387694624213,-4.627019457716205,0.009839620611391556,-4.621338124414158
-1.0,0.008898028378652854,-4.721925557273989,0.011455001189111462,-4.469328859269485,0.011570313520880698,-4.459312640401191,0.00685509592707907,-4.98276297232703,0.010792560601292486,-4.528898215420225,0.010734495589246579,-4.534292836249836,0.010295347510095523,-4.5760631838418195,0.010685612617119863,-4.538857057542936,0.01073757925613139,-4.534005610452775
-0.99,0.009772175971897275,-4.62821611798197,0.012349851392549654,-4.394111248972479,0.012570341867065845,-4.376415059688092,0.007640107343995763,-4.8743436256411865,0.011705563217653469,-4.447691061499021,0.011660262221997453,-4.451568609290585,0.011204510785668503,-4.491438833042182,0.011619056899414197,-4.455108692692603,0.0116621184279822,-4.451409431201819
-0.98,0.010672870680580825,-4.5400502076250895,0.013231059037670549,-4.325188255860127,0.013555535595324738,-4.300960284062228,0.00842157225029692,-4.776958740095649,0.012639708134046896,-4.370911981190866,0.01259302644168468,-4.374612075247722,0.012140139714894329,-4.411237984776619,0.012573371672006227,-4.376174060684478,0.012608132179351318,-4.373413262153221
-0.97,0.011569932924382102,-4.459345535167419,0.014177036011158927,-4.256131805738496,0.014551264414456743,-4.230077387803105,0.009252443816857692,-4.682867565934483,0.013588743518281996,-4.29851351143766,0.013540010481475753,-4.302106237386361,0.013084119282922515,-4.33635605264605,0.013541994862710238,-4.301959691278507,0.013570166369325823,-4.299881545127549
-0.96,0.012500419361166352,-4.381993086343325,0.015151039255226309,-4.189686151674767,0.015543540660373915,-4.164110118271716,0.010064926096973306,-4.598698562493265,0.014551494095644416,-4.230061603650713,0.014501384595592824,-4.233511144763197,0.014047403121907658,-4.26531773146672,0.014520787479911496,-4.232174036902421,0.014542510463070302,-4.230679162697388
-0.95,0.013437965648632496,-4.309671320773166,0.01612104550562571,-4.127629686337734,0.016511194220308,-4.103716690515926,0.010891307919492905,-4.519790246448949,0.015515517963660177,-4.165914596936493,0.015467244264215085,-4.169030764446253,0.015012918695588835,-4.198844202167191,0.015504054614406853,-4.16665370123887,0.015519269835307848,-4.165672812027877
-0.94,0.014376820802670947,-4.2421380357863665,0.017102598071522833,-4.068524893007142,0.017520151696124017,-4.044403535056809,0.011717806094891583,-4.4466457056247535,0.016481643021566572,-4.105508061559725,0.016432383142710557,-4.108501309203689,0.01598065360205023,-4.136376438225734,0.01648516484040304,-4.1052944030906,0.01649444382440159,-4.1047316926996
-0.9299999999999999,0.015291596983778915,-4.180451818204985,0.018075863677686696,-4.013177729080999,0.018521451088921892,-3.9888257002999237,0.012540654505447169,-4.378779551722552,0.017438917358684757,-4.049050940485293,0.017391880185932566,-4.051751837660329,0.01693636061021768,-4.0782924528504125,0.01745710575517129,-4.048008506619734,0.017461983010880838,-4.047729160513429
-0.9199999999999999,0.016198948012676517,-4.122808976341433,0.01900633988427644,-3.962982677354047,0.019521218739457145,-3.936253264523191,0.013342184402506521,-4.316824503586119,0.018383924404395263,-3.9962786699166513,0.018334775504606892,-3.9989557216239686,0.017884092344883813,-4.023843657076216,0.018414602236660388,-3.9946113292825296,0.018415874814271586,-3.994542224686901
-0.9099999999999999,0.017112477873755593,-4.067947381355661,0.019896730475046948,-3.9171998584863763,0.02051621286515022,-3.8865398339410806,0.01412899143210799,-4.25952646260335,0.019309686511301646,-3.9471484171995623,0.01926164900876049,-3.9496392579614907,0.01880674392218668,-3.973539754205358,0.01935228552798067,-3.9449447513402705,0.019350192361518102,-3.945052918392033
-0.8999999999999999,0.017997420192069395,-4.017526854020458,0.020745622861389295,-3.8754200009968294,0.021496831800769944,-3.8398497128105156,0.014906237293090383,-4.205975543349038,0.020209824424964072,-3.9015864351370473,0.020163916550190893,-3.9038605813246265,0.019705920756042213,-3.926836142401103,0.0202648226736921,-3.898868769313103,0.02025916596514063,-3.899147947586428
-0.8899999999999999,0.018842483457830014,-3.9716412001650383,0.021583366811787064,-3.8358323159465333,0.022428741585402395,-3.7974120361076227,0.015674056504896613,-4.155748385349884,0.02107962423862534,-3.859448380960008,0.021032906678687232,-3.8616670829988053,0.020578742643413486,-3.883496646486721,0.021146144778464247,-3.856297670082914,0.021137212509637113,-3.856720165813286
-0.8799999999999999,0.01965757236588081,-3.9292926527684435,0.022375749603396652,-3.7997775135546084,0.023315932979850112,-3.758618333230392,0.016429054609991382,-4.108703889063743,0.02191524514681889,-3.8205727589170793,0.021869902748548678,-3.82264389110039,0.02141037628868121,-3.8438796011645464,0.02199105306408426,-3.817119587245375,0.021978999924267738,-3.817667830392665
-0.8699999999999999,0.020433610358397147,-3.890574167292782,0.02312918857741437,-3.7666598843133117,0.024154127247380173,-3.723300012972748,0.017154782261781222,-4.065478295157915,0.022707467318073223,-3.785061451845873,0.022662213309790093,-3.787056353404126,0.022207370106287067,-3.8073310584296296,0.022793595386015112,-3.781275686604839,0.022779460665394255,-3.781895997038186
-0.8599999999999999,0.021151763058394026,-3.8560320172291376,0.023840685768030834,-3.7363616717611703,0.024937989805413896,-3.6913629432050876,0.017839776541313496,-4.026324677619848,0.023455551786202684,-3.752648062166017,0.023409281732390503,-3.7546226800350073,0.02295734470591795,-3.774117362915551,0.023552434821999212,-3.748526074394852,0.023533836138653653,-3.7493160577141236
-0.8499999999999999,0.02182181573981454,-3.8248450875657176,0.024506609825296545,-3.7088124090302923,0.02565724596274738,-3.6629292535848217,0.018473734243205822,-3.9914053263646965,0.024155527804300882,-3.7232420304878966,0.024106061673175215,-3.7252919484032945,0.023658288682354978,-3.7440417526186014,0.02426170341300511,-3.71885616305051,0.024237704296292652,-3.719845829514691
-0.8400000000000001,0.022443692050748233,-3.7967456819704584,0.025137438290858027,-3.683396978750307,0.02631448915709928,-3.6376355729774277,0.019067510694834037,-3.9597694030326833,0.024801019671345972,-3.6968705108763515,0.02475353663619382,-3.6987869057841993,0.02430034961446051,-3.717264541312774,0.024915740124365,-3.692255541715068,0.02488698892425669,-3.693410145241886
-0.8300000000000001,0.02300322666625079,-3.7721207830556955,0.025719694914858125,-3.6604982414693015,0.026908254625593826,-3.6153221760423135,0.019611441139688532,-3.931642151433932,0.025385501574827496,-3.6735770720689986,0.025340233468158658,-3.6753618907078045,0.024889122269060558,-3.693324427625382,0.025512924028421025,-3.668570130566025,0.025477979090214185,-3.669940764994534
-0.8200000000000001,0.02350378842909135,-3.750593661076351,0.026239027743805196,-3.640507368039156,0.0274338444765764,-3.5959778279448193,0.02009323183642257,-3.907372245177641,0.025910259780568077,-3.653116258191763,0.02586340907776923,-3.6549260861070008,0.02541529773523008,-3.672404013210711,0.026044770901439123,-3.647938264082486,0.026007333008257538,-3.6493767419469787
-0.81,0.02393882498165777,-3.7322536618589592,0.02669037816709285,-3.6234521467978595,0.02789063285677115,-3.5794643864287514,0.020514971015069237,-3.8866003659542434,0.02637248611766987,-3.6354340048026144,0.026324602796450953,-3.6372513095298347,0.025877524072331893,-3.6543804834650127,0.026512301562479135,-3.6301464437971727,0.026472100752239974,-3.6316639023773227
-0.8,0.024311679815736224,-3.7167983932579123,0.027074325584672307,-3.6091693955586983,0.0282783037403591,-3.565660420645226,0.020883538484287107,-3.8687940626874457,0.0267687610917343,-3.620519702246841,0.02672126956463481,-3.6222954177959172,0.026271768632856445,-3.6392603523565445,0.026913580734944192,-3.615124259738194,0.026869715688963566,-3.6167554373945805
-0.79,0.024619026885849955,-3.704235684358319,0.027391958160812534,-3.59750580644758,0.0285997176566915,-3.554358433348714,0.02118982703985092,-3.8542340690830037,0.027093956348258834,-3.608444588946953,0.027049887843661094,-3.6100724199584606,0.02659696388938098,-3.6269582092058474,0.02724261216250528,-3.6029729079332977,0.02719800275558608,-3.6046117364796135
-0.78,0.024863974267135835,-3.6943353397421013,0.027641025409841806,-3.5884541820066347,0.028850106546848005,-3.5456415929032015,0.021428432923411816,-3.843036597536199,0.02734976389690535,-3.5990473828056917,0.027306168237115427,-3.6006426595609615,0.02685119320968527,-3.6174450191753813,0.0275018383076085,-3.5935024289944093,0.02745518404100626,-3.595200274904391
-0.77,0.025040931580417616,-3.68724352975148,0.02782008935780552,-3.581996880493238,0.029029170494811712,-3.539454075421647,0.02159907033264782,-3.835105005373465,0.027533041114232878,-3.592368500464156,0.02749118741361196,-3.593889783353986,0.027034470427012833,-3.6106425447619652,0.02768890796014174,-3.5867233806361316,0.02763987409195616,-3.588495835376829
-0.76,0.025147190939048363,-3.683009080958796,0.02792761370880092,-3.5781393409564943,0.029136694845807113,-3.5357569079215905,0.021701534714184612,-3.8303722967805856,0.02764309544995757,-3.588379294676076,0.027602506741701317,-3.589848686408595,0.02714452476273754,-3.606579919137067,0.027801492280595756,-3.5826655805680994,0.027751084055935012,-3.5844803744739746
-0.75,0.0251826248955346,-3.681601010543551,0.027963469498102477,-3.576856281399829,0.029172550635108672,-3.534527058571792,0.02173570317222491,-3.8287990629954596,0.027680087872656675,-3.5870419736475094,0.027639628029448797,-3.588504737863209,0.027181224217669716,-3.605228830152426,0.02783903540115853,-3.581316092063064,0.02778821988772621,-3.583143093136668
-0.74,0.025147190939048363,-3.683009080958796,0.02792761370880092,-3.5781393409564943,0.029136694845807113,-3.5357569079215905,0.021701534714184612,-3.8303722967805856,0.02764309544995757,-3.588379294676076,0.027602506741701317,-3.589848686408595,0.02714452476273754,-3.606579919137067,0.027801492280595756,-3.5826655805680994,0.027751084055962324,-3.5844803744729905
-0.73,0.025040931580417616,-3.68724352975148,0.02782008935780552,-3.581996880493238,0.029029170494811712,-3.539454075421647,0.02159907033264782,-3.835105005373465,0.027533041114232878,-3.592368500464156,0.02749118741361196,-3.593889783353986,0.027034470427012833,-3.6106425447619652,0.02768890796014174,-3.5867233806361316,0.027639874092013655,-3.588495835374749
-0.72,0.024863974267135835,-3.6943353397421013,0.027641025409841806,-3.5884541820066347,0.028850106546848005,-3.5456415929032015,0.021428432923411816,-3.843036597536199,0.02734976389690535,-3.5990473828056917,0.027306168237115427,-3.6006426595609615,0.02685119320968527,-3.6174450191753813,0.0275018383076085,-3.5935024289944093,0.0274551840411,-3.595200274900977
-0.71,0.024619026885849955,-3.704235684358319,0.027391958160812534,-3.59750580644758,0.0285997176566915,-3.554358433348714,0.02118982703985092,-3.8542340690830037,0.027093956348258834,-3.608444588946953,0.027049887843661094,-3.6100724199584606,0.02659696388938098,-3.6269582092058474,0.02724261216250528,-3.6029729079332977,0.027198002755722275,-3.604611736474606
-0.7,0.024311679815736224,-3.7167983932579123,0.027074325584672307,-3.6091693955586983,0.0282783037403591,-3.565660420645226,0.020883538484287107,-3.8687940626874457,0.0267687610917343,-3.620519702246841,0.02672126956463481,-3.6222954177959172,0.026271768632856445,-3.6392603523565445,0.026913580734944192,-3.615124259738194,0.02686971568915463,-3.6167554373874697
-0.69,0.02393882498165777,-3.7322536618589592,0.02669037816709285,-3.6234521467978595,0.02789063285677115,-3.5794643864287514,0.020514971015069237,-3.8866003659542434,0.02637248611766987,-3.6354340048026144,0.026324602796450953,-3.6372513095298347,0.025877524072331893,-3.6543804834650127,0.026512301562479135,-3.6301464437971727,0.02647210075250091,-3.6316639023674657
-0.6799999999999999,0.02350378842909135,-3.750593661076351,0.026239027743805196,-3.640507368039156,0.0274338444765764,-3.5959778279448193,0.02009323183642257,-3.907372245177641,0.025910259780568077,-3.653116258191763,0.02586340907776923,-3.6549260861070008,0.02541529773523008,-3.672404013210711,0.026044770901439123,-3.647938264082486,0.026007333008611137,-3.6493767419333825
-0.6699999999999999,0.02300322666625079,-3.7721207830556955,0.025719694914858125,-3.6604982414693015,0.026908254625593826,-3.6153221760423135,0.019611441139688532,-3.931642151433932,0.025385501574827496,-3.6735770720689986,0.025340233468158658,-3.6753618907078045,0.024889122269060558,-3.693324427625382,0.025512924028421025,-3.668570130566025,0.025477979090690207,-3.66994076497585
-0.6599999999999999,0.022443692050748233,-3.7967456819704584,0.025137438290858027,-3.683396978750307,0.02631448915709928,-3.6376355729774277,0.019067510694834037,-3.9597694030326833,0.024801019671345972,-3.6968705108763515,0.02475353663619382,-3.6987869057841993,0.02430034961446051,-3.717264541312774,0.024915740124365,-3.692255541715068,0.0248869889248913,-3.6934101452163866
-0.6499999999999999,0.0218218157398145,-3.8248450875657194,0.02450660982529648,-3.708812409030295,0.025657245962747346,-3.662929253584823,0.01847373424320579,-3.9914053263646982,0.024155527804300837,-3.7232420304878984,0.024106061673175173,-3.7252919484032962,0.023658288682354946,-3.7440417526186027,0.024261703413005063,-3.718856163050512,0.024237704297137945,-3.719845829479816
-0.6399999999999999,0.021151763058393988,-3.8560320172291394,0.023840685768030802,-3.7363616717611716,0.02493798980541385,-3.6913629432050894,0.017839776541313464,-4.02632467761985,0.023455551786202643,-3.7526480621660188,0.02340928173239046,-3.754622680035009,0.022957344705917922,-3.774117362915552,0.02355243482199916,-3.7485260743948543,0.023533836139775853,-3.749316057666439
-0.6299999999999999,0.0204336103583971,-3.890574167292784,0.02312918857741434,-3.766659884313313,0.024154127247380128,-3.7233000129727496,0.01715478226178119,-4.0654782951579165,0.02270746731807319,-3.7850614518458743,0.022662213309790062,-3.7870563534041275,0.022207370106287018,-3.807331058429632,0.02279359538601507,-3.781275686604841,0.022779460666880354,-3.7818959969729473
-0.6199999999999999,0.01965757236588081,-3.9292926527684435,0.022375749603396652,-3.7997775135546084,0.023315932979850112,-3.758618333230392,0.016429054609991382,-4.108703889063743,0.02191524514681889,-3.8205727589170793,0.021869902748548678,-3.82264389110039,0.02141037628868121,-3.8438796011645464,0.02199105306408426,-3.817119587245375,0.02197899992623275,-3.817667830303261
-0.6099999999999999,0.01884248345782999,-3.9716412001650396,0.021583366811787033,-3.8358323159465346,0.022428741585402354,-3.7974120361076245,0.01567405650489658,-4.155748385349886,0.021079624238625295,-3.85944838096001,0.021032906678687187,-3.8616670829988076,0.02057874264341345,-3.883496646486723,0.02114614477846421,-3.856297670082916,0.021137212512229563,-3.8567201656906374
-0.5999999999999999,0.017997420192069395,-4.017526854020458,0.020745622861389295,-3.8754200009968294,0.021496831800769944,-3.8398497128105156,0.014906237293090383,-4.205975543349038,0.020209824424964072,-3.9015864351370473,0.020163916550190893,-3.9038605813246265,0.019705920756042213,-3.926836142401103,0.0202648226736921,-3.898868769313103,0.020259165968554583,-3.899147947417914
-0.5900000000000001,0.017112477873755593,-4.067947381355661,0.019896730475046948,-3.9171998584863763,0.02051621286515022,-3.8865398339410806,0.01412899143210799,-4.25952646260335,0.019309686511301646,-3.9471484171995623,0.01926164900876049,-3.9496392579614907,0.01880674392218668,-3.973539754205358,0.01935228552798067,-3.9449447513402705,0.019350192366004344,-3.9450529181601883
-0.5800000000000001,0.016198948012676517,-4.122808976341433,0.01900633988427644,-3.962982677354047,0.019521218739457145,-3.936253264523191,0.013342184402506521,-4.316824503586119,0.018383924404395263,-3.9962786699166513,0.018334775504606892,-3.9989557216239686,0.017884092344883813,-4.023843657076216,0.018414602236660388,-3.9946113292825296,0.018415874820156095,-3.9945422243673665
-0.5700000000000001,0.015291596983778915,-4.180451818204985,0.018075863677686696,-4.013177729080999,0.018521451088921892,-3.9888257002999237,0.012540654505447169,-4.378779551722552,0.017438917358684757,-4.049050940485293,0.017391880185932566,-4.051751837660329,0.01693636061021768,-4.0782924528504125,0.01745710575517129,-4.048008506619734,0.0174619830185844,-4.047729160072267
-0.56,0.014376820802670947,-4.2421380357863665,0.017102598071522833,-4.068524893007142,0.017520151696124017,-4.044403535056809,0.011717806094891583,-4.4466457056247535,0.016481643021566572,-4.105508061559725,0.016432383142710557,-4.108501309203689,0.01598065360205023,-4.136376438225734,0.01648516484040304,-4.1052944030906,0.01649444383446761,-4.104731692089333
-0.55,0.013437965648632496,-4.309671320773166,0.01612104550562571,-4.127629686337734,0.016511194220308,-4.103716690515926,0.010891307919492905,-4.519790246448949,0.015515517963660177,-4.165914596936493,0.015467244264215085,-4.169030764446253,0.015012918695588835,-4.198844202167191,0.015504054614406853,-4.16665370123887,0.015519269848436304,-4.165672811181931
-0.54,0.012500419361166352,-4.381993086343325,0.015151039255226309,-4.189686151674767,0.015543540660373915,-4.164110118271716,0.010064926096973306,-4.598698562493265,0.014551494095644416,-4.230061603650713,0.014501384595592824,-4.233511144763197,0.014047403121907658,-4.26531773146672,0.014520787479911496,-4.232174036902421,0.014542510480160278,-4.230679161522215
-0.53,0.011569932924382102,-4.459345535167419,0.014177036011158927,-4.256131805738496,0.014551264414456743,-4.230077387803105,0.009252443816857692,-4.682867565934483,0.013588743518281996,-4.29851351143766,0.013540010481475753,-4.302106237386361,0.013084119282922515,-4.33635605264605,0.013541994862710238,-4.301959691278507,0.01357016639153054,-4.29988154349126
-0.52,0.010672870680580825,-4.5400502076250895,0.013231059037670549,-4.325188255860127,0.013555535595324738,-4.300960284062228,0.00842157225029692,-4.776958740095649,0.012639708134046896,-4.370911981190866,0.01259302644168468,-4.374612075247722,0.012140139714894329,-4.411237984776619,0.012573371672006227,-4.376174060684478,0.012608132208147202,-4.373413259869308
-0.51,0.009772175971897275,-4.62821611798197,0.012349851392549654,-4.394111248972479,0.012570341867065845,-4.376415059688092,0.007640107343995763,-4.8743436256411865,0.011705563217653469,-4.447691061499021,0.011660262221997453,-4.451568609290585,0.011204510785668503,-4.491438833042182,0.011619056899414197,-4.455108692692603,0.011662118465255408,-4.451409428005727
-0.5,0.008898028378652854,-4.721925557273989,0.011455001189111462,-4.469328859269485,0.011570313520880698,-4.459312640401191,0.00685509592707907,-4.98276297232703,0.010792560601292486,-4.528898215420225,0.010734495589246579,-4.534292836249836,0.010295347510095523,-4.5760631838418195,0.010685612617119863,-4.538857057542936,0.01073757930428599,-4.534005605968096
-0.49,0.008066120711173097,-4.820082617211117,0.010633251626880735,-4.543769241881377,0.010575822854039008,-4.54918474582029,0.0060947820791710785,-5.10032227072073,0.009910716257204032,-4.61413865704578,0.009826609104355339,-4.622661358112007,0.009406847241389174,-4.666317424947478,0.00978387694624213,-4.627019457716205,0.009839620673486812,-4.621338118103421
-0.48,0.007298400270379043,-4.920100095886665,0.009800188909848491,-4.625353616976248,0.009588087547750606,-4.647233831480618,0.005392626115489865,-5.222722792771868,0.009056645591271794,-4.704256471273388,0.008959481309236853,-4.7150429432650665,0.008557196189677685,-4.760982690418878,0.008916879293253717,-4.719809248620162,0.008972934742489586,-4.71354248334511
-0.47,0.006521296286010235,-5.032682105932295,0.0089923488875517,-4.711381186811285,0.008674256910089155,-4.747395615597485,0.0048050186097931494,-5.338094363561523,0.008233987466450583,-4.7994848778057815,0.008123923392437197,-4.812942065092162,0.007742548285127972,-4.861024409762068,0.00808125796406286,-4.818207729945708,0.008141734056904245,-4.81075209255145
-0.45999999999999996,0.005796145867273066,-5.15056208795407,0.008217394553230334,-4.801502084485068,0.007769502029153264,-4.857549205568427,0.004277503278106783,-5.454385785837779,0.007435245384102809,-4.901523695700337,0.007332313683744366,-4.915464167085091,0.0069702241211870445,-4.966107899606577,0.007287854111742298,-4.921546136823312,0.007349678155770532,-4.9130987550466685
-0.44999999999999996,0.00510202198516176,-5.278118350145624,0.00749726713984374,-4.893216706197057,0.006963366599439274,-4.967092214768252,0.0038300654114081885,-5.564873397238767,0.0066823045406360585,-5.008292359816151,0.006578513538999414,-5.0239464650926395,0.006237476698267493,-5.0771795536601765,0.00653477126946109,-5.030617933366072,0.006599856387022257,-5.020707389728582
-0.43999999999999995,0.00446316979990592,-5.411896047922527,0.006815010299211064,-4.988627702578574,0.006172877583778114,-5.087590166679355,0.003442771758864337,-5.671478388178235,0.00597176199012661,-5.120713254398357,0.005866296254880431,-5.1385318059721055,0.005547433606570664,-5.194419871400273,0.005828697308614639,-5.1449617497943105,0.005894724738138695,-5.1336974402070625
-0.42999999999999994,0.0038711044490209114,-5.554215425311764,0.006160333717469762,-5.089624327990194,0.0054349883364130614,-5.214897904425423,0.003095543672832812,-5.777791726613859,0.00530744234000459,-5.23864522831689,0.005207135462102026,-5.257725389756242,0.004911019494456814,-5.316273722383567,0.005167248374014203,-5.2654149615437795,0.005236093105688224,-5.252179649257547
-0.41999999999999993,0.003278427818927548,-5.720391294996013,0.005520792268902215,-5.199233902017105,0.004753728629510316,-5.348825994233289,0.002762558389336449,-5.891598075950252,0.004697897093695639,-5.360640297264663,0.0045962504034548785,-5.382514437569655,0.004318963808009059,-5.444739764754113,0.004547855631434847,-5.393099446905758,0.00462508447773127,-5.37626064272915
-0.4099999999999999,0.00277710919365462,-5.886344750705048,0.00493549314951061,-5.311302682110413,0.004130365407578131,-5.489389399511833,0.002423828133617977,-6.022407115261514,0.0041321734194933206,-5.488951758737759,0.004023573777348202,-5.51558477193673,0.0037715915585972612,-5.580258202524249,0.00398084367663774,-5.526261503095467,0.004062192462593501,-5.506032435707231
-0.3999999999999999,0.0023406931383530157,-6.057308180503553,0.004409747833095679,-5.423937771862189,0.0035308898236948963,-5.646205365101317,0.0020972760999123452,-6.1671158714888215,0.003618018740367887,-5.621828712263497,0.003500849128617919,-5.654749731734825,0.003274641047544707,-5.7215470197050005,0.0034598803349787477,-5.666521275776846,0.003547264728465784,-5.64157847150547
-0.3899999999999999,0.001921971010641715,-6.254404051460524,0.003937735949258222,-5.537149353004598,0.002980784874342091,-5.81556863249171,0.001781359667563005,-6.33037834808786,0.0031419366675205012,-5.762915896092627,0.003032344070075964,-5.798419338063827,0.0028260534048166917,-5.86887409722791,0.0029911357116044987,-5.8121021270422,0.0030795791218985328,-5.7829623400681855
-0.3799999999999999,0.0015742360679309216,-6.453985160607001,0.003475889933354341,-5.66190473682304,0.002509675691379982,-5.98760174080786,0.001474659240702163,-6.519328339133107,0.00272431836215526,-5.905537024486085,0.0026093371903525664,-5.948659039954799,0.002427872677029308,-6.020739846604153,0.00256669366542896,-5.965136719847637,0.00265785116734551,-5.930237314485489
-0.3699999999999999,0.001299952515084865,-6.645427542039564,0.003076926927068695,-5.7838239310331945,0.002103899977591719,-6.16396252440413,0.0011695436773055616,-6.751141625646775,0.0023495910647032174,-6.053513980988347,0.0022342233288321772,-6.10386161518829,0.002078206079136525,-6.176250219356798,0.002188081660502608,-6.124730073134112,0.0022803369792199846,-6.08343204903332
-0.3599999999999999,0.001085940952904513,-6.825308430123041,0.0026905328366069845,-5.918016024460703,0.0017541123254522306,-6.34579234748611,0.0009238961308499721,-6.986910905141379,0.002007013225185294,-6.2111076196603525,0.0018960638980253272,-6.267975174227038,0.0017631316007945474,-6.340663732410953,0.0018535798447037173,-6.290636458500544,0.0019448739070261703,-6.242558133305694
-0.34999999999999987,0.0009228291123899883,-6.988066484275446,0.0023002386579622537,-6.074742397098764,0.0014552385057248983,-6.532585470331925,0.0007250113163784289,-7.229323294433582,0.0017138866751390724,-6.368991578180792,0.0015998588927864676,-6.437839845634003,0.0014922242374999363,-6.507487495262944,0.0015544566526009907,-6.466629213961377,0.001648970840629856,-6.407603918623572
-0.33999999999999986,0.0007923557718505982,-7.140500060130987,0.0019422626747549808,-6.243901658344775,0.0011844849157698711,-6.73844726912793,0.0005280996145929543,-7.54622562805102,0.0014541792636119583,-6.533313617503434,0.0013414396210261902,-6.614011897664481,0.001260818109387751,-6.675994475553477,0.0013002359516180266,-6.645209529739368,0.0013899100961510462,-6.5785162129593395
-0.33000000000000007,0.0006974466177998507,-7.268084580817886,0.0016049103766252793,-6.434687364068135,0.0009115587933052105,-7.000354464219492,0.0003572032936970341,-7.937205488128087,0.001224740872560664,-6.705025989965163,0.001112478934882698,-6.801164479040048,0.0010561343442232415,-6.853139881881461,0.0010783861968772777,-6.832289617519752,0.0011647792204160883,-6.755223720296289
-0.32000000000000006,0.0006224885119018861,-7.381785384571789,0.0013030768645177547,-6.643026992158916,0.0006716071792095288,-7.305836943107587,0.0002260554197318716,-8.394730368700982,0.0010256900997195912,-6.882389624915888,0.0009131749773030176,-6.998583044797698,0.0008730366582266665,-7.043533011910435,0.0008839318685978919,-7.03113057001865,0.0009705855382543174,-6.937611020903958
-0.31000000000000005,0.0005470749741306157,-7.510924700710575,0.0010960953745153784,-6.8160010736991525,0.0004540119660150847,-7.697387003408842,0.0001704419629369675,-8.677115712519232,0.0008700987569799111,-7.0469038389878325,0.0007461278120813638,-7.200613642568019,0.0007185046872533993,-7.238338328801339,0.0007251965306103492,-7.229067863140321,0.0008043201778041388,-7.125513136958592
-0.30000000000000004,0.0004712736589870545,-7.6600716157152045,0.0009192256391804026,-6.991978938889657,0.00031144840603266233,-8.074276864168812,0.00012164304874514971,-9.014419631796478,0.0007297979728318702,-7.222742811669443,0.000606594193592362,-7.407650534809081,0.0005819495618451365,-7.449126777484663,0.0005788461315455792,-7.454473864334645,0.0006630139659889987,-7.3187145031601535
-0.29000000000000004,0.00039515150194175026,-7.836241317379731,0.0007562733941284434,-7.1871076147129624,0.00019176138192803145,-8.559258761314094,9.626899639671482e-05,-9.248364239109648,0.0006032120760890856,-7.413241721429339,0.0004928883362863161,-7.61522790798126,0.00046958541405692526,-7.663660350288551,0.00047219641452668124,-7.658115526466041,0.0005438100079396404,-7.51691062222131
-0.28,0.0003187746260011015,-8.051026206433216,0.0006306225940059747,-7.368802982116841,0.00014057473100096226,-8.869771317350263,7.081003774983196e-05,-9.555509791186315,0.0005013762415015537,-7.598153757683548,0.00039105250169878454,-7.846668731548587,0.0003677495794693936,-7.908108342006444,0.00038433593966550846,-7.86399354494961,0.0004439844223744807,-7.719721080889694
-0.27,0.00024220825154996518,-8.325712658268046,0.0005285340947377929,-7.5454032424589474,0.0001150526061839169,-9.070121089119588,4.5287912932786485e-05,-10.002470383754584,0.00041955774087816143,-7.776309399387795,0.0003064043996511641,-8.090604761026112,0.00028768365046127366,-8.153649117449536,0.00030776956521437243,-8.086159219894125,0.0003609822593545498,-7.926681743901142
-0.26,0.00019273288951137817,-8.554205319830142,0.00042691442709201445,-7.7589269697561365,8.948872554252968e-05,-9.321397912210399,1.9724032291399314e-05,-10.833672752440922,0.00035581272145970887,-7.941106028847521,0.00022971275772700215,-8.378680908988734,0.00021099200853711217,-8.46369029943715,0.0002310779232902109,-8.372755574064888,0.0002924491457923068,-8.13721976694698
-0.25,0.00016714830589186985,-8.696629080406066,0.0003501606762334903,-7.957118433870653,6.390414192302152e-05,-9.658126379854806,0.0,-inf,0.00030464355422069267,-8.096368139475903,0.0001713901835745623,-8.671567825467758,0.0001379859709135761,-8.888358538021352,0.00017458854131751774,-8.653078544905307,0.0002362646760214601,-8.350557872794077
-0.24,0.00014156368815865136,-8.862760849148447,0.00027340682303383414,-8.204549677753807,3.831952418980286e-05,-10.169551021697501,0.0,-inf,0.0002709387947757989,-8.213617612128218,0.00012148686136883712,-9.015704437912884,9.740309713576661e-05,-9.236652549712847,0.00013967877016114166,-8.87616527060002,0.0001905288483753677,-8.565706939821347
-0.22999999999999998,0.00011599929598623366,-9.061926435960519,0.00019671364651658115,-8.533761457667259,1.2755132017385241e-05,-11.269576856178258,0.0,-inf,0.0002453744026033816,-8.312725339997687,9.592246919641956e-05,-9.251970305328431,7.183870496334883e-05,-9.541087160812255,0.00011411437798872425,-9.078309296863996,0.00015353623331088799,-8.781573971163946
-0.21999999999999997,9.047495596016933e-05,-9.310437475277014,0.00012014062643838826,-9.026847614319227,0.0,-inf,0.0,-inf,0.00021985006257731714,-8.422564777701075,7.039812917035527e-05,-9.561343869438106,4.6314364937284545e-05,-9.980058387167372,8.859003796265992e-05,-9.3314911450196,0.00012381645593242686,-8.99671028302207
-0.20999999999999996,6.501003901759863e-05,-9.640968853569664,5.440524168187256e-05,-9.819050054297982,0.0,-inf,0.0,-inf,0.0001943851456347463,-8.545669080201328,4.493321222778455e-05,-10.010333343385156,2.0849447994713873e-05,-10.77818308514361,6.312512102008923e-05,-9.67039175322066,0.00010008631491477806,-9.20947759512741
-0.19999999999999996,3.96234392536708e-05,-10.136089714462534,2.1281771615326923e-05,-10.757659644356186,0.0,-inf,0.0,-inf,0.00016899854587081877,-8.6856204473929,1.9546612463856722e-05,-10.842708562052884,0.0,-inf,3.773852125616129e-05,-10.184829201193182,8.125495221021063e-05,-9.417918788332305
-0.18999999999999995,1.4333554115764945e-05,-11.152907327631992,0.0,-inf,0.0,-inf,0.0,-inf,0.0001437086607329128,-8.847722497155328,0.0,-inf,0.0,-inf,1.2448636118255486e-05,-11.293899489788958,6.640639199827596e-05,-9.61971724108079
-0.17999999999999994,0.0,-inf,0.0,-inf,0.0,-inf,0.0,-inf,0.00011853337262029494,-9.040316011550381,0.0,-inf,0.0,-inf,0.0,-inf,5.4769095018279625e-05,-9.812384482615734
-0.16999999999999993,0.0,-inf,0.0,-inf,0.0,-inf,0.0,-inf,9.349003190257191e-05,-9.277655738020634,0.0,-inf,0.0,-inf,0.0,-inf,4.5691856086947365e-05,-9.993590479731006
-0.15999999999999992,0.0,-inf,0.0,-inf,0.0,-inf,0.0,-inf,6.859544136608625e-05,-9.587284477829906,0.0,-inf,0.0,-inf,0.0,-inf,3.8656349521007105e-05,-10.160799513862113
-0.1499999999999999,0.0,-inf,0.0,-inf,0.0,-inf,0.0,-inf,4.386584209324653e-05,-10.034374625184254,0.0,-inf,0.0,-inf,0.0,-inf,3.323310312362543e-05,-10.311964096761038
-0.1399999999999999,0.0,-inf,0.0,-inf,0.0,-inf,0.0,-inf,1.9316900775704463e-05,-10.854530157384026,0.0,-inf,0.0,-inf,0.0,-inf,2.9078337220224704e-05,-10.445517086430852
-0.1299999999999999,0.0,-inf,0.0,-inf,0.0,-inf,0.0,-inf,0.0,-inf,0.0,-inf,0.0,-inf,0.0,-inf,2.590374609434904e-05,-10.561122962870229
-0.11999999999999988,0.0,-inf,0.0,-inf,0.0,-inf,0.0,-inf,0.0,-inf,0.0,-inf,0.0,-inf,0.0,-inf,2.3502312024883385e-05,-10.658411757615962
-0.10999999999999988,0.0,-inf,0.0,-inf,0.0,-inf,0.0,-inf,0.0,-inf,0.0,-inf,0.0,-inf,0.0,-inf,2.1696418840474128e-05,-10.738363341429771
-0.09999999999999987,0.0,-inf,0.0,-inf,0.0,-inf,0.0,-inf,0.0,-inf,0.0,-inf,0.0,-inf,0.0,-inf,2.0349913923215824e-05,-10.80243387590202
-0.08999999999999986,0.0,-inf,0.0,-inf,0.0,-inf,0.0,-inf,0.0,-inf,0.0,-inf,0.0,-inf,0.0,-inf,1.9358880076333583e-05,-10.852359325085882
-0.08000000000000007,0.0,-inf,0.0,-inf,0.0,-inf,0.0,-inf,0.0,-inf,0.0,-inf,0.0,-inf,0.0,-inf,1.864267760873987e-05,-10.890057110485746
-0.07000000000000006,0.0,-inf,0.0,-inf,0.0,-inf,0.0,-inf,0.0,-inf,0.0,-inf,0.0,-inf,0.0,-inf,1.8128063905076994e-05,-10.91804932847097
-0.06000000000000005,0.0,-inf,0.0,-inf,0.0,-inf,0.0,-inf,0.0,-inf,0.0,-inf,0.0,-inf,0.0,-inf,1.7773170994055423e-05,-10.93782048523144
-0.050000000000000044,0.0,-inf,0.0,-inf,0.0,-inf,0.0,-inf,0.0,-inf,0.0,-inf,0.0,-inf,0.0,-inf,1.7553057659126632e-05,-10.950282397636654
-0.040000000000000036,0.0,-inf,0.0,-inf,0.0,-inf,0.0,-inf,0.0,-inf,0.0,-inf,0.0,-inf,0.0,-inf,1.7440054481886395e-05,-10.956741015526944
-0.030000000000000027,0.0,-inf,0.0,-inf,0.0,-inf,0.0,-inf,0.0,-inf,0.0,-inf,0.0,-inf,0.0,-inf,1.741360763170575e-05,-10.95825860958465
-0.020000000000000018,0.0,-inf,0.0,-inf,0.0,-inf,0.0,-inf,0.0,-inf,0.0,-inf,0.0,-inf,0.0,-inf,1.745790903353828e-05,-10.955717772253632
-0.010000000000000009,0.0,-inf,0.0,-inf,0.0,-inf,0.0,-inf,0.0,-inf,0.0,-inf,0.0,-inf,0.0,-inf,1.7571874911669373e-05,-10.949210950492663
0.0,0.0,-inf,0.0,-inf,0.0,-inf,0.0,-inf,0.0,-inf,0.0,-inf,0.0,-inf,0.0,-inf,1.774786068112476e-05,-10.939245574313627
0.010000000000000231,0.0,-inf,0.0,-inf,0.0,-inf,0.0,-inf,0.0,-inf,0.0,-inf,0.0,-inf,0.0,-inf,1.7992123714113816e-05,-10.925576467268549
0.020000000000000018,0.0,-inf,0.0,-inf,0.0,-inf,0.0,-inf,0.0,-inf,0.0,-inf,0.0,-inf,0.0,-inf,1.8301880450925657e-05,-10.908506746514842
0.03000000000000025,0.0,-inf,0.0,-inf,0.0,-inf,0.0,-inf,0.0,-inf,0.0,-inf,0.0,-inf,0.0,-inf,1.8679202151527595e-05,-10.88809983745006
0.040000000000000036,0.0,-inf,0.0,-inf,0.0,-inf,0.0,-inf,0.0,-inf,0.0,-inf,0.0,-inf,0.0,-inf,1.9148062712663235e-05,-10.86330901128462
0.04999999999999982,0.0,-inf,0.0,-inf,0.0,-inf,0.0,-inf,0.0,-inf,0.0,-inf,0.0,-inf,0.0,-inf,1.971190709434485e-05,-10.83428768377642
0.06000000000000005,0.0,-inf,0.0,-inf,0.0,-inf,0.0,-inf,0.0,-inf,0.0,-inf,0.0,-inf,0.0,-inf,2.038403086517053e-05,-10.800758764389515
0.06999999999999984,0.0,-inf,0.0,-inf,0.0,-inf,0.0,-inf,0.0,-inf,0.0,-inf,8.935239515664536e-06,-11.625507603258388,0.0,-inf,2.1179519343227875e-05,-10.762475911947114
0.08000000000000007,0.0,-inf,0.0,-inf,0.0,-inf,0.0,-inf,0.0,-inf,0.0,-inf,3.7757357411360725e-05,-10.184330202945258,0.0,-inf,2.2132515677677535e-05,-10.718462733105984
0.08999999999999986,0.0,-inf,0.0,-inf,0.0,-inf,0.0,-inf,0.0,-inf,0.0,-inf,7.066452894348863e-05,-9.557566823217625,0.0,-inf,2.3272179081330887e-05,-10.668251941659571
0.10000000000000009,0.0,-inf,0.0,-inf,0.0,-inf,0.0,-inf,0.0,-inf,0.0,-inf,0.00010815838952732416,-9.131913835505657,0.0,-inf,2.4629499089041587e-05,-10.611565683470971
0.10999999999999988,0.0,-inf,0.0,-inf,0.0,-inf,0.0,-inf,0.0,-inf,0.0,-inf,0.0001507900969419577,-8.799621774692966,0.0,-inf,2.626645836552821e-05,-10.547217780046383
0.1200000000000001,0.0,-inf,0.0,-inf,0.0,-inf,0.0,-inf,0.0,-inf,0.0,-inf,0.0001991634503197793,-8.521384711979143,0.0,-inf,2.823780096849249e-05,-10.47484901775887
0.1299999999999999,0.0,-inf,0.0,-inf,0.0,-inf,0.0,-inf,0.0,-inf,0.0,-inf,0.0002539379502193534,-8.278420611264503,0.0,-inf,3.061778808565999e-05,-10.393929407912252
0.14000000000000012,0.0,-inf,0.0,-inf,0.0,-inf,0.0,-inf,0.0,-inf,0.0,-inf,0.00031583175368878454,-8.060300911201393,0.0,-inf,3.351426329381668e-05,-10.303539439782888
0.1499999999999999,0.0,-inf,0.0,-inf,0.0,-inf,0.0,-inf,0.0,-inf,0.0,-inf,0.00038562447280194716,-7.860646530431787,0.0,-inf,3.7046368649362356e-05,-10.203340223188643
0.16000000000000014,0.0,-inf,0.0,-inf,0.0,-inf,0.0,-inf,0.0,-inf,0.0,-inf,0.0004641597597515402,-7.675281755189685,0.0,-inf,4.1386203490550914e-05,-10.092562981693309
0.16999999999999993,0.0,-inf,0.0,-inf,0.0,-inf,0.0,-inf,0.0,-inf,0.0,-inf,0.0005523476163122338,-7.501332970193939,0.0,-inf,4.67090009156985e-05,-9.971573672767029
0.18000000000000016,0.0,-inf,0.0,-inf,0.0,-inf,0.0,-inf,0.0,-inf,0.0,-inf,0.0006511663604593222,-7.336745402381563,0.0,-inf,5.3357688289311746e-05,-9.838492480209318
0.18999999999999995,0.0,-inf,0.0,-inf,0.0,-inf,0.0,-inf,0.0,-inf,0.0,-inf,0.0007616641782684969,-7.180004810352965,0.0,-inf,6.169956257381697e-05,-9.693233716643428
0.20000000000000018,0.0,-inf,0.0,-inf,0.0,-inf,0.0,-inf,0.0,-inf,0.0,-inf,0.0008849601850681093,-7.029967902591968,0.0,-inf,7.22105420351664e-05,-9.535924511156743
0.20999999999999996,0.0,-inf,0.0,-inf,0.0,-inf,0.0,-inf,0.0,-inf,0.0,-inf,0.001022244916311066,-6.885754171770708,0.0,-inf,8.556006950052476e-05,-9.3662918614488
0.2200000000000002,0.0,-inf,0.0,-inf,0.0,-inf,0.0,-inf,0.0,-inf,0.0,-inf,0.0011747801659329358,-6.746674241713094,0.0,-inf,0.0001026021920640319,-9.184651260309327
0.22999999999999998,0.0,-inf,0.0,-inf,0.0,-inf,0.0,-inf,0.0,-inf,0.0,-inf,0.0013438980882219582,-6.612180866972013,0.0,-inf,0.0001245639228183974,-8.990691537530477
0.2400000000000002,0.0,-inf,0.0,-inf,0.0,-inf,0.0,-inf,0.0,-inf,0.0,-inf,0.0015309994786053397,-6.481834502864885,0.0,-inf,0.0001529190667319937,-8.785601752136678
0.25,0.0,-inf,0.0,-inf,0.0,-inf,0.0,-inf,0.0,-inf,0.0,-inf,0.0017375511494106609,-6.3552785424488984,0.0,-inf,0.00018949489966610457,-8.571148448494741
0.26000000000000023,0.0,-inf,0.0,-inf,0.0,-inf,0.0,-inf,0.00010659110990660363,-9.146510446458791,0.0,-inf,0.0019650823187448764,-6.232221142047347,0.0,-inf,0.0002369106288443221,-8.347827581430643
0.27,0.0,-inf,0.0,-inf,0.0,-inf,0.0,-inf,0.0003566887254492047,-7.938647074035037,3.695350800188467e-05,-10.205849975918593,0.0022151799342874767,-6.112421644343078,0.0,-inf,0.00029804687508902815,-8.118259784872583
0.28000000000000025,0.0,-inf,0.0,-inf,0.0,-inf,0.0,-inf,0.0006309916503117662,-7.368217927980078,0.0003112564328644455,-8.074893442561358,0.002489482859150039,-5.9956802771638085,0.0,-inf,0.00037646113050006076,-7.884695755097506
0.29000000000000004,0.0,-inf,0.0,-inf,0.0,-inf,0.0,-inf,0.0009311836452827768,-6.97905404419677,0.0006114484278354562,-7.3996799435392395,0.0027896748541210493,-5.8818302296817055,0.0,-inf,0.0004763553236852798,-7.6493465038788075
0.30000000000000027,0.0,-inf,0.0,-inf,0.0,-inf,0.0,-inf,0.0012589850908448128,-6.677449366051353,0.0009392498733974929,-6.970429008301269,0.003117476299683086,-5.770731482786026,0.0,-inf,0.0006020210303748286,-7.415218179088181
0.31000000000000005,0.0,-inf,0.0,-inf,0.0,-inf,0.0,-inf,0.0016161434033797328,-6.427712583105188,0.0012964081859324125,-6.648157772359819,0.0034746346122180058,-5.662265953056938,0.0,-inf,0.0007575881279369112,-7.185370686837008
0.31999999999999984,0.0,-inf,0.0,-inf,0.0,-inf,0.0,-inf,0.0020044221129987038,-6.21239948271111,0.0016846868955513847,-6.3861755511081055,0.0038629133218369767,-5.556333633593484,0.0,-inf,0.0009465395564446426,-6.962697795853631
0.33000000000000007,6.33638062512668e-05,-9.666617738852294,0.0,-inf,0.0,-inf,0.0,-inf,0.00242558858543723,-6.021681068399149,0.00210585336798991,-6.163034493530095,0.004284079794275504,-5.452849500455368,0.00017102968064556696,-8.673673445496615,0.001170997997022985,-6.749898904852234
0.33999999999999986,0.0005191756082109561,-7.563268373240842,0.0,-inf,0.0,-inf,0.0,-inf,0.002881400387396919,-5.849478857389448,0.0025616651699496003,-5.967097774934575,0.004739891596235194,-5.351741013529249,0.000626841482605256,-7.3748168681068105,0.001431659521551403,-6.548921002993837
0.3500000000000001,0.0010113655343164908,-6.896453847102423,0.0,-inf,0.0,-inf,0.0,-inf,0.0033735903135024546,-5.691777726800436,0.0030538550960551346,-5.791350520575553,0.005232081522340729,-5.252946083461487,0.0011190314087107908,-6.795291781493278,0.0017274280208760858,-6.361121669832446
0.3599999999999999,0.0015416253343507732,-6.4749180071961066,0.0,-inf,0.0,-inf,0.0,-inf,0.003903850113536735,-5.545792004217315,0.003584114896089415,-5.631243726322639,0.005762341322375008,-5.156411407285787,0.001649291208745074,-6.407409653818999,0.002056383740664836,-6.186806304512862
0.3700000000000001,0.0021115882014500053,-6.160314912523317,0.0,-inf,0.0,-inf,0.0,-inf,0.004473812980635969,-5.409514218165646,0.00415407776318865,-5.483664833629133,0.006332304189474242,-5.06209109808658,0.002219254075844307,-6.1105841414311595,0.002416356068295235,-6.025494630507552
0.3799999999999999,0.0027228101052439936,-5.906090805054632,0.0,-inf,0.0,-inf,0.0,-inf,0.005085034884429958,-5.2814533892436,0.004765299666982638,-5.346394854665032,0.006943526093268231,-4.969945550890195,0.002830475979638292,-5.867310390784549,0.0028058829029809786,-5.87603702911312
0.3900000000000001,0.0033767500782353,-5.690841547354585,0.0,-inf,0.0,-inf,0.0,-inf,0.005738974857421266,-5.160474680868947,0.005419239639973946,-5.217799761199525,0.007597466066259538,-4.879940499618373,0.0034844159526296018,-5.659454837729707,0.003224134495189005,-5.737090738337841
0.3999999999999999,0.004074749588685818,-5.5029459848067255,0.0,-inf,0.0,-inf,0.0,-inf,0.006436974367871778,-5.045696667918689,0.006117239150424463,-5.096644403454476,0.008295465576710053,-4.792046229523606,0.004182415463080115,-5.476866337362525,0.003670949611497909,-5.607304900658645
0.41000000000000014,0.004818011158546691,-5.335394058779958,0.0,-inf,0.0,-inf,0.0,-inf,0.0071802359377326555,-4.936423036053448,0.006860500720285336,-4.98197484861284,0.009038727146570922,-4.706236916862109,0.004925677032940989,-5.31329354518857,0.004146738634001618,-5.48543312502319
0.41999999999999993,0.005607576410101325,-5.1836366652514565,0.0,-inf,0.0,-inf,0.0,-inf,0.007969801189287288,-4.83209573137354,0.007650065971839971,-4.873041007410946,0.009828292398125557,-4.6224900732267455,0.005715242284495624,-5.164618588146561,0.004652168343370823,-5.370421857669453
0.43000000000000016,0.006444303749538887,-5.044558677978362,0.0,-inf,0.0,-inf,0.0,-inf,0.008806528528724851,-4.732261954289438,0.008486793311277526,-4.769244051858073,0.01066501973756312,-4.540786076374824,0.006551969623933185,-5.0279895685939495,0.005187788236926799,-5.261447831224003
0.43999999999999995,0.007328845919142466,-4.915937221708394,0.0,-inf,0.0,-inf,0.0,-inf,0.009691070698328433,-4.6365503640000725,0.009371335480881109,-4.670099665579309,0.01154956190716671,-4.461107772849136,0.007436511793536766,-4.901353385034033,0.005754016158972845,-5.157857205554179
0.4500000000000002,0.008261627671658339,-4.796133656181787,0.0,-inf,0.0,-inf,0.0,-inf,0.010623852450844304,-4.544653574630995,0.010304117233396982,-4.575211732220093,0.012482343659682581,-4.383440140428003,0.00836929354605264,-4.783185801142938,0.00635112400933823,-5.059123472397239
0.45999999999999996,0.009242823840177706,-4.68390782960905,0.0,-inf,0.0,-inf,0.0,-inf,0.011605048619363666,-4.456315049745886,0.011285313401916346,-4.4842530975505115,0.013463539828201938,-4.307770000618744,0.009350489714572006,-4.6723265611630564,0.006979223705104277,-4.9648175854267
0.4700000000000002,0.010272338093990785,-4.578300618441573,0.0,-inf,0.0,-inf,0.0,-inf,0.012634562873176746,-4.3713191352440735,0.012314827655729428,-4.396951242170215,0.014493054082015025,-4.2340857731531205,0.01038000396838508,-4.567874018933766,0.007638253581446539,-4.8745862907500115
0.48,0.011349782684835752,-4.4785566819485325,0.0,-inf,0.0,-inf,0.0,-inf,0.013712007464021717,-4.289483372784554,0.013392272246574393,-4.3130774363963695,0.015570498672859995,-4.16237726584821,0.011457448559230051,-4.469115231293884,0.008327965426464981,-4.788136099159237
0.4900000000000002,0.012474459498270696,-4.384071965075115,0.0,-inf,0.0,-inf,0.0,-inf,0.014836684277456656,-4.210652497645656,0.014516949060009336,-4.23243841149782,0.01669517548629493,-4.092635494333291,0.012582125372664994,-4.375478093437513,0.00904791235147142,-4.70522122727631
0.5,0.013645342731066414,-4.2943570074336215,0.0,-inf,0.0,-inf,0.0,-inf,0.01600756751025238,-4.134693699166349,0.015687832292805064,-4.154869880302992,0.01786605871909066,-4.024852527068987,0.013753008605460708,-4.286497671134594,0.009797437702152677,-4.625634386455977
0.5100000000000002,0.01486106351713882,-4.20901067313242,0.0,-inf,0.0,-inf,0.0,-inf,0.01722328829632479,-4.061492840237979,0.016903553078877465,-4.080231437797029,0.01908177950516306,-3.959021351841188,0.014968729391533122,-4.201791961137951,0.010575665217065216,-4.549199651341194
0.52,0.016119896821231966,-4.127700942592131,0.0,-inf,0.0,-inf,0.0,-inf,0.01848212160041792,-3.9909514141407936,0.0181623863829706,-4.008402505688476,0.020340612809256198,-3.895135760533555,0.016227562695626262,-4.121044081522209,0.01138149063780065,-4.4757668713576155
0.5300000000000002,0.017419750911041847,-4.05015060668172,0.0,-inf,0.0,-inf,0.0,-inf,0.019781975690227806,-3.9229840745486824,0.019462240472780487,-3.939279076642824,0.021640466899066072,-3.8331902494941845,0.017527416785436147,-4.043988950551752,0.012213574969705302,-4.405207243402588
0.54,0.01875815970450608,-3.976126436990591,0.0,-inf,0.0,-inf,0.0,-inf,0.021120384483692033,-3.8575166155895135,0.020800649266244718,-3.8727710780387303,0.022978875692530314,-3.7731799332357756,0.018865825578900375,-3.97040316405851,0.013070339583099663,-4.3374097698090335
0.5500000000000003,0.020132278269461953,-3.9054308679172776,0.0,-inf,0.0,-inf,0.0,-inf,0.02249450304864792,-3.7944843085690367,0.022174767831200603,-3.8088002206856952,0.02435299425748619,-3.715100469560184,0.020239944143856253,-3.900097194257577,0.013949963332443973,-4.272278399216857
0.56,0.02153888172775557,-3.8378955246760666,0.0,-inf,0.0,-inf,0.0,-inf,0.023901106506941536,-3.7338305237547913,0.02358137128949421,-3.7472982307930884,0.025759597715779813,-3.6589479944913794,0.021646547602149874,-3.832909301353322,0.01485038185481843,-4.209729699934844
0.5699999999999998,0.022974367785261175,-3.7733761286266745,0.0,-inf,0.0,-inf,0.0,-inf,0.02533659256444714,-3.6755055817793583,0.025016857346999825,-3.688205387467919,0.027195083773285413,-3.6047190656454964,0.023082033659655467,-3.768700727720735,0.015769289189481464,-4.1496909526133035
0.5800000000000001,0.024434763073321316,-3.711748444508324,0.0,-inf,0.0,-inf,0.0,-inf,0.026796987852507285,-3.619465791345117,0.026477252635059956,-3.631469305748406,0.028655479061345555,-3.5524106128719604,0.024542428947715616,-3.7073518654729662,0.016704141837258206,-4.092098576102789
0.5899999999999999,0.025915733446164806,-3.6529050257473354,0.0,-inf,0.0,-inf,0.0,-inf,0.028277958225350765,-3.565672639098014,0.02795822300790345,-3.577043918432233,0.030136449434189038,-3.502019895171978,0.02602339932055911,-3.648759171826663,0.017652165352296217,-4.036896820278113
0.6000000000000001,0.027412598333315514,-3.596752578073912,0.0,-inf,0.0,-inf,0.0,-inf,0.02977482311250148,-3.5140921045644156,0.02945508789505415,-3.524888619967644,0.03163331432133975,-3.4535444630459335,0.027520264207709817,-3.5928326653922285,0.018610363529568998,-3.9840366744204854
0.6099999999999999,0.028920349196407166,-3.543209807199907,0.0,-inf,0.0,-inf,0.0,-inf,0.031282573975593135,-3.46469407846823,0.030962838758145813,-3.474967543309407,0.033141065184431405,-3.406982125543973,0.02902801507080148,-3.5394938783848504,0.019575530219760974,-3.9334749508942775
0.6200000000000001,0.030433672086819324,-3.492205649109543,0.0,-inf,0.0,-inf,0.0,-inf,0.032795896866005286,-3.417451866965759,0.03247616164855797,-3.4272489465168654,0.034654388074843556,-3.3623309213977635,0.030541337961213628,-3.488674170026413,0.020544263769238617,-3.885173512322263
0.6299999999999999,0.031946974244877496,-3.443677805463924,0.0,-inf,0.0,-inf,0.0,-inf,0.03430919902406345,-3.3723417676462057,0.03398946380661613,-3.3817046904318984,0.036167690232901735,-3.319589093699654,0.0320546401192718,-3.44031332858233,0.021512984047175283,-3.8390986169573367
0.6400000000000001,0.033454414623867626,-3.3975715243188325,0.0,-inf,0.0,-inf,0.0,-inf,0.03581663940305358,-3.3293427057610794,0.03549690418560628,-3.3383097923426943,0.037675130611891865,-3.2787550676702293,0.033562080498261926,-3.3943584059118557,0.022477951985093326,-3.7952203619728113
0.6499999999999999,0.03494993816369289,-3.3538385795830563,0.0,-inf,0.0,-inf,0.0,-inf,0.03731216294287886,-3.2884359212267977,0.03699242772543152,-3.297042043352242,0.03917065415171712,-3.2398274311191813,0.03505760403808719,-3.3507627407265055,0.023435291516690396,-3.7535122083125128
0.6600000000000001,0.036427313580639324,-3.31243641263409,0.0,-inf,0.0,-inf,0.0,-inf,0.038789538359825286,-3.2496046986109968,0.038469803142377974,-3.257881679403421,0.04064802956866357,-3.202804917258783,0.036534979455033624,-3.3094851360756783,0.02438101376845646,-3.713950573822375
0.6699999999999999,0.037880174382411695,-3.2733274071265006,0.0,-inf,0.0,-inf,0.0,-inf,0.04024239916159767,-3.2128341336558637,0.03992266394415035,-3.2208110976974647,0.042100890370435934,-3.167686389575966,0.037987840256806016,-3.2704891637064604,0.025311043314903563,-3.6765144838245245
0.6800000000000002,0.03930206276240747,-3.2364782738912816,0.0,-inf,0.0,-inf,0.0,-inf,0.04166428754159343,-3.1781109309799134,0.041344552324146105,-3.185814611677824,0.043522778750431694,-3.1344708285088085,0.03940972863680176,-3.233742573442124,0.026221246276902685,-3.641185270239074
0.69,0.04068647597513784,-3.201859527375837,0.0,-inf,0.0,-inf,0.0,-inf,0.0430487007543238,-3.1454232284866124,0.042728965536876475,-3.1528782389130403,0.044907191963162056,-3.103157319707676,0.04079414184953215,-3.1992167900002304,0.027107460008294115,-3.607946311919436
0.7000000000000002,0.042026914746818855,-3.169445038635697,0.0,-inf,0.0,-inf,0.0,-inf,0.044389139526004824,-3.114760444734868,0.04406940430855751,-3.121989517157252,0.04624763073484309,-3.0737450436906126,0.04213458062121317,-3.166886483024082,0.02796552408528326,-3.5767828101266996
0.71,0.04331693323240308,-3.13921165269781,0.0,-inf,0.0,-inf,0.0,-inf,0.04567915801158903,-3.08611314612499,0.045359422794141714,-3.0931373446404797,0.0475376492204273,-3.046233266728167,0.043424599106797364,-3.1367291987502623,0.02879131228577203,-3.547681594091811
0.7200000000000002,0.04455018999363748,-3.1111388603462986,0.0,-inf,0.0,-inf,0.0,-inf,0.04691241477282345,-3.0594729312490334,0.04659267955537613,-3.066311841276983,0.04877090598166172,-3.020621332814681,0.044657855868031775,-3.10872504384285,0.02958076522228481,-3.5206309524504302
0.73,0.04572049944292893,-3.0852085161666163,0.0,-inf,0.0,-inf,0.0,-inf,0.048082724222114896,-3.0348323301665756,0.047762989004667564,-3.0415042280062545,0.04994121543095316,-2.9969086566022174,0.04582816531732322,-3.082856413614085,0.030329923273076403,-3.49562048702186
0.7400000000000002,0.04682188317561304,-3.0614045961218097,0.0,-inf,0.0,-inf,0.0,-inf,0.049184107954799,-3.0121847167113347,0.048864372737351676,-3.018706721918532,0.05104259916363727,-2.9750947171897337,0.04692954905000734,-3.059107758213937,0.03103495944180141,-3.472640985970882
0.75,0.04784862059924528,-3.0397129891006767,0.0,-inf,0.0,-inf,0.0,-inf,0.05021084537843123,-2.991524232223423,0.04989111016098392,-2.9979124451823047,0.05206933658726951,-2.9551790526745605,0.04795628647363956,-3.037465381477878,0.031692211767183176,-3.4516843138623656
0.7600000000000002,0.04879529826323362,-3.020121317829597,0.0,-inf,0.0,-inf,0.0,-inf,0.051157523042419564,-2.9728457193462496,0.05083778782497225,-2.9791153460982907,0.05301601425125785,-2.9371612553857402,0.04890296413762791,-3.017917268026996,0.03229821490072262,-3.4327433165122585
0.77,0.049656857295808404,-3.0026187853225332,0.0,-inf,0.0,-inf,0.0,-inf,0.052019082074994366,-2.956144664734496,0.05169934685754703,-2.9623101308638597,0.053877573283832615,-2.9210409677298363,0.04976452317020269,-3.0004529349596196,0.03284973047284443,-3.4158117388692126
0.7800000000000002,0.050428638368127617,-2.987196043691739,0.0,-inf,0.0,-inf,0.0,-inf,0.05279086314731358,-2.9414171496965804,0.05247112792986629,-2.947492204852354,0.05464935435615186,-2.906817878589453,0.05053630424252194,-2.985063305091173,0.0333437758760723,-3.400884154440755
0.79,0.05110642362720972,-2.9738450826825344,0.0,-inf,0.0,-inf,0.0,-inf,0.05346864840639568,-2.928659807947196,0.05314891318894837,-2.9346576224004517,0.05532713961523398,-2.894491720223302,0.051214089501604027,-2.9717405992150776,0.03377765110783808,-3.3879559050160655
0.8000000000000003,0.05168647507017532,-2.9625591357505687,0.0,-inf,0.0,-inf,0.0,-inf,0.054048699849361274,-2.917869789777147,0.053728964631913956,-2.9238030442593086,0.05590719105819953,-2.8840622656242134,0.05179414094456962,-2.960478245292218,0.03414896333524432,-3.3770230496414904
0.81,0.05216556887158461,-2.95333260188665,0.0,-inf,0.0,-inf,0.0,-inf,0.054527793650770574,-2.9090447320626227,0.05420805843332326,-2.91492570200664,0.056386284859608865,-2.8755293262983317,0.052273234745978905,-2.951270802846337,0.03445564886925199,-3.3680823219819285
0.8199999999999998,0.052541025222942316,-2.9461609817262704,0.0,-inf,0.0,-inf,0.0,-inf,0.054903250002128264,-2.9021827336372477,0.05458351478468095,-2.9080233688409125,0.05676174121096655,-2.8688927504348376,0.0526486910973366,-2.944113901160626,0.034695992266044,-3.3611310953553684
0.8300000000000001,0.052810733297997334,-2.9410408267698993,0.0,-inf,0.0,-inf,0.0,-inf,0.05517295807718329,-2.8972823356404516,0.05485322285973599,-2.903094336289051,0.05703144928602155,-2.864152421441136,0.052918399172391654,-2.9390041901477275,0.03486864230823005,-3.3561673548647537
0.8399999999999999,0.052973171018452614,-2.937969700795141,0.0,-inf,0.0,-inf,0.0,-inf,0.05533539579763858,-2.8943425065370416,0.05501566058019125,-2.900137396458127,0.057193887006476825,-2.861308256823585,0.05308083689284692,-2.9359393030100387,0.03497262465760349,-3.3531896761735904
0.8500000000000001,0.05302741936113294,-2.9369461527710747,0.0,-inf,0.0,-inf,0.0,-inf,0.0553896441403189,-2.893362631577389,0.05506990892287157,-2.899151829552013,0.057248135349157174,-2.860360207398611,0.053135085235527235,-2.9349178300272656,0.0350073510136845,-3.352197210583304
0.8599999999999999,0.052973171018452614,-2.937969700795141,0.0,-inf,0.0,-inf,0.0,-inf,0.05533539579763858,-2.8943425065370416,0.05501566058019125,-2.900137396458127,0.057193887006476825,-2.861308256823585,0.05308083689284692,-2.9359393030100387,0.03497262465760349,-3.3531896761735904
0.8700000000000001,0.052810733297997334,-2.9410408267698993,0.0,-inf,0.0,-inf,0.0,-inf,0.05517295807718329,-2.8972823356404516,0.05485322285973597,-2.9030943362890516,0.05703144928602155,-2.864152421441136,0.05291839917239163,-2.939004190147728,0.03486864230823005,-3.3561673548647537
0.8799999999999999,0.052541025222942316,-2.9461609817262704,0.0,-inf,0.0,-inf,0.0,-inf,0.05490325000212829,-2.902182733637247,0.05458351478468095,-2.9080233688409125,0.05676174121096655,-2.8688927504348376,0.05264869109733663,-2.9441139011606254,0.034695992266044,-3.3611310953553684
0.8900000000000001,0.05216556887158459,-2.9533326018866504,0.0,-inf,0.0,-inf,0.0,-inf,0.054527793650770574,-2.9090447320626227,0.054208058433323235,-2.9149257020066406,0.05638628485960884,-2.875529326298332,0.052273234745978905,-2.951270802846337,0.03445564886925199,-3.3680823219819285
0.8999999999999999,0.0516864750701753,-2.962559135750569,0.0,-inf,0.0,-inf,0.0,-inf,0.05404869984936125,-2.9178697897771473,0.053728964631913935,-2.923803044259309,0.05590719105819953,-2.8840622656242134,0.05179414094456958,-2.9604782452922187,0.03414896333524432,-3.3770230496414904
0.9100000000000001,0.05110642362720972,-2.9738450826825344,0.0,-inf,0.0,-inf,0.0,-inf,0.05346864840639568,-2.928659807947196,0.05314891318894837,-2.9346576224004517,0.05532713961523395,-2.8944917202233023,0.051214089501604006,-2.971740599215078,0.03377765110783808,-3.3879559050160655
0.9199999999999999,0.050428638368127617,-2.987196043691739,0.0,-inf,0.0,-inf,0.0,-inf,0.05279086314731356,-2.941417149696581,0.05247112792986624,-2.947492204852355,0.054649354356151834,-2.9068178785894534,0.050536304242521896,-2.985063305091174,0.0333437758760723,-3.400884154440755
0.9300000000000002,0.04965685729580836,-3.002618785322534,0.0,-inf,0.0,-inf,0.0,-inf,0.05201908207499432,-2.956144664734497,0.05169934685754703,-2.9623101308638597,0.053877573283832615,-2.9210409677298363,0.04976452317020267,-3.00045293495962,0.03284973047284443,-3.4158117388692126
0.94,0.0487952982632336,-3.0201213178295974,0.0,-inf,0.0,-inf,0.0,-inf,0.051157523042419564,-2.9728457193462496,0.05083778782497225,-2.9791153460982907,0.05301601425125783,-2.9371612553857407,0.04890296413762791,-3.017917268026996,0.03229821490072262,-3.4327433165122585
0.9500000000000002,0.04784862059924526,-3.039712989100677,0.0,-inf,0.0,-inf,0.0,-inf,0.05021084537843123,-2.991524232223423,0.04989111016098388,-2.9979124451823056,0.052069336587269484,-2.955179052674561,0.04795628647363956,-3.037465381477878,0.031692211767183176,-3.4516843138623656
0.96,0.04682188317561302,-3.06140459612181,0.0,-inf,0.0,-inf,0.0,-inf,0.049184107954798974,-3.012184716711335,0.048864372737351676,-3.018706721918532,0.05104259916363727,-2.9750947171897337,0.04692954905000734,-3.059107758213937,0.03103495944180141,-3.472640985970882
0.9700000000000002,0.04572049944292891,-3.0852085161666167,0.0,-inf,0.0,-inf,0.0,-inf,0.048082724222114855,-3.0348323301665765,0.04776298900466754,-3.041504228006255,0.04994121543095312,-2.9969086566022183,0.0458281653173232,-3.0828564136140852,0.030329923273076403,-3.49562048702186
0.98,0.04455018999363746,-3.111138860346299,0.0,-inf,0.0,-inf,0.0,-inf,0.04691241477282343,-3.059472931249034,0.04659267955537609,-3.066311841276984,0.04877090598166168,-3.020621332814682,0.044657855868031754,-3.1087250438428504,0.02958076522228481,-3.5206309524504302
0.9900000000000002,0.04331693323240304,-3.139211652697811,0.0,-inf,0.0,-inf,0.0,-inf,0.04567915801158901,-3.0861131461249904,0.04535942279414169,-3.09313734464048,0.04753764922042728,-3.0462332667281675,0.04342459910679733,-3.1367291987502632,0.02879131228577198,-3.547681594091813
1.0,0.04202691474681882,-3.169445038635698,0.0,-inf,0.0,-inf,0.0,-inf,0.04438913952600478,-3.114760444734869,0.04406940430855747,-3.1219895171572527,0.046247630734843066,-3.073745043690613,0.04213458062121313,-3.166886483024083,0.02796552408528326,-3.5767828101266996
1.0100000000000002,0.040686475975137804,-3.201859527375838,0.0,-inf,0.0,-inf,0.0,-inf,0.04304870075432378,-3.145423228486613,0.042728965536876454,-3.1528782389130408,0.044907191963162056,-3.103157319707676,0.04079414184953211,-3.1992167900002313,0.027107460008294115,-3.607946311919436
1.02,0.039302062762407435,-3.2364782738912825,0.0,-inf,0.0,-inf,0.0,-inf,0.04166428754159339,-3.1781109309799143,0.041344552324146085,-3.1858146116778245,0.04352277875043165,-3.1344708285088094,0.03940972863680173,-3.233742573442125,0.026221246276902685,-3.641185270239074
1.0300000000000002,0.03788017438241168,-3.273327407126501,0.0,-inf,0.0,-inf,0.0,-inf,0.040242399161597636,-3.2128341336558646,0.03992266394415032,-3.2208110976974655,0.04210089037043591,-3.1676863895759664,0.03798784025680598,-3.2704891637064613,0.02531104331490352,-3.6765144838245263
1.04,0.03642731358063929,-3.312436412634091,0.0,-inf,0.0,-inf,0.0,-inf,0.03878953835982525,-3.2496046986109977,0.03846980314237794,-3.2578816794034218,0.04064802956866353,-3.202804917258784,0.03653497945503359,-3.309485136075679,0.02438101376845646,-3.713950573822375
1.0500000000000003,0.034949938163692844,-3.3538385795830576,0.0,-inf,0.0,-inf,0.0,-inf,0.037312162942878806,-3.288435921226799,0.03699242772543149,-3.297042043352243,0.03917065415171708,-3.239827431119182,0.03505760403808715,-3.350762740726507,0.023435291516690396,-3.7535122083125128
1.06,0.0334544146238676,-3.3975715243188334,0.0,-inf,0.0,-inf,0.0,-inf,0.03581663940305355,-3.3293427057610803,0.035496904185606235,-3.3383097923426956,0.03767513061189183,-3.27875506767023,0.0335620804982619,-3.3943584059118566,0.022477951985093284,-3.795220361972813
1.0700000000000003,0.03194697424487747,-3.443677805463925,0.0,-inf,0.0,-inf,0.0,-inf,0.03430919902406344,-3.372341767646206,0.033989463806616105,-3.3817046904318993,0.0361676902329017,-3.319589093699655,0.03205464011927177,-3.440313328582331,0.021512984047175245,-3.8390986169573385
1.08,0.030433672086819286,-3.492205649109544,0.0,-inf,0.0,-inf,0.0,-inf,0.032795896866005245,-3.4174518669657603,0.03247616164855794,-3.4272489465168663,0.03465438807484353,-3.3623309213977643,0.0305413379612136,-3.488674170026414,0.020544263769238617,-3.885173512322263
1.0899999999999999,0.02892034919640719,-3.543209807199906,0.0,-inf,0.0,-inf,0.0,-inf,0.03128257397559316,-3.464694078468229,0.03096283875814584,-3.4749675433094063,0.03314106518443143,-3.4069821255439723,0.029028015070801504,-3.5394938783848495,0.019575530219760974,-3.9334749508942775
1.1,0.02741259833331549,-3.5967525780739127,0.0,-inf,0.0,-inf,0.0,-inf,0.02977482311250145,-3.5140921045644165,0.029455087895054122,-3.524888619967645,0.03163331432133972,-3.4535444630459344,0.02752026420770978,-3.59283266539223,0.018610363529568963,-3.984036674420487
1.1099999999999999,0.025915733446164855,-3.6529050257473337,0.0,-inf,0.0,-inf,0.0,-inf,0.028277958225350817,-3.565672639098012,0.027958223007903498,-3.5770439184322314,0.030136449434189094,-3.5020198951719763,0.026023399320559158,-3.6487591718266614,0.01765216535229625,-4.036896820278111
1.12,0.024434763073321285,-3.7117484445083253,0.0,-inf,0.0,-inf,0.0,-inf,0.02679698785250725,-3.6194657913451183,0.02647725263505993,-3.631469305748407,0.028655479061345517,-3.5524106128719617,0.024542428947715574,-3.707351865472968,0.016704141837258206,-4.092098576102789
1.13,0.022974367785261195,-3.7733761286266736,0.0,-inf,0.0,-inf,0.0,-inf,0.02533659256444716,-3.6755055817793574,0.025016857346999846,-3.688205387467918,0.027195083773285438,-3.6047190656454955,0.02308203365965551,-3.7687007277207334,0.015769289189481492,-4.149690952613302
1.1400000000000001,0.02153888172775555,-3.8378955246760675,0.0,-inf,0.0,-inf,0.0,-inf,0.023901106506941504,-3.7338305237547926,0.02358137128949419,-3.7472982307930893,0.02575959771577979,-3.6589479944913803,0.021646547602149846,-3.8329093013533235,0.014850381854818405,-4.2097296999348455
1.15,0.020132278269461918,-3.9054308679172793,0.0,-inf,0.0,-inf,0.0,-inf,0.02249450304864788,-3.7944843085690385,0.022174767831200565,-3.808800220685697,0.024352994257486157,-3.7151004695601855,0.020239944143856225,-3.900097194257578,0.013949963332443947,-4.272278399216859
1.1600000000000001,0.018758159704506044,-3.976126436990593,0.0,-inf,0.0,-inf,0.0,-inf,0.021120384483692013,-3.8575166155895144,0.02080064926624469,-3.8727710780387317,0.022978875692530282,-3.773179933235777,0.01886582557890035,-3.9704031640585113,0.01307033958309964,-4.337409769809035
1.17,0.017419750911041816,-4.050150606681722,0.0,-inf,0.0,-inf,0.0,-inf,0.019781975690227778,-3.9229840745486837,0.01946224047278046,-3.9392790766428254,0.02164046689906605,-3.8331902494941854,0.017527416785436116,-4.0439889505517534,0.012213574969705302,-4.405207243402588
1.1800000000000002,0.016119896821231924,-4.127700942592134,0.0,-inf,0.0,-inf,0.0,-inf,0.01848212160041789,-3.9909514141407954,0.018162386382970568,-4.008402505688478,0.020340612809256163,-3.895135760533557,0.016227562695626235,-4.121044081522211,0.011381490637800609,-4.475766871357619
1.19,0.014861063517138793,-4.209010673132422,0.0,-inf,0.0,-inf,0.0,-inf,0.01722328829632476,-4.061492840237981,0.016903553078877438,-4.080231437797031,0.019081779505163033,-3.9590213518411894,0.014968729391533094,-4.201791961137952,0.010575665217065208,-4.549199651341195
1.2000000000000002,0.01364534273106639,-4.294357007433623,0.0,-inf,0.0,-inf,0.0,-inf,0.01600756751025235,-4.134693699166351,0.015687832292805036,-4.154869880302994,0.017866058719090624,-4.0248525270689886,0.013753008605460684,-4.286497671134596,0.00979743770215266,-4.625634386455979
1.21,0.012474459498270663,-4.384071965075118,0.0,-inf,0.0,-inf,0.0,-inf,0.01483668427745663,-4.210652497645658,0.01451694906000931,-4.232438411497822,0.0166951754862949,-4.092635494333293,0.012582125372664971,-4.375478093437515,0.009047912351471404,-4.705221227276311
1.2200000000000002,0.01134978268483572,-4.478556681948535,0.0,-inf,0.0,-inf,0.0,-inf,0.013712007464021679,-4.289483372784557,0.013392272246574369,-4.313077436396371,0.015570498672859954,-4.162377265848213,0.01145744855923002,-4.469115231293887,0.008327965426464965,-4.788136099159239
1.23,0.010272338093990757,-4.578300618441576,0.0,-inf,0.0,-inf,0.0,-inf,0.012634562873176726,-4.371319135244075,0.012314827655729395,-4.396951242170218,0.014493054082014999,-4.234085773153122,0.01038000396838506,-4.567874018933768,0.007638253581446533,-4.874586290750012
1.2400000000000002,0.009242823840177689,-4.683907829609052,0.0,-inf,0.0,-inf,0.0,-inf,0.011605048619363647,-4.456315049745887,0.011285313401916325,-4.484253097550513,0.013463539828201926,-4.307770000618745,0.009350489714571988,-4.672326561163058,0.006979223705104265,-4.964817585426702
1.25,0.008261627671658325,-4.796133656181789,0.0,-inf,0.0,-inf,0.0,-inf,0.010623852450844285,-4.544653574630996,0.010304117233396963,-4.575211732220095,0.012482343659682558,-4.383440140428005,0.008369293546052625,-4.78318580114294,0.006351124009338219,-5.059123472397241
1.2600000000000002,0.007328845919142453,-4.915937221708396,0.0,-inf,0.0,-inf,0.0,-inf,0.009691070698328415,-4.636550364000074,0.009371335480881092,-4.67009966557931,0.011549561907166689,-4.461107772849138,0.007436511793536753,-4.901353385034035,0.005754016158972835,-5.157857205554181
1.27,0.0064443037495388695,-5.044558677978364,0.0,-inf,0.0,-inf,0.0,-inf,0.008806528528724836,-4.73226195428944,0.00848679331127751,-4.769244051858075,0.01066501973756311,-4.5407860763748245,0.006551969623933174,-5.027989568593951,0.005187788236926789,-5.261447831224005
1.2800000000000002,0.005607576410101305,-5.18363666525146,0.0,-inf,0.0,-inf,0.0,-inf,0.007969801189287267,-4.832095731373543,0.007650065971839951,-4.873041007410949,0.00982829239812554,-4.622490073226747,0.005715242284495604,-5.164618588146564,0.00465216834337081,-5.370421857669456
1.29,0.004818011158546674,-5.335394058779961,0.0,-inf,0.0,-inf,0.0,-inf,0.007180235937732636,-4.9364230360534505,0.006860500720285318,-4.981974848612842,0.009038727146570915,-4.70623691686211,0.004925677032940976,-5.313293545188572,0.00414673863400161,-5.485433125023191
1.3000000000000003,0.0040747495886858,-5.50294598480673,0.0,-inf,0.0,-inf,0.0,-inf,0.006436974367871767,-5.0456966679186905,0.006117239150424446,-5.096644403454478,0.00829546557671004,-4.792046229523608,0.0041824154630801,-5.476866337362528,0.003670949611497896,-5.607304900658648
1.31,0.0033767500782352824,-5.69084154735459,0.0,-inf,0.0,-inf,0.0,-inf,0.005738974857421245,-5.16047468086895,0.005419239639973927,-5.217799761199529,0.007597466066259518,-4.8799404996183755,0.003484415952629583,-5.6594548377297125,0.0032241344951889936,-5.737090738337844
1.3200000000000003,0.0027228101052439793,-5.906090805054637,0.0,-inf,0.0,-inf,0.0,-inf,0.005085034884429945,-5.281453389243603,0.004765299666982625,-5.346394854665035,0.006943526093268219,-4.969945550890197,0.0028304759796382796,-5.867310390784554,0.0028058829029809712,-5.876037029113123
1.33,0.002111588201449994,-6.160314912523322,0.0,-inf,0.0,-inf,0.0,-inf,0.004473812980635957,-5.409514218165649,0.004154077763188639,-5.483664833629136,0.006332304189474231,-5.062091098086582,0.002219254075844295,-6.110584141431165,0.0024163560682952286,-6.025494630507555
1.3399999999999999,0.0015416253343507856,-6.474918007196099,0.0,-inf,0.0,-inf,0.0,-inf,0.003903850113536749,-5.545792004217311,0.003584114896089431,-5.6312437263226345,0.005762341322375023,-5.156411407285784,0.001649291208745087,-6.407409653818991,0.002056383740664845,-6.186806304512857
1.35,0.0010113655343164782,-6.8964538471024355,0.0,-inf,0.0,-inf,0.0,-inf,0.0033735903135024424,-5.6917777268004395,0.0030538550960551238,-5.791350520575556,0.005232081522340715,-5.25294608346149,0.001119031408710779,-6.7952917814932885,0.0017274280208760782,-6.361121669832451
1.3599999999999999,0.0005191756082109647,-7.563268373240825,0.0,-inf,0.0,-inf,0.0,-inf,0.0028814003873969293,-5.849478857389444,0.0025616651699496094,-5.9670977749345715,0.004739891596235202,-5.351741013529248,0.0006268414826052649,-7.374816868106796,0.0014316595215514082,-6.548921002993834
1.37,6.336380625125814e-05,-9.66661773885243,0.0,-inf,0.0,-inf,0.0,-inf,0.0024255885854372215,-6.021681068399152,0.0021058533679899024,-6.163034493530098,0.0042840797942754975,-5.45284950045537,0.00017102968064555845,-8.673673445496664,0.001170997997022981,-6.7498989048522375
1.38,0.0,-inf,0.0,-inf,0.0,-inf,0.0,-inf,0.0020044221129987146,-6.212399482711104,0.0016846868955513938,-6.3861755511081,0.003862913321836987,-5.556333633593481,0.0,-inf,0.0009465395564446484,-6.962697795853625
1.3900000000000001,0.0,-inf,0.0,-inf,0.0,-inf,0.0,-inf,0.0016161434033797257,-6.427712583105192,0.0012964081859324066,-6.6481577723598235,0.0034746346122179997,-5.66226595305694,0.0,-inf,0.0007575881279369078,-7.185370686837013
1.4,0.0,-inf,0.0,-inf,0.0,-inf,0.0,-inf,0.001258985090844805,-6.677449366051359,0.0009392498733974854,-6.970429008301277,0.003117476299683078,-5.7707314827860285,0.0,-inf,0.0006020210303748259,-7.4152181790881855
1.4100000000000001,0.0,-inf,0.0,-inf,0.0,-inf,0.0,-inf,0.0009311836452827702,-6.979054044196777,0.0006114484278354497,-7.39967994353925,0.002789674854121044,-5.881830229681707,0.0,-inf,0.00047635532368527767,-7.649346503878812
1.42,0.0,-inf,0.0,-inf,0.0,-inf,0.0,-inf,0.0006309916503117605,-7.368217927980087,0.00031125643286444,-8.074893442561375,0.0024894828591500323,-5.995680277163811,0.0,-inf,0.0003764611305000594,-7.88469575509751
1.4300000000000002,0.0,-inf,0.0,-inf,0.0,-inf,0.0,-inf,0.00035668872544919927,-7.938647074035052,3.6953508001879024e-05,-10.205849975918746,0.0022151799342874728,-6.11242164434308,0.0,-inf,0.0002980468750890266,-8.118259784872588
1.44,0.0,-inf,0.0,-inf,0.0,-inf,0.0,-inf,0.0001065911099065989,-9.146510446458835,0.0,-inf,0.001965082318744873,-6.232221142047349,0.0,-inf,0.00023691062884432043,-8.34782758143065
1.4500000000000002,0.0,-inf,0.0,-inf,0.0,-inf,0.0,-inf,0.0,-inf,0.0,-inf,0.0017375511494106548,-6.355278542448902,0.0,-inf,0.00018949489966610324,-8.571148448494748
1.46,0.0,-inf,0.0,-inf,0.0,-inf,0.0,-inf,0.0,-inf,0.0,-inf,0.0015309994786053356,-6.481834502864888,0.0,-inf,0.0001529190667319934,-8.78560175213668
1.4700000000000002,0.0,-inf,0.0,-inf,0.0,-inf,0.0,-inf,0.0,-inf,0.0,-inf,0.0013438980882219548,-6.6121808669720155,0.0,-inf,0.00012456392281839695,-8.99069153753048
1.48,0.0,-inf,0.0,-inf,0.0,-inf,0.0,-inf,0.0,-inf,0.0,-inf,0.0011747801659329328,-6.746674241713096,0.0,-inf,0.00010260219206403154,-9.18465126030933
1.4900000000000002,0.0,-inf,0.0,-inf,0.0,-inf,0.0,-inf,0.0,-inf,0.0,-inf,0.0010222449163110625,-6.885754171770712,0.0,-inf,8.556006950052446e-05,-9.366291861448804
1.5,0.0,-inf,0.0,-inf,0.0,-inf,0.0,-inf,0.0,-inf,0.0,-inf,0.0008849601850681062,-7.029967902591972,0.0,-inf,7.221054203516614e-05,-9.535924511156747
1.5100000000000002,0.0,-inf,0.0,-inf,0.0,-inf,0.0,-inf,0.0,-inf,0.0,-inf,0.0007616641782684934,-7.180004810352969,0.0,-inf,6.169956257381675e-05,-9.693233716643432
1.52,0.0,-inf,0.0,-inf,0.0,-inf,0.0,-inf,0.0,-inf,0.0,-inf,0.00065116636045932,-7.336745402381567,0.0,-inf,5.3357688289311557e-05,-9.838492480209322
1.5300000000000002,0.0,-inf,0.0,-inf,0.0,-inf,0.0,-inf,0.0,-inf,0.0,-inf,0.0005523476163122323,-7.501332970193942,0.0,-inf,4.670900091569842e-05,-9.97157367276703
1.54,0.0,-inf,0.0,-inf,0.0,-inf,0.0,-inf,0.0,-inf,0.0,-inf,0.00046415975975153855,-7.675281755189689,0.0,-inf,4.1386203490550846e-05,-10.09256298169331
1.5500000000000003,0.0,-inf,0.0,-inf,0.0,-inf,0.0,-inf,0.0,-inf,0.0,-inf,0.00038562447280194543,-7.860646530431792,0.0,-inf,3.704636864936223e-05,-10.203340223188647
1.56,0.0,-inf,0.0,-inf,0.0,-inf,0.0,-inf,0.0,-inf,0.0,-inf,0.00031583175368878286,-8.060300911201399,0.0,-inf,3.351426329381662e-05,-10.30353943978289
1.5700000000000003,0.0,-inf,0.0,-inf,0.0,-inf,0.0,-inf,0.0,-inf,0.0,-inf,0.0002539379502193525,-8.278420611264506,0.0,-inf,3.061778808565994e-05,-10.393929407912253
1.58,0.0,-inf,0.0,-inf,0.0,-inf,0.0,-inf,0.0,-inf,0.0,-inf,0.0001991634503197786,-8.521384711979147,0.0,-inf,2.823780096849249e-05,-10.47484901775887
1.5899999999999999,0.0,-inf,0.0,-inf,0.0,-inf,0.0,-inf,0.0,-inf,0.0,-inf,0.00015079009694195879,-8.799621774692959,0.0,-inf,2.6266458365528258e-05,-10.547217780046381
1.6,0.0,-inf,0.0,-inf,0.0,-inf,0.0,-inf,0.0,-inf,0.0,-inf,0.00010815838952732339,-9.131913835505664,0.0,-inf,2.4629499089041543e-05,-10.611565683470973
1.6099999999999999,0.0,-inf,0.0,-inf,0.0,-inf,0.0,-inf,0.0,-inf,0.0,-inf,7.066452894348951e-05,-9.557566823217613,0.0,-inf,2.3265071919318477e-05,-10.668557381362813
1.62,0.0,-inf,0.0,-inf,0.0,-inf,0.0,-inf,0.0,-inf,0.0,-inf,3.7757357411360325e-05,-10.184330202945269,0.0,-inf,2.2116878165862934e-05,-10.719169523012344
1.63,0.0,-inf,0.0,-inf,0.0,-inf,0.0,-inf,0.0,-inf,0.0,-inf,8.935239515664965e-06,-11.62550760325834,0.0,-inf,2.1155169138447842e-05,-10.76362627862459
1.6400000000000001,0.0,-inf,0.0,-inf,0.0,-inf,0.0,-inf,0.0,-inf,0.0,-inf,0.0,-inf,0.0,-inf,2.0345726138223155e-05,-10.802639685910224
1.65,0.0,-inf,0.0,-inf,0.0,-inf,0.0,-inf,0.0,-inf,0.0,-inf,0.0,-inf,0.0,-inf,1.965545392348286e-05,-10.837155704801905
1.6600000000000001,0.0,-inf,0.0,-inf,0.0,-inf,0.0,-inf,0.0,-inf,0.0,-inf,0.0,-inf,0.0,-inf,1.9073103752970742e-05,-10.867231395802326
1.67,0.0,-inf,0.0,-inf,0.0,-inf,0.0,-inf,0.0,-inf,0.0,-inf,0.0,-inf,0.0,-inf,1.857842415466073e-05,-10.89350964224112
1.6800000000000002,0.0,-inf,0.0,-inf,0.0,-inf,0.0,-inf,0.0,-inf,0.0,-inf,0.0,-inf,0.0,-inf,1.8166672485850807e-05,-10.915921824641174
1.69,0.0,-inf,0.0,-inf,0.0,-inf,0.0,-inf,0.0,-inf,0.0,-inf,0.0,-inf,0.0,-inf,1.7813699554732955e-05,-10.935542758779267
1.7000000000000002,0.0,-inf,0.0,-inf,0.0,-inf,0.0,-inf,0.0,-inf,0.0,-inf,0.0,-inf,0.0,-inf,1.75120456903012e-05,-10.952621588661849
1.71,0.0,-inf,0.0,-inf,0.0,-inf,0.0,-inf,0.0,-inf,0.0,-inf,0.0,-inf,0.0,-inf,1.725694097481095e-05,-10.967296120066798
1.7200000000000002,0.0,-inf,0.0,-inf,0.0,-inf,0.0,-inf,0.0,-inf,0.0,-inf,0.0,-inf,0.0,-inf,1.7038911087905744e-05,-10.980010941896923
1.73,0.0,-inf,0.0,-inf,0.0,-inf,0.0,-inf,0.0,-inf,0.0,-inf,0.0,-inf,0.0,-inf,1.6854559586567542e-05,-10.990889339161754
1.7400000000000002,0.0,-inf,0.0,-inf,0.0,-inf,0.0,-inf,0.0,-inf,0.0,-inf,0.0,-inf,0.0,-inf,1.6697743856700567e-05,-11.00023694606934
1.75,0.0,-inf,0.0,-inf,0.0,-inf,0.0,-inf,0.0,-inf,0.0,-inf,0.0,-inf,0.0,-inf,1.6565667201418095e-05,-11.008178245244002
1.7600000000000002,0.0,-inf,0.0,-inf,0.0,-inf,0.0,-inf,0.0,-inf,0.0,-inf,0.0,-inf,0.0,-inf,1.6453961431150923e-05,-11.01494429326119
1.77,0.0,-inf,0.0,-inf,0.0,-inf,0.0,-inf,0.0,-inf,0.0,-inf,0.0,-inf,0.0,-inf,1.6359830231152802e-05,-11.020681603912415
1.7800000000000002,0.0,-inf,0.0,-inf,0.0,-inf,0.0,-inf,0.0,-inf,0.0,-inf,0.0,-inf,0.0,-inf,1.627985847172084e-05,-11.025581890810908
1.79,0.0,-inf,0.0,-inf,0.0,-inf,0.0,-inf,0.0,-inf,0.0,-inf,0.0,-inf,0.0,-inf,1.6212052475259086e-05,-11.029755612387568
1.8000000000000003,0.0,-inf,0.0,-inf,0.0,-inf,0.0,-inf,0.0,-inf,0.0,-inf,0.0,-inf,0.0,-inf,1.615467663873702e-05,-11.033300975060406
1.81,0.0,-inf,0.0,-inf,0.0,-inf,0.0,-inf,0.0,-inf,0.0,-inf,0.0,-inf,0.0,-inf,1.6106223660107715e-05,-11.036304797930374
1.8200000000000003,0.0,-inf,0.0,-inf,0.0,-inf,0.0,-inf,0.0,-inf,0.0,-inf,0.0,-inf,0.0,-inf,1.606584429385227e-05,-11.03881501191577
1.83,0.0,-inf,0.0,-inf,0.0,-inf,0.0,-inf,0.0,-inf,0.0,-inf,0.0,-inf,0.0,-inf,1.6032144562277095e-05,-11.040914815994372
1.8399999999999999,0.0,-inf,0.0,-inf,0.0,-inf,0.0,-inf,0.0,-inf,0.0,-inf,0.0,-inf,0.0,-inf,1.600385570445909e-05,-11.042680883227185
1.85,0.0,-inf,0.0,-inf,0.0,-inf,0.0,-inf,0.0,-inf,0.0,-inf,0.0,-inf,0.0,-inf,1.5980156226695523e-05,-11.044162841284978
1.8599999999999999,0.0,-inf,0.0,-inf,0.0,-inf,0.0,-inf,0.0,-inf,0.0,-inf,0.0,-inf,0.0,-inf,1.596034107385055e-05,-11.045403595628944
1.87,0.0,-inf,0.0,-inf,0.0,-inf,0.0,-inf,0.0,-inf,0.0,-inf,0.0,-inf,0.0,-inf,1.5943806529431287e-05,-11.04644010950828
1.88,0.0,-inf,0.0,-inf,0.0,-inf,0.0,-inf,0.0,-inf,0.0,-inf,0.0,-inf,0.0,-inf,1.593003684336542e-05,-11.047304121216026
1.8900000000000001,0.0,-inf,0.0,-inf,0.0,-inf,0.0,-inf,0.0,-inf,0.0,-inf,0.0,-inf,0.0,-inf,1.5918592426664687e-05,-11.04802279686742
1.9,0.0,-inf,0.0,-inf,0.0,-inf,0.0,-inf,0.0,-inf,0.0,-inf,0.0,-inf,0.0,-inf,1.590909946124743e-05,-11.04861931927515
1.9100000000000001,0.0,-inf,0.0,-inf,0.0,-inf,0.0,-inf,0.0,-inf,0.0,-inf,0.0,-inf,0.0,-inf,1.5901240782782997e-05,-11.04911341512977
1.92,0.0,-inf,0.0,-inf,0.0,-inf,0.0,-inf,0.0,-inf,0.0,-inf,0.0,-inf,0.0,-inf,1.5894747904270285e-05,-11.049521823792062
1.9300000000000002,0.0,-inf,0.0,-inf,0.0,-inf,0.0,-inf,0.0,-inf,0.0,-inf,0.0,-inf,0.0,-inf,1.588939405797716e-05,-11.049858711687298
1.94,0.0,-inf,0.0,-inf,0.0,-inf,0.0,-inf,0.0,-inf,0.0,-inf,0.0,-inf,0.0,-inf,1.5884988143181513e-05,-11.050136036659094
1.9500000000000002,0.0,-inf,0.0,-inf,0.0,-inf,0.0,-inf,0.0,-inf,0.0,-inf,0.0,-inf,0.0,-inf,1.5881369476735705e-05,-11.05036386677451
1.96,0.0,-inf,0.0,-inf,0.0,-inf,0.0,-inf,0.0,-inf,0.0,-inf,0.0,-inf,0.0,-inf,1.5878403252718828e-05,-11.050550658037205
1.9700000000000002,0.0,-inf,0.0,-inf,0.0,-inf,0.0,-inf,0.0,-inf,0.0,-inf,0.0,-inf,0.0,-inf,1.5875976626266254e-05,-11.050703495312979
1.98,0.0,-inf,0.0,-inf,0.0,-inf,0.0,-inf,0.0,-inf,0.0,-inf,0.0,-inf,0.0,-inf,1.5873995345013162e-05,-11.050828300541623
1.9900000000000002,0.0,-inf,0.0,-inf,0.0,-inf,0.0,-inf,0.0,-inf,0.0,-inf,0.0,-inf,0.0,-inf,1.587238085942173e-05,-11.050930012030356
2.0,0.0,-inf,0.0,-inf,0.0,-inf,0.0,-inf,0.0,-inf,0.0,-inf,0.0,-inf,0.0,-inf,1.587106785055385e-05,-11.051012738320157
