backend,state_id,source_role,source_seed,grid_size,checkpoint,attempt,attempt_status,selected_proposal,acceptance_fraction,accepted_transitions,action_index,burn_in,chain_index,initialization,proposal_seed,retained_count,total_transitions,uniform_seed,wall_seconds,work,maximum_split_rhat,minimum_gap_ess,initial_angle_max,initial_angle_min,likelihood_evaluations,maximum_likelihood_evaluations_one_transition,mean_likelihood_evaluations_per_transition
LAPLACE_INDEPENDENCE_MH,calibration_n24_r-2_early_q4,calibration,2026082401,24,early,1,NOT_SELECTED,CURVATURE_TEMPERED_LAMBDA_0.40,0.0,0,227,1024,0,LAPLACE_MODE,1255884503,4096,5120,3564963435,0.1377803748473525,"{""factor_energy_evaluations"": 2949696, ""factor_gradient_elements"": 0, ""factor_hessian_elements"": 0, ""sparse_comparison_solves"": 0}",8.029199249565174,12993.633999915812,,,,,
LAPLACE_INDEPENDENCE_MH,calibration_n24_r-2_early_q4,calibration,2026082401,24,early,1,NOT_SELECTED,CURVATURE_TEMPERED_LAMBDA_0.40,0.6662109375,3411,227,1024,1,INDEPENDENT_SELECTED_PROPOSAL_DRAW,2822798299,4096,5120,3425258390,0.1495548340026289,"{""factor_energy_evaluations"": 2949696, ""factor_gradient_elements"": 0, ""factor_hessian_elements"": 0, ""sparse_comparison_solves"": 0}",8.029199249565174,12993.633999915812,,,,,
LAPLACE_INDEPENDENCE_MH,calibration_n24_r-2_early_q4,calibration,2026082401,24,early,1,NOT_SELECTED,CURVATURE_TEMPERED_LAMBDA_0.40,0.65859375,3372,347,1024,2,INDEPENDENT_SELECTED_PROPOSAL_DRAW,478072199,4096,5120,1117588945,0.141022042138502,"{""factor_energy_evaluations"": 2949696, ""factor_gradient_elements"": 0, ""factor_hessian_elements"": 0, ""sparse_comparison_solves"": 0}",8.029199249565174,12993.633999915812,,,,,
LAPLACE_INDEPENDENCE_MH,calibration_n24_r-2_early_q4,calibration,2026082401,24,early,1,NOT_SELECTED,CURVATURE_TEMPERED_LAMBDA_0.40,0.671484375,3438,227,1024,3,INDEPENDENT_SELECTED_PROPOSAL_DRAW,528541409,4096,5120,1953800447,0.1384558749850839,"{""factor_energy_evaluations"": 2949696, ""factor_gradient_elements"": 0, ""factor_hessian_elements"": 0, ""sparse_comparison_solves"": 0}",8.029199249565174,12993.633999915812,,,,,
LAPLACE_INDEPENDENCE_MH,calibration_n24_r-2_early_q4,calibration,2026082401,24,early,1,NOT_SELECTED,CURVATURE_TEMPERED_LAMBDA_0.40,0.6671875,3416,228,1024,4,INDEPENDENT_SELECTED_PROPOSAL_DRAW,2447073554,4096,5120,2964035381,0.1372099579311907,"{""factor_energy_evaluations"": 2949696, ""factor_gradient_elements"": 0, ""factor_hessian_elements"": 0, ""sparse_comparison_solves"": 0}",8.029199249565174,12993.633999915812,,,,,
LAPLACE_INDEPENDENCE_MH,calibration_n24_r-2_early_q4,calibration,2026082401,24,early,1,NOT_SELECTED,CURVATURE_TEMPERED_LAMBDA_0.40,0.650390625,3330,228,1024,5,INDEPENDENT_SELECTED_PROPOSAL_DRAW,3318427991,4096,5120,2685507815,0.1482995001133531,"{""factor_energy_evaluations"": 2949696, ""factor_gradient_elements"": 0, ""factor_hessian_elements"": 0, ""sparse_comparison_solves"": 0}",8.029199249565174,12993.633999915812,,,,,
LAPLACE_INDEPENDENCE_MH,calibration_n24_r-2_early_q4,calibration,2026082401,24,early,1,NOT_SELECTED,CURVATURE_TEMPERED_LAMBDA_0.40,0.6560546875,3359,228,1024,6,INDEPENDENT_SELECTED_PROPOSAL_DRAW,591064947,4096,5120,307287451,0.1403653330635279,"{""factor_energy_evaluations"": 2949696, ""factor_gradient_elements"": 0, ""factor_hessian_elements"": 0, ""sparse_comparison_solves"": 0}",8.029199249565174,12993.633999915812,,,,,
LAPLACE_INDEPENDENCE_MH,calibration_n24_r-2_early_q4,calibration,2026082401,24,early,1,NOT_SELECTED,CURVATURE_TEMPERED_LAMBDA_0.40,0.6646484375,3403,227,1024,7,INDEPENDENT_SELECTED_PROPOSAL_DRAW,3398559813,4096,5120,1020989235,0.1367157499771565,"{""factor_energy_evaluations"": 2949696, ""factor_gradient_elements"": 0, ""factor_hessian_elements"": 0, ""sparse_comparison_solves"": 0}",8.029199249565174,12993.633999915812,,,,,
LAPLACE_INDEPENDENCE_MH,calibration_n24_r-2_middle_q8,calibration,2026082401,24,middle,1,NOT_SELECTED,CURVATURE_TEMPERED_LAMBDA_0.40,0.0,0,127,1024,0,LAPLACE_MODE,999561328,4096,5120,1651609814,0.1398538330104202,"{""factor_energy_evaluations"": 2949696, ""factor_gradient_elements"": 0, ""factor_hessian_elements"": 0, ""sparse_comparison_solves"": 0}",7.976347293238754,13121.841556650334,,,,,
LAPLACE_INDEPENDENCE_MH,calibration_n24_r-2_middle_q8,calibration,2026082401,24,middle,1,NOT_SELECTED,CURVATURE_TEMPERED_LAMBDA_0.40,0.656640625,3362,323,1024,1,INDEPENDENT_SELECTED_PROPOSAL_DRAW,4085369303,4096,5120,1058845708,0.1382926248479634,"{""factor_energy_evaluations"": 2949696, ""factor_gradient_elements"": 0, ""factor_hessian_elements"": 0, ""sparse_comparison_solves"": 0}",7.976347293238754,13121.841556650334,,,,,
LAPLACE_INDEPENDENCE_MH,calibration_n24_r-2_middle_q8,calibration,2026082401,24,middle,1,NOT_SELECTED,CURVATURE_TEMPERED_LAMBDA_0.40,0.6625,3392,252,1024,2,INDEPENDENT_SELECTED_PROPOSAL_DRAW,2363870702,4096,5120,34053016,0.1369849168695509,"{""factor_energy_evaluations"": 2949696, ""factor_gradient_elements"": 0, ""factor_hessian_elements"": 0, ""sparse_comparison_solves"": 0}",7.976347293238754,13121.841556650334,,,,,
LAPLACE_INDEPENDENCE_MH,calibration_n24_r-2_middle_q8,calibration,2026082401,24,middle,1,NOT_SELECTED,CURVATURE_TEMPERED_LAMBDA_0.40,0.65078125,3332,203,1024,3,INDEPENDENT_SELECTED_PROPOSAL_DRAW,2706975052,4096,5120,2827469440,0.140507334144786,"{""factor_energy_evaluations"": 2949696, ""factor_gradient_elements"": 0, ""factor_hessian_elements"": 0, ""sparse_comparison_solves"": 0}",7.976347293238754,13121.841556650334,,,,,
LAPLACE_INDEPENDENCE_MH,calibration_n24_r-2_middle_q8,calibration,2026082401,24,middle,1,NOT_SELECTED,CURVATURE_TEMPERED_LAMBDA_0.40,0.6658203125,3409,204,1024,4,INDEPENDENT_SELECTED_PROPOSAL_DRAW,271382459,4096,5120,2471266602,0.1368267498910427,"{""factor_energy_evaluations"": 2949696, ""factor_gradient_elements"": 0, ""factor_hessian_elements"": 0, ""sparse_comparison_solves"": 0}",7.976347293238754,13121.841556650334,,,,,
LAPLACE_INDEPENDENCE_MH,calibration_n24_r-2_middle_q8,calibration,2026082401,24,middle,1,NOT_SELECTED,CURVATURE_TEMPERED_LAMBDA_0.40,0.684375,3504,371,1024,5,INDEPENDENT_SELECTED_PROPOSAL_DRAW,1893046519,4096,5120,3441066863,0.1374658329878002,"{""factor_energy_evaluations"": 2949696, ""factor_gradient_elements"": 0, ""factor_hessian_elements"": 0, ""sparse_comparison_solves"": 0}",7.976347293238754,13121.841556650334,,,,,
LAPLACE_INDEPENDENCE_MH,calibration_n24_r-2_middle_q8,calibration,2026082401,24,middle,1,NOT_SELECTED,CURVATURE_TEMPERED_LAMBDA_0.40,0.6607421875,3383,204,1024,6,INDEPENDENT_SELECTED_PROPOSAL_DRAW,713916905,4096,5120,3859005353,0.1359854170586913,"{""factor_energy_evaluations"": 2949696, ""factor_gradient_elements"": 0, ""factor_hessian_elements"": 0, ""sparse_comparison_solves"": 0}",7.976347293238754,13121.841556650334,,,,,
LAPLACE_INDEPENDENCE_MH,calibration_n24_r-2_middle_q8,calibration,2026082401,24,middle,1,NOT_SELECTED,CURVATURE_TEMPERED_LAMBDA_0.40,0.655859375,3358,371,1024,7,INDEPENDENT_SELECTED_PROPOSAL_DRAW,3611698616,4096,5120,1199382096,0.1405996659304946,"{""factor_energy_evaluations"": 2949696, ""factor_gradient_elements"": 0, ""factor_hessian_elements"": 0, ""sparse_comparison_solves"": 0}",7.976347293238754,13121.841556650334,,,,,
LAPLACE_INDEPENDENCE_MH,calibration_n24_r-2_late_q12,calibration,2026082401,24,late,1,NOT_SELECTED,CURVATURE_TEMPERED_LAMBDA_0.40,0.0,0,127,1024,0,LAPLACE_MODE,4164622177,4096,5120,4062557275,0.1337176668457687,"{""factor_energy_evaluations"": 2949696, ""factor_gradient_elements"": 0, ""factor_hessian_elements"": 0, ""sparse_comparison_solves"": 0}",7.9611773450770995,12844.876042069882,,,,,
LAPLACE_INDEPENDENCE_MH,calibration_n24_r-2_late_q12,calibration,2026082401,24,late,1,NOT_SELECTED,CURVATURE_TEMPERED_LAMBDA_0.40,0.675390625,3458,371,1024,1,INDEPENDENT_SELECTED_PROPOSAL_DRAW,1775603500,4096,5120,2224864322,0.1341153329703956,"{""factor_energy_evaluations"": 2949696, ""factor_gradient_elements"": 0, ""factor_hessian_elements"": 0, ""sparse_comparison_solves"": 0}",7.9611773450770995,12844.876042069882,,,,,
LAPLACE_INDEPENDENCE_MH,calibration_n24_r-2_late_q12,calibration,2026082401,24,late,1,NOT_SELECTED,CURVATURE_TEMPERED_LAMBDA_0.40,0.6494140625,3325,371,1024,2,INDEPENDENT_SELECTED_PROPOSAL_DRAW,3900913568,4096,5120,2355091079,0.1346527498681098,"{""factor_energy_evaluations"": 2949696, ""factor_gradient_elements"": 0, ""factor_hessian_elements"": 0, ""sparse_comparison_solves"": 0}",7.9611773450770995,12844.876042069882,,,,,
LAPLACE_INDEPENDENCE_MH,calibration_n24_r-2_late_q12,calibration,2026082401,24,late,1,NOT_SELECTED,CURVATURE_TEMPERED_LAMBDA_0.40,0.6619140625,3389,251,1024,3,INDEPENDENT_SELECTED_PROPOSAL_DRAW,321084427,4096,5120,3539035707,0.1359315000008791,"{""factor_energy_evaluations"": 2949696, ""factor_gradient_elements"": 0, ""factor_hessian_elements"": 0, ""sparse_comparison_solves"": 0}",7.9611773450770995,12844.876042069882,,,,,
LAPLACE_INDEPENDENCE_MH,calibration_n24_r-2_late_q12,calibration,2026082401,24,late,1,NOT_SELECTED,CURVATURE_TEMPERED_LAMBDA_0.40,0.6671875,3416,371,1024,4,INDEPENDENT_SELECTED_PROPOSAL_DRAW,1597642610,4096,5120,4280773928,0.1359993340447545,"{""factor_energy_evaluations"": 2949696, ""factor_gradient_elements"": 0, ""factor_hessian_elements"": 0, ""sparse_comparison_solves"": 0}",7.9611773450770995,12844.876042069882,,,,,
LAPLACE_INDEPENDENCE_MH,calibration_n24_r-2_late_q12,calibration,2026082401,24,late,1,NOT_SELECTED,CURVATURE_TEMPERED_LAMBDA_0.40,0.6755859375,3459,371,1024,5,INDEPENDENT_SELECTED_PROPOSAL_DRAW,2998758882,4096,5120,3313311669,0.1448678751476109,"{""factor_energy_evaluations"": 2949696, ""factor_gradient_elements"": 0, ""factor_hessian_elements"": 0, ""sparse_comparison_solves"": 0}",7.9611773450770995,12844.876042069882,,,,,
LAPLACE_INDEPENDENCE_MH,calibration_n24_r-2_late_q12,calibration,2026082401,24,late,1,NOT_SELECTED,CURVATURE_TEMPERED_LAMBDA_0.40,0.6701171875,3431,371,1024,6,INDEPENDENT_SELECTED_PROPOSAL_DRAW,288670484,4096,5120,3875159315,0.1660682088695466,"{""factor_energy_evaluations"": 2949696, ""factor_gradient_elements"": 0, ""factor_hessian_elements"": 0, ""sparse_comparison_solves"": 0}",7.9611773450770995,12844.876042069882,,,,,
LAPLACE_INDEPENDENCE_MH,calibration_n24_r-2_late_q12,calibration,2026082401,24,late,1,NOT_SELECTED,CURVATURE_TEMPERED_LAMBDA_0.40,0.65,3328,371,1024,7,INDEPENDENT_SELECTED_PROPOSAL_DRAW,487400816,4096,5120,960906638,0.146365457912907,"{""factor_energy_evaluations"": 2949696, ""factor_gradient_elements"": 0, ""factor_hessian_elements"": 0, ""sparse_comparison_solves"": 0}",7.9611773450770995,12844.876042069882,,,,,
LAPLACE_INDEPENDENCE_MH,calibration_n40_r-2_early_q4,calibration,2026082401,40,early,1,NOT_SELECTED,BASELINE_LAPLACE_INFLATION_1.10,0.0,0,900,1024,0,LAPLACE_MODE,1364788121,4096,5120,251901308,0.4179154590237885,"{""factor_energy_evaluations"": 8193600, ""factor_gradient_elements"": 0, ""factor_hessian_elements"": 0, ""sparse_comparison_solves"": 0}",12.943012830372016,1169.5993637235654,,,,,
LAPLACE_INDEPENDENCE_MH,calibration_n40_r-2_early_q4,calibration,2026082401,40,early,1,NOT_SELECTED,BASELINE_LAPLACE_INFLATION_1.10,0.40625,2080,899,1024,1,INDEPENDENT_SELECTED_PROPOSAL_DRAW,3642155027,4096,5120,3898421568,0.4021756250876933,"{""factor_energy_evaluations"": 8193600, ""factor_gradient_elements"": 0, ""factor_hessian_elements"": 0, ""sparse_comparison_solves"": 0}",12.943012830372016,1169.5993637235654,,,,,
LAPLACE_INDEPENDENCE_MH,calibration_n40_r-2_early_q4,calibration,2026082401,40,early,1,NOT_SELECTED,BASELINE_LAPLACE_INFLATION_1.10,0.378125,1936,699,1024,2,INDEPENDENT_SELECTED_PROPOSAL_DRAW,841768643,4096,5120,2743177795,0.4610371249727905,"{""factor_energy_evaluations"": 8193600, ""factor_gradient_elements"": 0, ""factor_hessian_elements"": 0, ""sparse_comparison_solves"": 0}",12.943012830372016,1169.5993637235654,,,,,
LAPLACE_INDEPENDENCE_MH,calibration_n40_r-2_early_q4,calibration,2026082401,40,early,1,NOT_SELECTED,BASELINE_LAPLACE_INFLATION_1.10,0.3619140625,1853,900,1024,3,INDEPENDENT_SELECTED_PROPOSAL_DRAW,3108274979,4096,5120,2495550158,0.4098062498960644,"{""factor_energy_evaluations"": 8193600, ""factor_gradient_elements"": 0, ""factor_hessian_elements"": 0, ""sparse_comparison_solves"": 0}",12.943012830372016,1169.5993637235654,,,,,
LAPLACE_INDEPENDENCE_MH,calibration_n40_r-2_early_q4,calibration,2026082401,40,early,1,NOT_SELECTED,BASELINE_LAPLACE_INFLATION_1.10,0.3796875,1944,900,1024,4,INDEPENDENT_SELECTED_PROPOSAL_DRAW,3117261894,4096,5120,317519468,0.410104125039652,"{""factor_energy_evaluations"": 8193600, ""factor_gradient_elements"": 0, ""factor_hessian_elements"": 0, ""sparse_comparison_solves"": 0}",12.943012830372016,1169.5993637235654,,,,,
LAPLACE_INDEPENDENCE_MH,calibration_n40_r-2_early_q4,calibration,2026082401,40,early,1,NOT_SELECTED,BASELINE_LAPLACE_INFLATION_1.10,0.3421875,1752,699,1024,5,INDEPENDENT_SELECTED_PROPOSAL_DRAW,2525074460,4096,5120,2333589922,0.402198834111914,"{""factor_energy_evaluations"": 8193600, ""factor_gradient_elements"": 0, ""factor_hessian_elements"": 0, ""sparse_comparison_solves"": 0}",12.943012830372016,1169.5993637235654,,,,,
LAPLACE_INDEPENDENCE_MH,calibration_n40_r-2_early_q4,calibration,2026082401,40,early,1,NOT_SELECTED,BASELINE_LAPLACE_INFLATION_1.10,0.387890625,1986,900,1024,6,INDEPENDENT_SELECTED_PROPOSAL_DRAW,1864489098,4096,5120,1560819135,0.4273843329865485,"{""factor_energy_evaluations"": 8193600, ""factor_gradient_elements"": 0, ""factor_hessian_elements"": 0, ""sparse_comparison_solves"": 0}",12.943012830372016,1169.5993637235654,,,,,
LAPLACE_INDEPENDENCE_MH,calibration_n40_r-2_early_q4,calibration,2026082401,40,early,1,NOT_SELECTED,BASELINE_LAPLACE_INFLATION_1.10,0.3822265625,1957,900,1024,7,INDEPENDENT_SELECTED_PROPOSAL_DRAW,2792164180,4096,5120,2945582980,0.4040211250539869,"{""factor_energy_evaluations"": 8193600, ""factor_gradient_elements"": 0, ""factor_hessian_elements"": 0, ""sparse_comparison_solves"": 0}",12.943012830372016,1169.5993637235654,,,,,
LAPLACE_INDEPENDENCE_MH,calibration_n40_r-2_middle_q8,calibration,2026082401,40,middle,1,NOT_SELECTED,CURVATURE_TEMPERED_LAMBDA_0.40,0.0,0,535,1024,0,LAPLACE_MODE,3374983488,4096,5120,2046030826,0.4123383748810738,"{""factor_energy_evaluations"": 8193600, ""factor_gradient_elements"": 0, ""factor_hessian_elements"": 0, ""sparse_comparison_solves"": 0}",13.28088368707432,5038.763215207022,,,,,
LAPLACE_INDEPENDENCE_MH,calibration_n40_r-2_middle_q8,calibration,2026082401,40,middle,1,NOT_SELECTED,CURVATURE_TEMPERED_LAMBDA_0.40,0.4638671875,2375,739,1024,1,INDEPENDENT_SELECTED_PROPOSAL_DRAW,3739619633,4096,5120,363306049,0.4057916251476854,"{""factor_energy_evaluations"": 8193600, ""factor_gradient_elements"": 0, ""factor_hessian_elements"": 0, ""sparse_comparison_solves"": 0}",13.28088368707432,5038.763215207022,,,,,
LAPLACE_INDEPENDENCE_MH,calibration_n40_r-2_middle_q8,calibration,2026082401,40,middle,1,NOT_SELECTED,CURVATURE_TEMPERED_LAMBDA_0.40,0.446875,2288,740,1024,2,INDEPENDENT_SELECTED_PROPOSAL_DRAW,1920811862,4096,5120,2336424064,0.4275765840429812,"{""factor_energy_evaluations"": 8193600, ""factor_gradient_elements"": 0, ""factor_hessian_elements"": 0, ""sparse_comparison_solves"": 0}",13.28088368707432,5038.763215207022,,,,,
LAPLACE_INDEPENDENCE_MH,calibration_n40_r-2_middle_q8,calibration,2026082401,40,middle,1,NOT_SELECTED,CURVATURE_TEMPERED_LAMBDA_0.40,0.4474609375,2291,659,1024,3,INDEPENDENT_SELECTED_PROPOSAL_DRAW,79710249,4096,5120,1327777642,0.4108457090333104,"{""factor_energy_evaluations"": 8193600, ""factor_gradient_elements"": 0, ""factor_hessian_elements"": 0, ""sparse_comparison_solves"": 0}",13.28088368707432,5038.763215207022,,,,,
LAPLACE_INDEPENDENCE_MH,calibration_n40_r-2_middle_q8,calibration,2026082401,40,middle,1,NOT_SELECTED,CURVATURE_TEMPERED_LAMBDA_0.40,0.466796875,2390,939,1024,4,INDEPENDENT_SELECTED_PROPOSAL_DRAW,3820110430,4096,5120,2261422755,0.4209497920237481,"{""factor_energy_evaluations"": 8193600, ""factor_gradient_elements"": 0, ""factor_hessian_elements"": 0, ""sparse_comparison_solves"": 0}",13.28088368707432,5038.763215207022,,,,,
LAPLACE_INDEPENDENCE_MH,calibration_n40_r-2_middle_q8,calibration,2026082401,40,middle,1,NOT_SELECTED,CURVATURE_TEMPERED_LAMBDA_0.40,0.4546875,2328,939,1024,5,INDEPENDENT_SELECTED_PROPOSAL_DRAW,658991055,4096,5120,3188850016,0.4036953330505639,"{""factor_energy_evaluations"": 8193600, ""factor_gradient_elements"": 0, ""factor_hessian_elements"": 0, ""sparse_comparison_solves"": 0}",13.28088368707432,5038.763215207022,,,,,
LAPLACE_INDEPENDENCE_MH,calibration_n40_r-2_middle_q8,calibration,2026082401,40,middle,1,NOT_SELECTED,CURVATURE_TEMPERED_LAMBDA_0.40,0.4673828125,2393,860,1024,6,INDEPENDENT_SELECTED_PROPOSAL_DRAW,1608146380,4096,5120,2675102809,0.4096139171160757,"{""factor_energy_evaluations"": 8193600, ""factor_gradient_elements"": 0, ""factor_hessian_elements"": 0, ""sparse_comparison_solves"": 0}",13.28088368707432,5038.763215207022,,,,,
LAPLACE_INDEPENDENCE_MH,calibration_n40_r-2_middle_q8,calibration,2026082401,40,middle,1,NOT_SELECTED,CURVATURE_TEMPERED_LAMBDA_0.40,0.468359375,2398,860,1024,7,INDEPENDENT_SELECTED_PROPOSAL_DRAW,1654055734,4096,5120,2271286032,0.4176684999838471,"{""factor_energy_evaluations"": 8193600, ""factor_gradient_elements"": 0, ""factor_hessian_elements"": 0, ""sparse_comparison_solves"": 0}",13.28088368707432,5038.763215207022,,,,,
LAPLACE_INDEPENDENCE_MH,calibration_n40_r-2_late_q12,calibration,2026082401,40,late,1,NOT_SELECTED,CURVATURE_TEMPERED_LAMBDA_0.40,0.0,0,535,1024,0,LAPLACE_MODE,3846805699,4096,5120,935907780,0.4295379160903394,"{""factor_energy_evaluations"": 8193600, ""factor_gradient_elements"": 0, ""factor_hessian_elements"": 0, ""sparse_comparison_solves"": 0}",13.021235038412218,5449.72268778058,,,,,
LAPLACE_INDEPENDENCE_MH,calibration_n40_r-2_late_q12,calibration,2026082401,40,late,1,NOT_SELECTED,CURVATURE_TEMPERED_LAMBDA_0.40,0.45390625,2324,740,1024,1,INDEPENDENT_SELECTED_PROPOSAL_DRAW,2535581555,4096,5120,596237862,0.4409073339775204,"{""factor_energy_evaluations"": 8193600, ""factor_gradient_elements"": 0, ""factor_hessian_elements"": 0, ""sparse_comparison_solves"": 0}",13.021235038412218,5449.72268778058,,,,,
LAPLACE_INDEPENDENCE_MH,calibration_n40_r-2_late_q12,calibration,2026082401,40,late,1,NOT_SELECTED,CURVATURE_TEMPERED_LAMBDA_0.40,0.4625,2368,660,1024,2,INDEPENDENT_SELECTED_PROPOSAL_DRAW,1777144634,4096,5120,2264729708,0.406795083777979,"{""factor_energy_evaluations"": 8193600, ""factor_gradient_elements"": 0, ""factor_hessian_elements"": 0, ""sparse_comparison_solves"": 0}",13.021235038412218,5449.72268778058,,,,,
LAPLACE_INDEPENDENCE_MH,calibration_n40_r-2_late_q12,calibration,2026082401,40,late,1,NOT_SELECTED,CURVATURE_TEMPERED_LAMBDA_0.40,0.4779296875,2447,740,1024,3,INDEPENDENT_SELECTED_PROPOSAL_DRAW,3050671359,4096,5120,2395823892,0.4063389580696821,"{""factor_energy_evaluations"": 8193600, ""factor_gradient_elements"": 0, ""factor_hessian_elements"": 0, ""sparse_comparison_solves"": 0}",13.021235038412218,5449.72268778058,,,,,
LAPLACE_INDEPENDENCE_MH,calibration_n40_r-2_late_q12,calibration,2026082401,40,late,1,NOT_SELECTED,CURVATURE_TEMPERED_LAMBDA_0.40,0.4734375,2424,660,1024,4,INDEPENDENT_SELECTED_PROPOSAL_DRAW,226746378,4096,5120,1507406338,0.4092790831346065,"{""factor_energy_evaluations"": 8193600, ""factor_gradient_elements"": 0, ""factor_hessian_elements"": 0, ""sparse_comparison_solves"": 0}",13.021235038412218,5449.72268778058,,,,,
LAPLACE_INDEPENDENCE_MH,calibration_n40_r-2_late_q12,calibration,2026082401,40,late,1,NOT_SELECTED,CURVATURE_TEMPERED_LAMBDA_0.40,0.4791015625,2453,740,1024,5,INDEPENDENT_SELECTED_PROPOSAL_DRAW,2293659480,4096,5120,178907608,0.4087460001464933,"{""factor_energy_evaluations"": 8193600, ""factor_gradient_elements"": 0, ""factor_hessian_elements"": 0, ""sparse_comparison_solves"": 0}",13.021235038412218,5449.72268778058,,,,,
LAPLACE_INDEPENDENCE_MH,calibration_n40_r-2_late_q12,calibration,2026082401,40,late,1,NOT_SELECTED,CURVATURE_TEMPERED_LAMBDA_0.40,0.4396484375,2251,939,1024,6,INDEPENDENT_SELECTED_PROPOSAL_DRAW,1465361996,4096,5120,322502601,0.4064414580352604,"{""factor_energy_evaluations"": 8193600, ""factor_gradient_elements"": 0, ""factor_hessian_elements"": 0, ""sparse_comparison_solves"": 0}",13.021235038412218,5449.72268778058,,,,,
LAPLACE_INDEPENDENCE_MH,calibration_n40_r-2_late_q12,calibration,2026082401,40,late,1,NOT_SELECTED,CURVATURE_TEMPERED_LAMBDA_0.40,0.474609375,2430,660,1024,7,INDEPENDENT_SELECTED_PROPOSAL_DRAW,1485493998,4096,5120,3198093383,0.4136447908822447,"{""factor_energy_evaluations"": 8193600, ""factor_gradient_elements"": 0, ""factor_hessian_elements"": 0, ""sparse_comparison_solves"": 0}",13.021235038412218,5449.72268778058,,,,,
LAPLACE_INDEPENDENCE_MH,calibration_n24_r-2_early_q4,calibration,2026082401,24,early,2,NOT_SELECTED,CURVATURE_TEMPERED_LAMBDA_0.40,0.0,0,227,2048,0,LAPLACE_MODE,3213825849,8192,10240,2699475242,0.2602141250390559,"{""factor_energy_evaluations"": 5898816, ""factor_gradient_elements"": 0, ""factor_hessian_elements"": 0, ""sparse_comparison_solves"": 0}",7.926924331480892,25681.6089487214,,,,,
LAPLACE_INDEPENDENCE_MH,calibration_n24_r-2_early_q4,calibration,2026082401,24,early,2,NOT_SELECTED,CURVATURE_TEMPERED_LAMBDA_0.40,0.66708984375,6831,227,2048,1,INDEPENDENT_SELECTED_PROPOSAL_DRAW,4043304875,8192,10240,466440998,0.2706918329931795,"{""factor_energy_evaluations"": 5898816, ""factor_gradient_elements"": 0, ""factor_hessian_elements"": 0, ""sparse_comparison_solves"": 0}",7.926924331480892,25681.6089487214,,,,,
LAPLACE_INDEPENDENCE_MH,calibration_n24_r-2_early_q4,calibration,2026082401,24,early,2,NOT_SELECTED,CURVATURE_TEMPERED_LAMBDA_0.40,0.6515625,6672,348,2048,2,INDEPENDENT_SELECTED_PROPOSAL_DRAW,619517900,8192,10240,544902793,0.2627021661028266,"{""factor_energy_evaluations"": 5898816, ""factor_gradient_elements"": 0, ""factor_hessian_elements"": 0, ""sparse_comparison_solves"": 0}",7.926924331480892,25681.6089487214,,,,,
LAPLACE_INDEPENDENCE_MH,calibration_n24_r-2_early_q4,calibration,2026082401,24,early,2,NOT_SELECTED,CURVATURE_TEMPERED_LAMBDA_0.40,0.6552734375,6710,228,2048,3,INDEPENDENT_SELECTED_PROPOSAL_DRAW,2629371823,8192,10240,573596822,0.2619554158300161,"{""factor_energy_evaluations"": 5898816, ""factor_gradient_elements"": 0, ""factor_hessian_elements"": 0, ""sparse_comparison_solves"": 0}",7.926924331480892,25681.6089487214,,,,,
LAPLACE_INDEPENDENCE_MH,calibration_n24_r-2_early_q4,calibration,2026082401,24,early,2,NOT_SELECTED,CURVATURE_TEMPERED_LAMBDA_0.40,0.64931640625,6649,347,2048,4,INDEPENDENT_SELECTED_PROPOSAL_DRAW,3209038612,8192,10240,701280087,0.2678128750994801,"{""factor_energy_evaluations"": 5898816, ""factor_gradient_elements"": 0, ""factor_hessian_elements"": 0, ""sparse_comparison_solves"": 0}",7.926924331480892,25681.6089487214,,,,,
LAPLACE_INDEPENDENCE_MH,calibration_n24_r-2_early_q4,calibration,2026082401,24,early,2,NOT_SELECTED,CURVATURE_TEMPERED_LAMBDA_0.40,0.64423828125,6597,227,2048,5,INDEPENDENT_SELECTED_PROPOSAL_DRAW,4228880759,8192,10240,1757551900,0.2658550408668816,"{""factor_energy_evaluations"": 5898816, ""factor_gradient_elements"": 0, ""factor_hessian_elements"": 0, ""sparse_comparison_solves"": 0}",7.926924331480892,25681.6089487214,,,,,
LAPLACE_INDEPENDENCE_MH,calibration_n24_r-2_early_q4,calibration,2026082401,24,early,2,NOT_SELECTED,CURVATURE_TEMPERED_LAMBDA_0.40,0.66298828125,6789,348,2048,6,INDEPENDENT_SELECTED_PROPOSAL_DRAW,45731089,8192,10240,3627286934,0.2653147499077022,"{""factor_energy_evaluations"": 5898816, ""factor_gradient_elements"": 0, ""factor_hessian_elements"": 0, ""sparse_comparison_solves"": 0}",7.926924331480892,25681.6089487214,,,,,
LAPLACE_INDEPENDENCE_MH,calibration_n24_r-2_early_q4,calibration,2026082401,24,early,2,NOT_SELECTED,CURVATURE_TEMPERED_LAMBDA_0.40,0.6533203125,6690,227,2048,7,INDEPENDENT_SELECTED_PROPOSAL_DRAW,3885105803,8192,10240,469907217,0.268932375125587,"{""factor_energy_evaluations"": 5898816, ""factor_gradient_elements"": 0, ""factor_hessian_elements"": 0, ""sparse_comparison_solves"": 0}",7.926924331480892,25681.6089487214,,,,,
LAPLACE_INDEPENDENCE_MH,calibration_n24_r-2_middle_q8,calibration,2026082401,24,middle,2,NOT_SELECTED,CURVATURE_TEMPERED_LAMBDA_0.40,0.0,0,127,2048,0,LAPLACE_MODE,2897255302,8192,10240,1999647276,0.2681862500030547,"{""factor_energy_evaluations"": 5898816, ""factor_gradient_elements"": 0, ""factor_hessian_elements"": 0, ""sparse_comparison_solves"": 0}",7.890903459639708,23767.04425230488,,,,,
LAPLACE_INDEPENDENCE_MH,calibration_n24_r-2_middle_q8,calibration,2026082401,24,middle,2,NOT_SELECTED,CURVATURE_TEMPERED_LAMBDA_0.40,0.65654296875,6723,204,2048,1,INDEPENDENT_SELECTED_PROPOSAL_DRAW,220471317,8192,10240,991134784,0.2668622920755297,"{""factor_energy_evaluations"": 5898816, ""factor_gradient_elements"": 0, ""factor_hessian_elements"": 0, ""sparse_comparison_solves"": 0}",7.890903459639708,23767.04425230488,,,,,
LAPLACE_INDEPENDENCE_MH,calibration_n24_r-2_middle_q8,calibration,2026082401,24,middle,2,NOT_SELECTED,CURVATURE_TEMPERED_LAMBDA_0.40,0.6623046875,6782,203,2048,2,INDEPENDENT_SELECTED_PROPOSAL_DRAW,4253901281,8192,10240,1883738664,0.2636962078977376,"{""factor_energy_evaluations"": 5898816, ""factor_gradient_elements"": 0, ""factor_hessian_elements"": 0, ""sparse_comparison_solves"": 0}",7.890903459639708,23767.04425230488,,,,,
LAPLACE_INDEPENDENCE_MH,calibration_n24_r-2_middle_q8,calibration,2026082401,24,middle,2,NOT_SELECTED,CURVATURE_TEMPERED_LAMBDA_0.40,0.669140625,6852,324,2048,3,INDEPENDENT_SELECTED_PROPOSAL_DRAW,437194952,8192,10240,1949470419,0.2675177920609712,"{""factor_energy_evaluations"": 5898816, ""factor_gradient_elements"": 0, ""factor_hessian_elements"": 0, ""sparse_comparison_solves"": 0}",7.890903459639708,23767.04425230488,,,,,
LAPLACE_INDEPENDENCE_MH,calibration_n24_r-2_middle_q8,calibration,2026082401,24,middle,2,NOT_SELECTED,CURVATURE_TEMPERED_LAMBDA_0.40,0.659375,6752,203,2048,4,INDEPENDENT_SELECTED_PROPOSAL_DRAW,332036157,8192,10240,1326215056,0.265724916011095,"{""factor_energy_evaluations"": 5898816, ""factor_gradient_elements"": 0, ""factor_hessian_elements"": 0, ""sparse_comparison_solves"": 0}",7.890903459639708,23767.04425230488,,,,,
LAPLACE_INDEPENDENCE_MH,calibration_n24_r-2_middle_q8,calibration,2026082401,24,middle,2,NOT_SELECTED,CURVATURE_TEMPERED_LAMBDA_0.40,0.6748046875,6910,203,2048,5,INDEPENDENT_SELECTED_PROPOSAL_DRAW,4290530094,8192,10240,789851854,0.2655207919888198,"{""factor_energy_evaluations"": 5898816, ""factor_gradient_elements"": 0, ""factor_hessian_elements"": 0, ""sparse_comparison_solves"": 0}",7.890903459639708,23767.04425230488,,,,,
LAPLACE_INDEPENDENCE_MH,calibration_n24_r-2_middle_q8,calibration,2026082401,24,middle,2,NOT_SELECTED,CURVATURE_TEMPERED_LAMBDA_0.40,0.65400390625,6697,252,2048,6,INDEPENDENT_SELECTED_PROPOSAL_DRAW,2186775807,8192,10240,706615771,0.2679020420182496,"{""factor_energy_evaluations"": 5898816, ""factor_gradient_elements"": 0, ""factor_hessian_elements"": 0, ""sparse_comparison_solves"": 0}",7.890903459639708,23767.04425230488,,,,,
LAPLACE_INDEPENDENCE_MH,calibration_n24_r-2_middle_q8,calibration,2026082401,24,middle,2,NOT_SELECTED,CURVATURE_TEMPERED_LAMBDA_0.40,0.6587890625,6746,371,2048,7,INDEPENDENT_SELECTED_PROPOSAL_DRAW,2691981778,8192,10240,2004284812,0.2728312499821186,"{""factor_energy_evaluations"": 5898816, ""factor_gradient_elements"": 0, ""factor_hessian_elements"": 0, ""sparse_comparison_solves"": 0}",7.890903459639708,23767.04425230488,,,,,
LAPLACE_INDEPENDENCE_MH,calibration_n24_r-2_late_q12,calibration,2026082401,24,late,2,NOT_SELECTED,CURVATURE_TEMPERED_LAMBDA_0.40,0.0,0,127,2048,0,LAPLACE_MODE,4186235797,8192,10240,3885998379,0.2635485830251127,"{""factor_energy_evaluations"": 5898816, ""factor_gradient_elements"": 0, ""factor_hessian_elements"": 0, ""sparse_comparison_solves"": 0}",7.8682883661848,25017.88202877683,,,,,
LAPLACE_INDEPENDENCE_MH,calibration_n24_r-2_late_q12,calibration,2026082401,24,late,2,NOT_SELECTED,CURVATURE_TEMPERED_LAMBDA_0.40,0.662890625,6788,324,2048,1,INDEPENDENT_SELECTED_PROPOSAL_DRAW,3529150769,8192,10240,2483172509,0.3446119171567261,"{""factor_energy_evaluations"": 5898816, ""factor_gradient_elements"": 0, ""factor_hessian_elements"": 0, ""sparse_comparison_solves"": 0}",7.8682883661848,25017.88202877683,,,,,
LAPLACE_INDEPENDENCE_MH,calibration_n24_r-2_late_q12,calibration,2026082401,24,late,2,NOT_SELECTED,CURVATURE_TEMPERED_LAMBDA_0.40,0.66025390625,6761,372,2048,2,INDEPENDENT_SELECTED_PROPOSAL_DRAW,2016198005,8192,10240,667551751,0.2662262918893248,"{""factor_energy_evaluations"": 5898816, ""factor_gradient_elements"": 0, ""factor_hessian_elements"": 0, ""sparse_comparison_solves"": 0}",7.8682883661848,25017.88202877683,,,,,
LAPLACE_INDEPENDENCE_MH,calibration_n24_r-2_late_q12,calibration,2026082401,24,late,2,NOT_SELECTED,CURVATURE_TEMPERED_LAMBDA_0.40,0.66171875,6776,324,2048,3,INDEPENDENT_SELECTED_PROPOSAL_DRAW,2097634947,8192,10240,3797976394,0.2669643331319093,"{""factor_energy_evaluations"": 5898816, ""factor_gradient_elements"": 0, ""factor_hessian_elements"": 0, ""sparse_comparison_solves"": 0}",7.8682883661848,25017.88202877683,,,,,
LAPLACE_INDEPENDENCE_MH,calibration_n24_r-2_late_q12,calibration,2026082401,24,late,2,NOT_SELECTED,CURVATURE_TEMPERED_LAMBDA_0.40,0.65888671875,6747,371,2048,4,INDEPENDENT_SELECTED_PROPOSAL_DRAW,839183479,8192,10240,1997842198,0.265116750029847,"{""factor_energy_evaluations"": 5898816, ""factor_gradient_elements"": 0, ""factor_hessian_elements"": 0, ""sparse_comparison_solves"": 0}",7.8682883661848,25017.88202877683,,,,,
LAPLACE_INDEPENDENCE_MH,calibration_n24_r-2_late_q12,calibration,2026082401,24,late,2,NOT_SELECTED,CURVATURE_TEMPERED_LAMBDA_0.40,0.66025390625,6761,371,2048,5,INDEPENDENT_SELECTED_PROPOSAL_DRAW,3732635169,8192,10240,1669153761,0.2688221249263733,"{""factor_energy_evaluations"": 5898816, ""factor_gradient_elements"": 0, ""factor_hessian_elements"": 0, ""sparse_comparison_solves"": 0}",7.8682883661848,25017.88202877683,,,,,
LAPLACE_INDEPENDENCE_MH,calibration_n24_r-2_late_q12,calibration,2026082401,24,late,2,NOT_SELECTED,CURVATURE_TEMPERED_LAMBDA_0.40,0.66904296875,6851,371,2048,6,INDEPENDENT_SELECTED_PROPOSAL_DRAW,2755390392,8192,10240,2993914486,0.2656427910551429,"{""factor_energy_evaluations"": 5898816, ""factor_gradient_elements"": 0, ""factor_hessian_elements"": 0, ""sparse_comparison_solves"": 0}",7.8682883661848,25017.88202877683,,,,,
LAPLACE_INDEPENDENCE_MH,calibration_n24_r-2_late_q12,calibration,2026082401,24,late,2,NOT_SELECTED,CURVATURE_TEMPERED_LAMBDA_0.40,0.67919921875,6955,371,2048,7,INDEPENDENT_SELECTED_PROPOSAL_DRAW,1845340020,8192,10240,3133273734,0.2687897090800106,"{""factor_energy_evaluations"": 5898816, ""factor_gradient_elements"": 0, ""factor_hessian_elements"": 0, ""sparse_comparison_solves"": 0}",7.8682883661848,25017.88202877683,,,,,
LAPLACE_INDEPENDENCE_MH,calibration_n40_r-2_early_q4,calibration,2026082401,40,early,2,NOT_SELECTED,BASELINE_LAPLACE_INFLATION_1.10,0.0,0,900,2048,0,LAPLACE_MODE,1344008420,8192,10240,3697379971,0.8153591251466423,"{""factor_energy_evaluations"": 16385600, ""factor_gradient_elements"": 0, ""factor_hessian_elements"": 0, ""sparse_comparison_solves"": 0}",13.028547263197932,6425.711431922071,,,,,
LAPLACE_INDEPENDENCE_MH,calibration_n40_r-2_early_q4,calibration,2026082401,40,early,2,NOT_SELECTED,BASELINE_LAPLACE_INFLATION_1.10,0.378125,3872,899,2048,1,INDEPENDENT_SELECTED_PROPOSAL_DRAW,3617758086,8192,10240,867022985,0.8380101670045406,"{""factor_energy_evaluations"": 16385600, ""factor_gradient_elements"": 0, ""factor_hessian_elements"": 0, ""sparse_comparison_solves"": 0}",13.028547263197932,6425.711431922071,,,,,
LAPLACE_INDEPENDENCE_MH,calibration_n40_r-2_early_q4,calibration,2026082401,40,early,2,NOT_SELECTED,BASELINE_LAPLACE_INFLATION_1.10,0.3587890625,3674,900,2048,2,INDEPENDENT_SELECTED_PROPOSAL_DRAW,1416502691,8192,10240,106768081,0.8124884590506554,"{""factor_energy_evaluations"": 16385600, ""factor_gradient_elements"": 0, ""factor_hessian_elements"": 0, ""sparse_comparison_solves"": 0}",13.028547263197932,6425.711431922071,,,,,
LAPLACE_INDEPENDENCE_MH,calibration_n40_r-2_early_q4,calibration,2026082401,40,early,2,NOT_SELECTED,BASELINE_LAPLACE_INFLATION_1.10,0.3546875,3632,900,2048,3,INDEPENDENT_SELECTED_PROPOSAL_DRAW,3530393509,8192,10240,2858253827,0.8990705411415547,"{""factor_energy_evaluations"": 16385600, ""factor_gradient_elements"": 0, ""factor_hessian_elements"": 0, ""sparse_comparison_solves"": 0}",13.028547263197932,6425.711431922071,,,,,
LAPLACE_INDEPENDENCE_MH,calibration_n40_r-2_early_q4,calibration,2026082401,40,early,2,NOT_SELECTED,BASELINE_LAPLACE_INFLATION_1.10,0.377734375,3868,699,2048,4,INDEPENDENT_SELECTED_PROPOSAL_DRAW,2936457983,8192,10240,3643880483,0.9225687910802662,"{""factor_energy_evaluations"": 16385600, ""factor_gradient_elements"": 0, ""factor_hessian_elements"": 0, ""sparse_comparison_solves"": 0}",13.028547263197932,6425.711431922071,,,,,
LAPLACE_INDEPENDENCE_MH,calibration_n40_r-2_early_q4,calibration,2026082401,40,early,2,NOT_SELECTED,BASELINE_LAPLACE_INFLATION_1.10,0.38701171875,3963,900,2048,5,INDEPENDENT_SELECTED_PROPOSAL_DRAW,231859390,8192,10240,152119221,0.8921127920038998,"{""factor_energy_evaluations"": 16385600, ""factor_gradient_elements"": 0, ""factor_hessian_elements"": 0, ""sparse_comparison_solves"": 0}",13.028547263197932,6425.711431922071,,,,,
LAPLACE_INDEPENDENCE_MH,calibration_n40_r-2_early_q4,calibration,2026082401,40,early,2,NOT_SELECTED,BASELINE_LAPLACE_INFLATION_1.10,0.37080078125,3797,899,2048,6,INDEPENDENT_SELECTED_PROPOSAL_DRAW,3607441090,8192,10240,4078217646,0.8234987917821854,"{""factor_energy_evaluations"": 16385600, ""factor_gradient_elements"": 0, ""factor_hessian_elements"": 0, ""sparse_comparison_solves"": 0}",13.028547263197932,6425.711431922071,,,,,
LAPLACE_INDEPENDENCE_MH,calibration_n40_r-2_early_q4,calibration,2026082401,40,early,2,NOT_SELECTED,BASELINE_LAPLACE_INFLATION_1.10,0.37666015625,3857,900,2048,7,INDEPENDENT_SELECTED_PROPOSAL_DRAW,2179378496,8192,10240,1371973971,0.8549581249244511,"{""factor_energy_evaluations"": 16385600, ""factor_gradient_elements"": 0, ""factor_hessian_elements"": 0, ""sparse_comparison_solves"": 0}",13.028547263197932,6425.711431922071,,,,,
LAPLACE_INDEPENDENCE_MH,calibration_n40_r-2_middle_q8,calibration,2026082401,40,middle,2,NOT_SELECTED,CURVATURE_TEMPERED_LAMBDA_0.40,0.0,0,535,2048,0,LAPLACE_MODE,4086241564,8192,10240,3015507466,0.8340060829650611,"{""factor_energy_evaluations"": 16385600, ""factor_gradient_elements"": 0, ""factor_hessian_elements"": 0, ""sparse_comparison_solves"": 0}",13.18972824827202,8649.563660407366,,,,,
LAPLACE_INDEPENDENCE_MH,calibration_n40_r-2_middle_q8,calibration,2026082401,40,middle,2,NOT_SELECTED,CURVATURE_TEMPERED_LAMBDA_0.40,0.44921875,4600,860,2048,1,INDEPENDENT_SELECTED_PROPOSAL_DRAW,3681291756,8192,10240,1257467767,0.8314937909599394,"{""factor_energy_evaluations"": 16385600, ""factor_gradient_elements"": 0, ""factor_hessian_elements"": 0, ""sparse_comparison_solves"": 0}",13.18972824827202,8649.563660407366,,,,,
LAPLACE_INDEPENDENCE_MH,calibration_n40_r-2_middle_q8,calibration,2026082401,40,middle,2,NOT_SELECTED,CURVATURE_TEMPERED_LAMBDA_0.40,0.459375,4704,939,2048,2,INDEPENDENT_SELECTED_PROPOSAL_DRAW,1715604174,8192,10240,2429944162,0.84728266694583,"{""factor_energy_evaluations"": 16385600, ""factor_gradient_elements"": 0, ""factor_hessian_elements"": 0, ""sparse_comparison_solves"": 0}",13.18972824827202,8649.563660407366,,,,,
LAPLACE_INDEPENDENCE_MH,calibration_n40_r-2_middle_q8,calibration,2026082401,40,middle,2,NOT_SELECTED,CURVATURE_TEMPERED_LAMBDA_0.40,0.4548828125,4658,860,2048,3,INDEPENDENT_SELECTED_PROPOSAL_DRAW,4130630106,8192,10240,2218091025,0.8413911249954253,"{""factor_energy_evaluations"": 16385600, ""factor_gradient_elements"": 0, ""factor_hessian_elements"": 0, ""sparse_comparison_solves"": 0}",13.18972824827202,8649.563660407366,,,,,
LAPLACE_INDEPENDENCE_MH,calibration_n40_r-2_middle_q8,calibration,2026082401,40,middle,2,NOT_SELECTED,CURVATURE_TEMPERED_LAMBDA_0.40,0.4634765625,4746,939,2048,4,INDEPENDENT_SELECTED_PROPOSAL_DRAW,1933456640,8192,10240,2501569602,0.8537553329952061,"{""factor_energy_evaluations"": 16385600, ""factor_gradient_elements"": 0, ""factor_hessian_elements"": 0, ""sparse_comparison_solves"": 0}",13.18972824827202,8649.563660407366,,,,,
LAPLACE_INDEPENDENCE_MH,calibration_n40_r-2_middle_q8,calibration,2026082401,40,middle,2,NOT_SELECTED,CURVATURE_TEMPERED_LAMBDA_0.40,0.4548828125,4658,660,2048,5,INDEPENDENT_SELECTED_PROPOSAL_DRAW,2505491550,8192,10240,4052410996,0.8136522909626365,"{""factor_energy_evaluations"": 16385600, ""factor_gradient_elements"": 0, ""factor_hessian_elements"": 0, ""sparse_comparison_solves"": 0}",13.18972824827202,8649.563660407366,,,,,
LAPLACE_INDEPENDENCE_MH,calibration_n40_r-2_middle_q8,calibration,2026082401,40,middle,2,NOT_SELECTED,CURVATURE_TEMPERED_LAMBDA_0.40,0.4607421875,4718,659,2048,6,INDEPENDENT_SELECTED_PROPOSAL_DRAW,1193364402,8192,10240,2552547305,1.043715874897316,"{""factor_energy_evaluations"": 16385600, ""factor_gradient_elements"": 0, ""factor_hessian_elements"": 0, ""sparse_comparison_solves"": 0}",13.18972824827202,8649.563660407366,,,,,
LAPLACE_INDEPENDENCE_MH,calibration_n40_r-2_middle_q8,calibration,2026082401,40,middle,2,NOT_SELECTED,CURVATURE_TEMPERED_LAMBDA_0.40,0.4560546875,4670,860,2048,7,INDEPENDENT_SELECTED_PROPOSAL_DRAW,1128087915,8192,10240,3719752250,0.7989364168606699,"{""factor_energy_evaluations"": 16385600, ""factor_gradient_elements"": 0, ""factor_hessian_elements"": 0, ""sparse_comparison_solves"": 0}",13.18972824827202,8649.563660407366,,,,,
LAPLACE_INDEPENDENCE_MH,calibration_n40_r-2_late_q12,calibration,2026082401,40,late,2,NOT_SELECTED,CURVATURE_TEMPERED_LAMBDA_0.40,0.0,0,535,2048,0,LAPLACE_MODE,320010146,8192,10240,2501372035,0.8080843749921769,"{""factor_energy_evaluations"": 16385600, ""factor_gradient_elements"": 0, ""factor_hessian_elements"": 0, ""sparse_comparison_solves"": 0}",13.09563313994698,10260.973707994455,,,,,
LAPLACE_INDEPENDENCE_MH,calibration_n40_r-2_late_q12,calibration,2026082401,40,late,2,NOT_SELECTED,CURVATURE_TEMPERED_LAMBDA_0.40,0.453515625,4644,939,2048,1,INDEPENDENT_SELECTED_PROPOSAL_DRAW,1371035069,8192,10240,745177957,0.8014976249542087,"{""factor_energy_evaluations"": 16385600, ""factor_gradient_elements"": 0, ""factor_hessian_elements"": 0, ""sparse_comparison_solves"": 0}",13.09563313994698,10260.973707994455,,,,,
LAPLACE_INDEPENDENCE_MH,calibration_n40_r-2_late_q12,calibration,2026082401,40,late,2,NOT_SELECTED,CURVATURE_TEMPERED_LAMBDA_0.40,0.4673828125,4786,740,2048,2,INDEPENDENT_SELECTED_PROPOSAL_DRAW,2983943605,8192,10240,180059059,0.8006522501818836,"{""factor_energy_evaluations"": 16385600, ""factor_gradient_elements"": 0, ""factor_hessian_elements"": 0, ""sparse_comparison_solves"": 0}",13.09563313994698,10260.973707994455,,,,,
LAPLACE_INDEPENDENCE_MH,calibration_n40_r-2_late_q12,calibration,2026082401,40,late,2,NOT_SELECTED,CURVATURE_TEMPERED_LAMBDA_0.40,0.46767578125,4789,740,2048,3,INDEPENDENT_SELECTED_PROPOSAL_DRAW,3606664246,8192,10240,2310471348,0.8005900410935283,"{""factor_energy_evaluations"": 16385600, ""factor_gradient_elements"": 0, ""factor_hessian_elements"": 0, ""sparse_comparison_solves"": 0}",13.09563313994698,10260.973707994455,,,,,
LAPLACE_INDEPENDENCE_MH,calibration_n40_r-2_late_q12,calibration,2026082401,40,late,2,NOT_SELECTED,CURVATURE_TEMPERED_LAMBDA_0.40,0.469140625,4804,740,2048,4,INDEPENDENT_SELECTED_PROPOSAL_DRAW,1552796738,8192,10240,1174570267,0.8252992918714881,"{""factor_energy_evaluations"": 16385600, ""factor_gradient_elements"": 0, ""factor_hessian_elements"": 0, ""sparse_comparison_solves"": 0}",13.09563313994698,10260.973707994455,,,,,
LAPLACE_INDEPENDENCE_MH,calibration_n40_r-2_late_q12,calibration,2026082401,40,late,2,NOT_SELECTED,CURVATURE_TEMPERED_LAMBDA_0.40,0.44306640625,4537,740,2048,5,INDEPENDENT_SELECTED_PROPOSAL_DRAW,1140667869,8192,10240,3109893091,0.8950769170187414,"{""factor_energy_evaluations"": 16385600, ""factor_gradient_elements"": 0, ""factor_hessian_elements"": 0, ""sparse_comparison_solves"": 0}",13.09563313994698,10260.973707994455,,,,,
LAPLACE_INDEPENDENCE_MH,calibration_n40_r-2_late_q12,calibration,2026082401,40,late,2,NOT_SELECTED,CURVATURE_TEMPERED_LAMBDA_0.40,0.45498046875,4659,739,2048,6,INDEPENDENT_SELECTED_PROPOSAL_DRAW,4014706289,8192,10240,311475962,0.8357715839520097,"{""factor_energy_evaluations"": 16385600, ""factor_gradient_elements"": 0, ""factor_hessian_elements"": 0, ""sparse_comparison_solves"": 0}",13.09563313994698,10260.973707994455,,,,,
LAPLACE_INDEPENDENCE_MH,calibration_n40_r-2_late_q12,calibration,2026082401,40,late,2,NOT_SELECTED,CURVATURE_TEMPERED_LAMBDA_0.40,0.45263671875,4635,939,2048,7,INDEPENDENT_SELECTED_PROPOSAL_DRAW,356751831,8192,10240,4184169846,0.8276374998968095,"{""factor_energy_evaluations"": 16385600, ""factor_gradient_elements"": 0, ""factor_hessian_elements"": 0, ""sparse_comparison_solves"": 0}",13.09563313994698,10260.973707994455,,,,,
ELLIPTICAL_SLICE_FULL,calibration_n24_r-2_early_q4,calibration,2026082401,24,early,1,NOT_SELECTED,CURVATURE_TEMPERED_LAMBDA_0.40,1.0,2560,227,512,0,LAPLACE_MODE,1549414858,2048,2560,2590577457,0.3915098749566823,"{""factor_energy_evaluations"": 4216896, ""factor_gradient_elements"": 0, ""factor_hessian_elements"": 0, ""sparse_comparison_solves"": 0}",1.006792489095081,4364.242094410543,6.279923834224397,0.004763431317997947,7321.0,15.0,2.7716796875
ELLIPTICAL_SLICE_FULL,calibration_n24_r-2_early_q4,calibration,2026082401,24,early,1,NOT_SELECTED,CURVATURE_TEMPERED_LAMBDA_0.40,1.0,2560,227,512,1,INDEPENDENT_SELECTED_PROPOSAL_DRAW,3173421496,2048,2560,1303454676,0.2440875000320375,"{""factor_energy_evaluations"": 4124160, ""factor_gradient_elements"": 0, ""factor_hessian_elements"": 0, ""sparse_comparison_solves"": 0}",1.006792489095081,4364.242094410543,6.277612594513788,0.002632105025219093,7160.0,16.0,2.7716796875
ELLIPTICAL_SLICE_FULL,calibration_n24_r-2_early_q4,calibration,2026082401,24,early,1,NOT_SELECTED,CURVATURE_TEMPERED_LAMBDA_0.40,1.0,2560,348,512,2,INDEPENDENT_SELECTED_PROPOSAL_DRAW,1440998914,2048,2560,3442242731,0.2331648338586092,"{""factor_energy_evaluations"": 4007808, ""factor_gradient_elements"": 0, ""factor_hessian_elements"": 0, ""sparse_comparison_solves"": 0}",1.006792489095081,4364.242094410543,6.283107715654185,0.002434879570892689,6958.0,14.0,2.7716796875
ELLIPTICAL_SLICE_FULL,calibration_n24_r-2_early_q4,calibration,2026082401,24,early,1,NOT_SELECTED,CURVATURE_TEMPERED_LAMBDA_0.40,1.0,2560,227,512,3,INDEPENDENT_SELECTED_PROPOSAL_DRAW,3508722462,2048,2560,3894232007,0.2357292918022722,"{""factor_energy_evaluations"": 4010688, ""factor_gradient_elements"": 0, ""factor_hessian_elements"": 0, ""sparse_comparison_solves"": 0}",1.006792489095081,4364.242094410543,6.282064900471066,0.003894105850618465,6963.0,15.0,2.7716796875
ELLIPTICAL_SLICE_FULL,calibration_n24_r-2_early_q4,calibration,2026082401,24,early,1,NOT_SELECTED,CURVATURE_TEMPERED_LAMBDA_0.40,1.0,2560,347,512,4,INDEPENDENT_SELECTED_PROPOSAL_DRAW,3953915687,2048,2560,1524697723,0.2429974579717964,"{""factor_energy_evaluations"": 4105728, ""factor_gradient_elements"": 0, ""factor_hessian_elements"": 0, ""sparse_comparison_solves"": 0}",1.006792489095081,4364.242094410543,6.2792534112914895,0.003991449923648068,7128.0,17.0,2.7716796875
ELLIPTICAL_SLICE_FULL,calibration_n24_r-2_early_q4,calibration,2026082401,24,early,1,NOT_SELECTED,CURVATURE_TEMPERED_LAMBDA_0.40,1.0,2560,228,512,5,INDEPENDENT_SELECTED_PROPOSAL_DRAW,2895525836,2048,2560,1436465973,0.27978233294561505,"{""factor_energy_evaluations"": 4091904, ""factor_gradient_elements"": 0, ""factor_hessian_elements"": 0, ""sparse_comparison_solves"": 0}",1.006792489095081,4364.242094410543,6.281441372019505,0.00049831977965575,7104.0,14.0,2.7716796875
ELLIPTICAL_SLICE_FULL,calibration_n24_r-2_early_q4,calibration,2026082401,24,early,1,NOT_SELECTED,CURVATURE_TEMPERED_LAMBDA_0.40,1.0,2560,347,512,6,INDEPENDENT_SELECTED_PROPOSAL_DRAW,4152870204,2048,2560,556869371,0.24440012499690056,"{""factor_energy_evaluations"": 4090752, ""factor_gradient_elements"": 0, ""factor_hessian_elements"": 0, ""sparse_comparison_solves"": 0}",1.006792489095081,4364.242094410543,6.280453312923149,0.002023189389299358,7102.0,13.0,2.7716796875
ELLIPTICAL_SLICE_FULL,calibration_n24_r-2_early_q4,calibration,2026082401,24,early,1,NOT_SELECTED,CURVATURE_TEMPERED_LAMBDA_0.40,1.0,2560,228,512,7,INDEPENDENT_SELECTED_PROPOSAL_DRAW,775749514,2048,2560,62484258,0.28451487491838634,"{""factor_energy_evaluations"": 4048128, ""factor_gradient_elements"": 0, ""factor_hessian_elements"": 0, ""sparse_comparison_solves"": 0}",1.006792489095081,4364.242094410543,6.281903572318466,0.0010175393019058016,7028.0,14.0,2.7716796875
ELLIPTICAL_SLICE_FULL,calibration_n24_r-2_middle_q8,calibration,2026082401,24,middle,1,NOT_SELECTED,CURVATURE_TEMPERED_LAMBDA_0.40,1.0,2560,323,512,0,LAPLACE_MODE,4147002596,2048,2560,2275397250,0.24649700010195374,"{""factor_energy_evaluations"": 4161600, ""factor_gradient_elements"": 0, ""factor_hessian_elements"": 0, ""sparse_comparison_solves"": 0}",1.0116500950754488,2636.1076475386153,6.282259012292387,0.0009224988973241684,7225.0,19.0,2.770556640625
ELLIPTICAL_SLICE_FULL,calibration_n24_r-2_middle_q8,calibration,2026082401,24,middle,1,NOT_SELECTED,CURVATURE_TEMPERED_LAMBDA_0.40,1.0,2560,252,512,1,INDEPENDENT_SELECTED_PROPOSAL_DRAW,2711167591,2048,2560,49465726,0.2799353329464793,"{""factor_energy_evaluations"": 4034304, ""factor_gradient_elements"": 0, ""factor_hessian_elements"": 0, ""sparse_comparison_solves"": 0}",1.0116500950754488,2636.1076475386153,6.281171738005388,0.001535654509148609,7004.0,17.0,2.770556640625
ELLIPTICAL_SLICE_FULL,calibration_n24_r-2_middle_q8,calibration,2026082401,24,middle,1,NOT_SELECTED,CURVATURE_TEMPERED_LAMBDA_0.40,1.0,2560,203,512,2,INDEPENDENT_SELECTED_PROPOSAL_DRAW,1030644665,2048,2560,1541663692,0.25207629101350904,"{""factor_energy_evaluations"": 4089024, ""factor_gradient_elements"": 0, ""factor_hessian_elements"": 0, ""sparse_comparison_solves"": 0}",1.0116500950754488,2636.1076475386153,6.282568494311455,0.0013185373806542439,7099.0,13.0,2.770556640625
ELLIPTICAL_SLICE_FULL,calibration_n24_r-2_middle_q8,calibration,2026082401,24,middle,1,NOT_SELECTED,CURVATURE_TEMPERED_LAMBDA_0.40,1.0,2560,371,512,3,INDEPENDENT_SELECTED_PROPOSAL_DRAW,1838901667,2048,2560,3955592163,0.2575135000515729,"{""factor_energy_evaluations"": 4080384, ""factor_gradient_elements"": 0, ""factor_hessian_elements"": 0, ""sparse_comparison_solves"": 0}",1.0116500950754488,2636.1076475386153,6.282200303671381,0.00623570646614498,7084.0,17.0,2.770556640625
ELLIPTICAL_SLICE_FULL,calibration_n24_r-2_middle_q8,calibration,2026082401,24,middle,1,NOT_SELECTED,CURVATURE_TEMPERED_LAMBDA_0.40,1.0,2560,371,512,4,INDEPENDENT_SELECTED_PROPOSAL_DRAW,1143242270,2048,2560,893546416,0.23195408307947218,"{""factor_energy_evaluations"": 4059648, ""factor_gradient_elements"": 0, ""factor_hessian_elements"": 0, ""sparse_comparison_solves"": 0}",1.0116500950754488,2636.1076475386153,6.281658537319871,2.58394891462862e-05,7048.0,13.0,2.770556640625
ELLIPTICAL_SLICE_FULL,calibration_n24_r-2_middle_q8,calibration,2026082401,24,middle,1,NOT_SELECTED,CURVATURE_TEMPERED_LAMBDA_0.40,1.0,2560,252,512,5,INDEPENDENT_SELECTED_PROPOSAL_DRAW,3379870316,2048,2560,1421531405,0.23540466697886586,"{""factor_energy_evaluations"": 4077504, ""factor_gradient_elements"": 0, ""factor_hessian_elements"": 0, ""sparse_comparison_solves"": 0}",1.0116500950754488,2636.1076475386153,6.282548558445382,0.002285848732827359,7079.0,14.0,2.770556640625
ELLIPTICAL_SLICE_FULL,calibration_n24_r-2_middle_q8,calibration,2026082401,24,middle,1,NOT_SELECTED,CURVATURE_TEMPERED_LAMBDA_0.40,1.0,2560,371,512,6,INDEPENDENT_SELECTED_PROPOSAL_DRAW,3224039963,2048,2560,1778161784,0.2441240840125829,"{""factor_energy_evaluations"": 4108608, ""factor_gradient_elements"": 0, ""factor_hessian_elements"": 0, ""sparse_comparison_solves"": 0}",1.0116500950754488,2636.1076475386153,6.279482711602973,0.002998019955521251,7133.0,14.0,2.770556640625
ELLIPTICAL_SLICE_FULL,calibration_n24_r-2_middle_q8,calibration,2026082401,24,middle,1,NOT_SELECTED,CURVATURE_TEMPERED_LAMBDA_0.40,1.0,2560,324,512,7,INDEPENDENT_SELECTED_PROPOSAL_DRAW,118919215,2048,2560,3467364489,0.23598791705444455,"{""factor_energy_evaluations"": 4071744, ""factor_gradient_elements"": 0, ""factor_hessian_elements"": 0, ""sparse_comparison_solves"": 0}",1.0116500950754488,2636.1076475386153,6.2821831061817655,0.0012391444007043091,7069.0,14.0,2.770556640625
ELLIPTICAL_SLICE_FULL,calibration_n24_r-2_late_q12,calibration,2026082401,24,late,1,NOT_SELECTED,CURVATURE_TEMPERED_LAMBDA_0.40,1.0,2560,371,512,0,LAPLACE_MODE,2184886235,2048,2560,3635777381,0.24627687502652407,"{""factor_energy_evaluations"": 4186368, ""factor_gradient_elements"": 0, ""factor_hessian_elements"": 0, ""sparse_comparison_solves"": 0}",1.0067598391092958,3856.4229941830217,6.2820863424433835,0.0013769824560860501,7268.0,18.0,2.756201171875
ELLIPTICAL_SLICE_FULL,calibration_n24_r-2_late_q12,calibration,2026082401,24,late,1,NOT_SELECTED,CURVATURE_TEMPERED_LAMBDA_0.40,1.0,2560,324,512,1,INDEPENDENT_SELECTED_PROPOSAL_DRAW,67337162,2048,2560,1548358426,0.253168165916577,"{""factor_energy_evaluations"": 4101696, ""factor_gradient_elements"": 0, ""factor_hessian_elements"": 0, ""sparse_comparison_solves"": 0}",1.0067598391092958,3856.4229941830217,6.271279268643301,0.0008817533434879061,7121.0,15.0,2.756201171875
ELLIPTICAL_SLICE_FULL,calibration_n24_r-2_late_q12,calibration,2026082401,24,late,1,NOT_SELECTED,CURVATURE_TEMPERED_LAMBDA_0.40,1.0,2560,371,512,2,INDEPENDENT_SELECTED_PROPOSAL_DRAW,2785130901,2048,2560,1070645341,0.25072858412750065,"{""factor_energy_evaluations"": 4097664, ""factor_gradient_elements"": 0, ""factor_hessian_elements"": 0, ""sparse_comparison_solves"": 0}",1.0067598391092958,3856.4229941830217,6.279007633101556,0.00670931909448562,7114.0,16.0,2.756201171875
ELLIPTICAL_SLICE_FULL,calibration_n24_r-2_late_q12,calibration,2026082401,24,late,1,NOT_SELECTED,CURVATURE_TEMPERED_LAMBDA_0.40,1.0,2560,324,512,3,INDEPENDENT_SELECTED_PROPOSAL_DRAW,1729537323,2048,2560,2296092207,0.24976783408783376,"{""factor_energy_evaluations"": 4087296, ""factor_gradient_elements"": 0, ""factor_hessian_elements"": 0, ""sparse_comparison_solves"": 0}",1.0067598391092958,3856.4229941830217,6.281427070626475,0.007864229282239737,7096.0,15.0,2.756201171875
ELLIPTICAL_SLICE_FULL,calibration_n24_r-2_late_q12,calibration,2026082401,24,late,1,NOT_SELECTED,CURVATURE_TEMPERED_LAMBDA_0.40,1.0,2560,372,512,4,INDEPENDENT_SELECTED_PROPOSAL_DRAW,2518011248,2048,2560,2528413587,0.2988611659966409,"{""factor_energy_evaluations"": 3980160, ""factor_gradient_elements"": 0, ""factor_hessian_elements"": 0, ""sparse_comparison_solves"": 0}",1.0067598391092958,3856.4229941830217,6.281450212226012,4.5751692231579786e-05,6910.0,16.0,2.756201171875
ELLIPTICAL_SLICE_FULL,calibration_n24_r-2_late_q12,calibration,2026082401,24,late,1,NOT_SELECTED,CURVATURE_TEMPERED_LAMBDA_0.40,1.0,2560,324,512,5,INDEPENDENT_SELECTED_PROPOSAL_DRAW,823111922,2048,2560,1654423441,0.27128529106266797,"{""factor_energy_evaluations"": 4091328, ""factor_gradient_elements"": 0, ""factor_hessian_elements"": 0, ""sparse_comparison_solves"": 0}",1.0067598391092958,3856.4229941830217,6.28254447237772,0.001337916887882927,7103.0,13.0,2.756201171875
ELLIPTICAL_SLICE_FULL,calibration_n24_r-2_late_q12,calibration,2026082401,24,late,1,NOT_SELECTED,CURVATURE_TEMPERED_LAMBDA_0.40,1.0,2560,251,512,6,INDEPENDENT_SELECTED_PROPOSAL_DRAW,3411530633,2048,2560,1631860784,0.23922104202210903,"{""factor_energy_evaluations"": 3873024, ""factor_gradient_elements"": 0, ""factor_hessian_elements"": 0, ""sparse_comparison_solves"": 0}",1.0067598391092958,3856.4229941830217,6.282693302598456,0.0004351563321211906,6724.0,15.0,2.756201171875
ELLIPTICAL_SLICE_FULL,calibration_n24_r-2_late_q12,calibration,2026082401,24,late,1,NOT_SELECTED,CURVATURE_TEMPERED_LAMBDA_0.40,1.0,2560,324,512,7,INDEPENDENT_SELECTED_PROPOSAL_DRAW,266079023,2048,2560,3440273030,0.2462114579975605,"{""factor_energy_evaluations"": 4095936, ""factor_gradient_elements"": 0, ""factor_hessian_elements"": 0, ""sparse_comparison_solves"": 0}",1.0067598391092958,3856.4229941830217,6.2756923874853445,0.00016479761948721657,7111.0,14.0,2.756201171875
ELLIPTICAL_SLICE_FULL,calibration_n40_r-2_early_q4,calibration,2026082401,40,early,1,NOT_SELECTED,BASELINE_LAPLACE_INFLATION_1.10,1.0,2560,700,512,0,LAPLACE_MODE,1432695101,2048,2560,1359789810,0.5985636659897864,"{""factor_energy_evaluations"": 17027200, ""factor_gradient_elements"": 0, ""factor_hessian_elements"": 0, ""sparse_comparison_solves"": 0}",1.0175056365747426,1551.3336464174608,6.282477404506971,0.0023768412891458464,10642.0,20.0,3.9814453125
ELLIPTICAL_SLICE_FULL,calibration_n40_r-2_early_q4,calibration,2026082401,40,early,1,NOT_SELECTED,BASELINE_LAPLACE_INFLATION_1.10,1.0,2560,900,512,1,INDEPENDENT_SELECTED_PROPOSAL_DRAW,3142610040,2048,2560,729525218,0.5373487500473857,"{""factor_energy_evaluations"": 15742400, ""factor_gradient_elements"": 0, ""factor_hessian_elements"": 0, ""sparse_comparison_solves"": 0}",1.0175056365747426,1551.3336464174608,6.278618359170975,0.004047532268464,9839.0,15.0,3.9814453125
ELLIPTICAL_SLICE_FULL,calibration_n40_r-2_early_q4,calibration,2026082401,40,early,1,NOT_SELECTED,BASELINE_LAPLACE_INFLATION_1.10,1.0,2560,900,512,2,INDEPENDENT_SELECTED_PROPOSAL_DRAW,1491964333,2048,2560,169270322,0.6050439169630408,"{""factor_energy_evaluations"": 16190400, ""factor_gradient_elements"": 0, ""factor_hessian_elements"": 0, ""sparse_comparison_solves"": 0}",1.0175056365747426,1551.3336464174608,6.28300263568558,0.00046253907454221814,10119.0,16.0,3.9814453125
ELLIPTICAL_SLICE_FULL,calibration_n40_r-2_early_q4,calibration,2026082401,40,early,1,NOT_SELECTED,BASELINE_LAPLACE_INFLATION_1.10,1.0,2560,899,512,3,INDEPENDENT_SELECTED_PROPOSAL_DRAW,323621167,2048,2560,2143332803,0.6056640411261469,"{""factor_energy_evaluations"": 16312000, ""factor_gradient_elements"": 0, ""factor_hessian_elements"": 0, ""sparse_comparison_solves"": 0}",1.0175056365747426,1551.3336464174608,6.28216945210541,0.00045573334024272993,10195.0,18.0,3.9814453125
ELLIPTICAL_SLICE_FULL,calibration_n40_r-2_early_q4,calibration,2026082401,40,early,1,NOT_SELECTED,BASELINE_LAPLACE_INFLATION_1.10,1.0,2560,900,512,4,INDEPENDENT_SELECTED_PROPOSAL_DRAW,4036218959,2048,2560,534902542,0.5823845420964062,"{""factor_energy_evaluations"": 16348800, ""factor_gradient_elements"": 0, ""factor_hessian_elements"": 0, ""sparse_comparison_solves"": 0}",1.0175056365747426,1551.3336464174608,6.2828254270785715,0.014528303235774335,10218.0,16.0,3.9814453125
ELLIPTICAL_SLICE_FULL,calibration_n40_r-2_early_q4,calibration,2026082401,40,early,1,NOT_SELECTED,BASELINE_LAPLACE_INFLATION_1.10,1.0,2560,700,512,5,INDEPENDENT_SELECTED_PROPOSAL_DRAW,2328485208,2048,2560,666289495,0.563640542095527,"{""factor_energy_evaluations"": 16576000, ""factor_gradient_elements"": 0, ""factor_hessian_elements"": 0, ""sparse_comparison_solves"": 0}",1.0175056365747426,1551.3336464174608,6.282482184947449,0.0005925008714981064,10360.0,16.0,3.9814453125
ELLIPTICAL_SLICE_FULL,calibration_n40_r-2_early_q4,calibration,2026082401,40,early,1,NOT_SELECTED,BASELINE_LAPLACE_INFLATION_1.10,1.0,2560,700,512,6,INDEPENDENT_SELECTED_PROPOSAL_DRAW,2975005960,2048,2560,3546044006,0.5323743750341237,"{""factor_energy_evaluations"": 16192000, ""factor_gradient_elements"": 0, ""factor_hessian_elements"": 0, ""sparse_comparison_solves"": 0}",1.0175056365747426,1551.3336464174608,6.280026157573803,0.0002586834249239611,10120.0,15.0,3.9814453125
ELLIPTICAL_SLICE_FULL,calibration_n40_r-2_early_q4,calibration,2026082401,40,early,1,NOT_SELECTED,BASELINE_LAPLACE_INFLATION_1.10,1.0,2560,900,512,7,INDEPENDENT_SELECTED_PROPOSAL_DRAW,3038091163,2048,2560,1782884754,0.5875653331167996,"{""factor_energy_evaluations"": 16075200, ""factor_gradient_elements"": 0, ""factor_hessian_elements"": 0, ""sparse_comparison_solves"": 0}",1.0175056365747426,1551.3336464174608,6.280917905417332,0.0016858613964040937,10047.0,14.0,3.9814453125
ELLIPTICAL_SLICE_FULL,calibration_n40_r-2_middle_q8,calibration,2026082401,40,middle,1,NOT_SELECTED,CURVATURE_TEMPERED_LAMBDA_0.40,1.0,2560,939,512,0,LAPLACE_MODE,1391723944,2048,2560,3569906009,0.5898667091969401,"{""factor_energy_evaluations"": 17812800, ""factor_gradient_elements"": 0, ""factor_hessian_elements"": 0, ""sparse_comparison_solves"": 0}",1.0243879505841003,1018.6235925174885,6.279696513774773,0.0006460448181807108,11133.0,18.0,3.923583984375
ELLIPTICAL_SLICE_FULL,calibration_n40_r-2_middle_q8,calibration,2026082401,40,middle,1,NOT_SELECTED,CURVATURE_TEMPERED_LAMBDA_0.40,1.0,2560,860,512,1,INDEPENDENT_SELECTED_PROPOSAL_DRAW,2950307790,2048,2560,1677594945,0.645136000122875,"{""factor_energy_evaluations"": 16204800, ""factor_gradient_elements"": 0, ""factor_hessian_elements"": 0, ""sparse_comparison_solves"": 0}",1.0243879505841003,1018.6235925174885,6.280605390837002,0.0030273151659085144,10128.0,16.0,3.923583984375
ELLIPTICAL_SLICE_FULL,calibration_n40_r-2_middle_q8,calibration,2026082401,40,middle,1,NOT_SELECTED,CURVATURE_TEMPERED_LAMBDA_0.40,1.0,2560,859,512,2,INDEPENDENT_SELECTED_PROPOSAL_DRAW,4100036714,2048,2560,2223744415,0.5563964999746531,"{""factor_energy_evaluations"": 15363200, ""factor_gradient_elements"": 0, ""factor_hessian_elements"": 0, ""sparse_comparison_solves"": 0}",1.0243879505841003,1018.6235925174885,6.282100162745073,0.00508131315420374,9602.0,16.0,3.923583984375
ELLIPTICAL_SLICE_FULL,calibration_n40_r-2_middle_q8,calibration,2026082401,40,middle,1,NOT_SELECTED,CURVATURE_TEMPERED_LAMBDA_0.40,1.0,2560,860,512,3,INDEPENDENT_SELECTED_PROPOSAL_DRAW,1953480604,2048,2560,2457193157,0.5261193749029189,"{""factor_energy_evaluations"": 16331200, ""factor_gradient_elements"": 0, ""factor_hessian_elements"": 0, ""sparse_comparison_solves"": 0}",1.0243879505841003,1018.6235925174885,6.2778662818870945,0.006080413323944809,10207.0,15.0,3.923583984375
ELLIPTICAL_SLICE_FULL,calibration_n40_r-2_middle_q8,calibration,2026082401,40,middle,1,NOT_SELECTED,CURVATURE_TEMPERED_LAMBDA_0.40,1.0,2560,860,512,4,INDEPENDENT_SELECTED_PROPOSAL_DRAW,3261713329,2048,2560,1500677628,0.5744100001174957,"{""factor_energy_evaluations"": 15560000, ""factor_gradient_elements"": 0, ""factor_hessian_elements"": 0, ""sparse_comparison_solves"": 0}",1.0243879505841003,1018.6235925174885,6.2817688088029495,0.0025680261465376663,9725.0,15.0,3.923583984375
ELLIPTICAL_SLICE_FULL,calibration_n40_r-2_middle_q8,calibration,2026082401,40,middle,1,NOT_SELECTED,CURVATURE_TEMPERED_LAMBDA_0.40,1.0,2560,860,512,5,INDEPENDENT_SELECTED_PROPOSAL_DRAW,1659939236,2048,2560,1472210518,0.508321792120114,"{""factor_energy_evaluations"": 15553600, ""factor_gradient_elements"": 0, ""factor_hessian_elements"": 0, ""sparse_comparison_solves"": 0}",1.0243879505841003,1018.6235925174885,6.277899133808453,0.004729666545028514,9721.0,15.0,3.923583984375
ELLIPTICAL_SLICE_FULL,calibration_n40_r-2_middle_q8,calibration,2026082401,40,middle,1,NOT_SELECTED,CURVATURE_TEMPERED_LAMBDA_0.40,1.0,2560,859,512,6,INDEPENDENT_SELECTED_PROPOSAL_DRAW,1260186939,2048,2560,3760428695,0.5750604581553489,"{""factor_energy_evaluations"": 16241600, ""factor_gradient_elements"": 0, ""factor_hessian_elements"": 0, ""sparse_comparison_solves"": 0}",1.0243879505841003,1018.6235925174885,6.281504443732436,0.00031833930094393167,10151.0,20.0,3.923583984375
ELLIPTICAL_SLICE_FULL,calibration_n40_r-2_middle_q8,calibration,2026082401,40,middle,1,NOT_SELECTED,CURVATURE_TEMPERED_LAMBDA_0.40,1.0,2560,860,512,7,INDEPENDENT_SELECTED_PROPOSAL_DRAW,1169091136,2048,2560,2465881243,0.539658792084083,"{""factor_energy_evaluations"": 15500800, ""factor_gradient_elements"": 0, ""factor_hessian_elements"": 0, ""sparse_comparison_solves"": 0}",1.0243879505841003,1018.6235925174885,6.281133435050521,0.007515103204663307,9688.0,16.0,3.923583984375
ELLIPTICAL_SLICE_FULL,calibration_n40_r-2_late_q12,calibration,2026082401,40,late,1,NOT_SELECTED,CURVATURE_TEMPERED_LAMBDA_0.40,1.0,2560,660,512,0,LAPLACE_MODE,3768023067,2048,2560,3440942111,0.6568922919686884,"{""factor_energy_evaluations"": 18350400, ""factor_gradient_elements"": 0, ""factor_hessian_elements"": 0, ""sparse_comparison_solves"": 0}",1.0281858898538538,1064.728628992735,6.2823059011967795,0.000667551142005562,11469.0,16.0,4.008740234375
ELLIPTICAL_SLICE_FULL,calibration_n40_r-2_late_q12,calibration,2026082401,40,late,1,NOT_SELECTED,CURVATURE_TEMPERED_LAMBDA_0.40,1.0,2560,939,512,1,INDEPENDENT_SELECTED_PROPOSAL_DRAW,2910847463,2048,2560,1101280687,0.5418492909520864,"{""factor_energy_evaluations"": 16000000, ""factor_gradient_elements"": 0, ""factor_hessian_elements"": 0, ""sparse_comparison_solves"": 0}",1.0281858898538538,1064.728628992735,6.282187634084294,0.0031890421906753345,10000.0,16.0,4.008740234375
ELLIPTICAL_SLICE_FULL,calibration_n40_r-2_late_q12,calibration,2026082401,40,late,1,NOT_SELECTED,CURVATURE_TEMPERED_LAMBDA_0.40,1.0,2560,939,512,2,INDEPENDENT_SELECTED_PROPOSAL_DRAW,3515111047,2048,2560,4046542019,0.5471774998586625,"{""factor_energy_evaluations"": 16102400, ""factor_gradient_elements"": 0, ""factor_hessian_elements"": 0, ""sparse_comparison_solves"": 0}",1.0281858898538538,1064.728628992735,6.279943815557582,0.0036486547341905095,10064.0,21.0,4.008740234375
ELLIPTICAL_SLICE_FULL,calibration_n40_r-2_late_q12,calibration,2026082401,40,late,1,NOT_SELECTED,CURVATURE_TEMPERED_LAMBDA_0.40,1.0,2560,739,512,3,INDEPENDENT_SELECTED_PROPOSAL_DRAW,2360383317,2048,2560,3790450631,0.6201906248461455,"{""factor_energy_evaluations"": 16281600, ""factor_gradient_elements"": 0, ""factor_hessian_elements"": 0, ""sparse_comparison_solves"": 0}",1.0281858898538538,1064.728628992735,6.282647664476434,0.0014838959243690688,10176.0,16.0,4.008740234375
ELLIPTICAL_SLICE_FULL,calibration_n40_r-2_late_q12,calibration,2026082401,40,late,1,NOT_SELECTED,CURVATURE_TEMPERED_LAMBDA_0.40,1.0,2560,660,512,4,INDEPENDENT_SELECTED_PROPOSAL_DRAW,1288921981,2048,2560,452893060,0.5657607079483569,"{""factor_energy_evaluations"": 16801600, ""factor_gradient_elements"": 0, ""factor_hessian_elements"": 0, ""sparse_comparison_solves"": 0}",1.0281858898538538,1064.728628992735,6.282281236677389,0.005927394531338826,10501.0,15.0,4.008740234375
ELLIPTICAL_SLICE_FULL,calibration_n40_r-2_late_q12,calibration,2026082401,40,late,1,NOT_SELECTED,CURVATURE_TEMPERED_LAMBDA_0.40,1.0,2560,739,512,5,INDEPENDENT_SELECTED_PROPOSAL_DRAW,2529981294,2048,2560,3969936463,0.5891844171565026,"{""factor_energy_evaluations"": 15896000, ""factor_gradient_elements"": 0, ""factor_hessian_elements"": 0, ""sparse_comparison_solves"": 0}",1.0281858898538538,1064.728628992735,6.280280292117881,0.0006578242875705711,9935.0,18.0,4.008740234375
ELLIPTICAL_SLICE_FULL,calibration_n40_r-2_late_q12,calibration,2026082401,40,late,1,NOT_SELECTED,CURVATURE_TEMPERED_LAMBDA_0.40,1.0,2560,739,512,6,INDEPENDENT_SELECTED_PROPOSAL_DRAW,2964406108,2048,2560,4235041084,0.5459664999507368,"{""factor_energy_evaluations"": 15379200, ""factor_gradient_elements"": 0, ""factor_hessian_elements"": 0, ""sparse_comparison_solves"": 0}",1.0281858898538538,1064.728628992735,6.282597679243028,0.001603852689353397,9612.0,14.0,4.008740234375
ELLIPTICAL_SLICE_FULL,calibration_n40_r-2_late_q12,calibration,2026082401,40,late,1,NOT_SELECTED,CURVATURE_TEMPERED_LAMBDA_0.40,1.0,2560,660,512,7,INDEPENDENT_SELECTED_PROPOSAL_DRAW,2398914024,2048,2560,482547605,0.5627473329659551,"{""factor_energy_evaluations"": 16547200, ""factor_gradient_elements"": 0, ""factor_hessian_elements"": 0, ""sparse_comparison_solves"": 0}",1.0281858898538538,1064.728628992735,6.2795481779978894,0.001890283412072615,10342.0,16.0,4.008740234375
ELLIPTICAL_SLICE_FULL,calibration_n24_r-2_early_q4,calibration,2026082401,24,early,2,NOT_SELECTED,CURVATURE_TEMPERED_LAMBDA_0.40,1.0,5120,227,1024,0,LAPLACE_MODE,449972176,4096,5120,4141372794,0.4912785419728607,"{""factor_energy_evaluations"": 7771392, ""factor_gradient_elements"": 0, ""factor_hessian_elements"": 0, ""sparse_comparison_solves"": 0}",1.0026530653365826,8479.501665481272,6.282308280197184,0.0014834075604574157,13492.0,14.0,2.7318603515625
ELLIPTICAL_SLICE_FULL,calibration_n24_r-2_early_q4,calibration,2026082401,24,early,2,NOT_SELECTED,CURVATURE_TEMPERED_LAMBDA_0.40,1.0,5120,347,1024,1,INDEPENDENT_SELECTED_PROPOSAL_DRAW,1601382879,4096,5120,577817864,0.4926156250294298,"{""factor_energy_evaluations"": 8161344, ""factor_gradient_elements"": 0, ""factor_hessian_elements"": 0, ""sparse_comparison_solves"": 0}",1.0026530653365826,8479.501665481272,6.280718630159718,0.00044796194096355987,14169.0,15.0,2.7318603515625
ELLIPTICAL_SLICE_FULL,calibration_n24_r-2_early_q4,calibration,2026082401,24,early,2,NOT_SELECTED,CURVATURE_TEMPERED_LAMBDA_0.40,1.0,5120,348,1024,2,INDEPENDENT_SELECTED_PROPOSAL_DRAW,3564785553,4096,5120,2025529179,0.49135916610248387,"{""factor_energy_evaluations"": 7984512, ""factor_gradient_elements"": 0, ""factor_hessian_elements"": 0, ""sparse_comparison_solves"": 0}",1.0026530653365826,8479.501665481272,6.282518684590751,0.0004763713591833771,13862.0,15.0,2.7318603515625
ELLIPTICAL_SLICE_FULL,calibration_n24_r-2_early_q4,calibration,2026082401,24,early,2,NOT_SELECTED,CURVATURE_TEMPERED_LAMBDA_0.40,1.0,5120,227,1024,3,INDEPENDENT_SELECTED_PROPOSAL_DRAW,1659944786,4096,5120,2140146687,0.5561497919261456,"{""factor_energy_evaluations"": 8057664, ""factor_gradient_elements"": 0, ""factor_hessian_elements"": 0, ""sparse_comparison_solves"": 0}",1.0026530653365826,8479.501665481272,6.282857130772208,0.0009636057211543675,13989.0,16.0,2.7318603515625
ELLIPTICAL_SLICE_FULL,calibration_n24_r-2_early_q4,calibration,2026082401,24,early,2,NOT_SELECTED,CURVATURE_TEMPERED_LAMBDA_0.40,1.0,5120,348,1024,4,INDEPENDENT_SELECTED_PROPOSAL_DRAW,2133900567,4096,5120,1957437221,0.49340716702863574,"{""factor_energy_evaluations"": 8157312, ""factor_gradient_elements"": 0, ""factor_hessian_elements"": 0, ""sparse_comparison_solves"": 0}",1.0026530653365826,8479.501665481272,6.282791174955678,0.0001608552568107703,14162.0,14.0,2.7318603515625
ELLIPTICAL_SLICE_FULL,calibration_n24_r-2_early_q4,calibration,2026082401,24,early,2,NOT_SELECTED,CURVATURE_TEMPERED_LAMBDA_0.40,1.0,5120,227,1024,5,INDEPENDENT_SELECTED_PROPOSAL_DRAW,1579414319,4096,5120,1783366777,0.4850093750283122,"{""factor_energy_evaluations"": 8138880, ""factor_gradient_elements"": 0, ""factor_hessian_elements"": 0, ""sparse_comparison_solves"": 0}",1.0026530653365826,8479.501665481272,6.2812204549322255,6.202062130681789e-05,14130.0,15.0,2.7318603515625
ELLIPTICAL_SLICE_FULL,calibration_n24_r-2_early_q4,calibration,2026082401,24,early,2,NOT_SELECTED,CURVATURE_TEMPERED_LAMBDA_0.40,1.0,5120,227,1024,6,INDEPENDENT_SELECTED_PROPOSAL_DRAW,1255474114,4096,5120,4165803661,0.5462814578786492,"{""factor_energy_evaluations"": 8061696, ""factor_gradient_elements"": 0, ""factor_hessian_elements"": 0, ""sparse_comparison_solves"": 0}",1.0026530653365826,8479.501665481272,6.2826454592437715,0.0006905664118048845,13996.0,17.0,2.7318603515625
ELLIPTICAL_SLICE_FULL,calibration_n24_r-2_early_q4,calibration,2026082401,24,early,2,NOT_SELECTED,CURVATURE_TEMPERED_LAMBDA_0.40,1.0,5120,348,1024,7,INDEPENDENT_SELECTED_PROPOSAL_DRAW,483989809,4096,5120,3903623552,0.49039237503893673,"{""factor_energy_evaluations"": 8119872, ""factor_gradient_elements"": 0, ""factor_hessian_elements"": 0, ""sparse_comparison_solves"": 0}",1.0026530653365826,8479.501665481272,6.282968249703448,0.000887400942326119,14097.0,13.0,2.7318603515625
ELLIPTICAL_SLICE_FULL,calibration_n24_r-2_middle_q8,calibration,2026082401,24,middle,2,NOT_SELECTED,CURVATURE_TEMPERED_LAMBDA_0.40,1.0,5120,371,1024,0,LAPLACE_MODE,3865382811,4096,5120,2003929002,0.5675255828537047,"{""factor_energy_evaluations"": 8145216, ""factor_gradient_elements"": 0, ""factor_hessian_elements"": 0, ""sparse_comparison_solves"": 0}",1.0031379826732107,6084.482285438426,6.279248788891182,0.0020574723885327293,14141.0,16.0,2.760986328125
ELLIPTICAL_SLICE_FULL,calibration_n24_r-2_middle_q8,calibration,2026082401,24,middle,2,NOT_SELECTED,CURVATURE_TEMPERED_LAMBDA_0.40,1.0,5120,203,1024,1,INDEPENDENT_SELECTED_PROPOSAL_DRAW,2005246966,4096,5120,1620684774,0.5018084580078721,"{""factor_energy_evaluations"": 8125056, ""factor_gradient_elements"": 0, ""factor_hessian_elements"": 0, ""sparse_comparison_solves"": 0}",1.0031379826732107,6084.482285438426,6.2831273583862535,0.0005400872667613648,14106.0,15.0,2.760986328125
ELLIPTICAL_SLICE_FULL,calibration_n24_r-2_middle_q8,calibration,2026082401,24,middle,2,NOT_SELECTED,CURVATURE_TEMPERED_LAMBDA_0.40,1.0,5120,371,1024,2,INDEPENDENT_SELECTED_PROPOSAL_DRAW,3968278576,4096,5120,2303529479,0.5251471670344472,"{""factor_energy_evaluations"": 8453376, ""factor_gradient_elements"": 0, ""factor_hessian_elements"": 0, ""sparse_comparison_solves"": 0}",1.0031379826732107,6084.482285438426,6.282721118917155,0.00013387547296239165,14676.0,14.0,2.760986328125
ELLIPTICAL_SLICE_FULL,calibration_n24_r-2_middle_q8,calibration,2026082401,24,middle,2,NOT_SELECTED,CURVATURE_TEMPERED_LAMBDA_0.40,1.0,5120,323,1024,3,INDEPENDENT_SELECTED_PROPOSAL_DRAW,3956402077,4096,5120,2195305569,0.5439709578640759,"{""factor_energy_evaluations"": 8112960, ""factor_gradient_elements"": 0, ""factor_hessian_elements"": 0, ""sparse_comparison_solves"": 0}",1.0031379826732107,6084.482285438426,6.277283100258265,0.0019847133358165095,14085.0,18.0,2.760986328125
ELLIPTICAL_SLICE_FULL,calibration_n24_r-2_middle_q8,calibration,2026082401,24,middle,2,NOT_SELECTED,CURVATURE_TEMPERED_LAMBDA_0.40,1.0,5120,323,1024,4,INDEPENDENT_SELECTED_PROPOSAL_DRAW,1982055046,4096,5120,4019921548,0.5012386250309646,"{""factor_energy_evaluations"": 7909056, ""factor_gradient_elements"": 0, ""factor_hessian_elements"": 0, ""sparse_comparison_solves"": 0}",1.0031379826732107,6084.482285438426,6.280267615668044,0.0005356427033678334,13731.0,14.0,2.760986328125
ELLIPTICAL_SLICE_FULL,calibration_n24_r-2_middle_q8,calibration,2026082401,24,middle,2,NOT_SELECTED,CURVATURE_TEMPERED_LAMBDA_0.40,1.0,5120,204,1024,5,INDEPENDENT_SELECTED_PROPOSAL_DRAW,1244556831,4096,5120,405387753,0.5456724581308663,"{""factor_energy_evaluations"": 7977024, ""factor_gradient_elements"": 0, ""factor_hessian_elements"": 0, ""sparse_comparison_solves"": 0}",1.0031379826732107,6084.482285438426,6.282578569804805,0.0013745166501108249,13849.0,13.0,2.760986328125
ELLIPTICAL_SLICE_FULL,calibration_n24_r-2_middle_q8,calibration,2026082401,24,middle,2,NOT_SELECTED,CURVATURE_TEMPERED_LAMBDA_0.40,1.0,5120,371,1024,6,INDEPENDENT_SELECTED_PROPOSAL_DRAW,979829664,4096,5120,3285600809,0.5496930000372231,"{""factor_energy_evaluations"": 8196480, ""factor_gradient_elements"": 0, ""factor_hessian_elements"": 0, ""sparse_comparison_solves"": 0}",1.0031379826732107,6084.482285438426,6.2829444197321545,0.0015023056958381542,14230.0,14.0,2.760986328125
ELLIPTICAL_SLICE_FULL,calibration_n24_r-2_middle_q8,calibration,2026082401,24,middle,2,NOT_SELECTED,CURVATURE_TEMPERED_LAMBDA_0.40,1.0,5120,252,1024,7,INDEPENDENT_SELECTED_PROPOSAL_DRAW,4202946702,4096,5120,3198545078,0.5241320000495762,"{""factor_energy_evaluations"": 8220672, ""factor_gradient_elements"": 0, ""factor_hessian_elements"": 0, ""sparse_comparison_solves"": 0}",1.0031379826732107,6084.482285438426,6.28316572294362,0.0013444311840732613,14272.0,16.0,2.760986328125
ELLIPTICAL_SLICE_FULL,calibration_n24_r-2_late_q12,calibration,2026082401,24,late,2,NOT_SELECTED,CURVATURE_TEMPERED_LAMBDA_0.40,1.0,5120,372,1024,0,LAPLACE_MODE,3906775852,4096,5120,2827181308,0.49444629112258554,"{""factor_energy_evaluations"": 7998912, ""factor_gradient_elements"": 0, ""factor_hessian_elements"": 0, ""sparse_comparison_solves"": 0}",1.0030955627507687,5880.746914437011,6.282162355681384,0.00019974005058798647,13887.0,15.0,2.73818359375
ELLIPTICAL_SLICE_FULL,calibration_n24_r-2_late_q12,calibration,2026082401,24,late,2,NOT_SELECTED,CURVATURE_TEMPERED_LAMBDA_0.40,1.0,5120,324,1024,1,INDEPENDENT_SELECTED_PROPOSAL_DRAW,2288505268,4096,5120,2150539275,0.5712134160567075,"{""factor_energy_evaluations"": 8020800, ""factor_gradient_elements"": 0, ""factor_hessian_elements"": 0, ""sparse_comparison_solves"": 0}",1.0030955627507687,5880.746914437011,6.282914798646917,0.0002639428106314385,13925.0,17.0,2.73818359375
ELLIPTICAL_SLICE_FULL,calibration_n24_r-2_late_q12,calibration,2026082401,24,late,2,NOT_SELECTED,CURVATURE_TEMPERED_LAMBDA_0.40,1.0,5120,371,1024,2,INDEPENDENT_SELECTED_PROPOSAL_DRAW,2863985702,4096,5120,1958643887,0.49891008413396776,"{""factor_energy_evaluations"": 8081280, ""factor_gradient_elements"": 0, ""factor_hessian_elements"": 0, ""sparse_comparison_solves"": 0}",1.0030955627507687,5880.746914437011,6.279767146655603,7.0517696224842455e-06,14030.0,18.0,2.73818359375
ELLIPTICAL_SLICE_FULL,calibration_n24_r-2_late_q12,calibration,2026082401,24,late,2,NOT_SELECTED,CURVATURE_TEMPERED_LAMBDA_0.40,1.0,5120,251,1024,3,INDEPENDENT_SELECTED_PROPOSAL_DRAW,1739944118,4096,5120,2614475322,0.5386923330370337,"{""factor_energy_evaluations"": 7996032, ""factor_gradient_elements"": 0, ""factor_hessian_elements"": 0, ""sparse_comparison_solves"": 0}",1.0030955627507687,5880.746914437011,6.282560890226769,0.0014803293784985472,13882.0,16.0,2.73818359375
ELLIPTICAL_SLICE_FULL,calibration_n24_r-2_late_q12,calibration,2026082401,24,late,2,NOT_SELECTED,CURVATURE_TEMPERED_LAMBDA_0.40,1.0,5120,371,1024,4,INDEPENDENT_SELECTED_PROPOSAL_DRAW,4266480518,4096,5120,1922053939,0.5648237911518663,"{""factor_energy_evaluations"": 8009856, ""factor_gradient_elements"": 0, ""factor_hessian_elements"": 0, ""sparse_comparison_solves"": 0}",1.0030955627507687,5880.746914437011,6.280014306002563,0.00229459136489835,13906.0,13.0,2.73818359375
ELLIPTICAL_SLICE_FULL,calibration_n24_r-2_late_q12,calibration,2026082401,24,late,2,NOT_SELECTED,CURVATURE_TEMPERED_LAMBDA_0.40,1.0,5120,371,1024,5,INDEPENDENT_SELECTED_PROPOSAL_DRAW,3588984966,4096,5120,29724012,0.5111202909611166,"{""factor_energy_evaluations"": 7991424, ""factor_gradient_elements"": 0, ""factor_hessian_elements"": 0, ""sparse_comparison_solves"": 0}",1.0030955627507687,5880.746914437011,6.283087128813224,0.0033356477286916523,13874.0,17.0,2.73818359375
ELLIPTICAL_SLICE_FULL,calibration_n24_r-2_late_q12,calibration,2026082401,24,late,2,NOT_SELECTED,CURVATURE_TEMPERED_LAMBDA_0.40,1.0,5120,371,1024,6,INDEPENDENT_SELECTED_PROPOSAL_DRAW,4284246530,4096,5120,236353764,0.46740954206325114,"{""factor_energy_evaluations"": 8128512, ""factor_gradient_elements"": 0, ""factor_hessian_elements"": 0, ""sparse_comparison_solves"": 0}",1.0030955627507687,5880.746914437011,6.281550924677469,0.00035151807562583593,14112.0,15.0,2.73818359375
ELLIPTICAL_SLICE_FULL,calibration_n24_r-2_late_q12,calibration,2026082401,24,late,2,NOT_SELECTED,CURVATURE_TEMPERED_LAMBDA_0.40,1.0,5120,372,1024,7,INDEPENDENT_SELECTED_PROPOSAL_DRAW,1039013281,4096,5120,2988743429,0.44966191705316305,"{""factor_energy_evaluations"": 8375040, ""factor_gradient_elements"": 0, ""factor_hessian_elements"": 0, ""sparse_comparison_solves"": 0}",1.0030955627507687,5880.746914437011,6.282856331151721,0.00020604951346870777,14540.0,17.0,2.73818359375
ELLIPTICAL_SLICE_FULL,calibration_n40_r-2_early_q4,calibration,2026082401,40,early,2,NOT_SELECTED,BASELINE_LAPLACE_INFLATION_1.10,1.0,5120,900,1024,0,LAPLACE_MODE,2908554101,4096,5120,2568721933,1.113236750010401,"{""factor_energy_evaluations"": 34163200, ""factor_gradient_elements"": 0, ""factor_hessian_elements"": 0, ""sparse_comparison_solves"": 0}",1.005248687498096,2780.3382799065153,6.281891392471722,0.0010607157267855465,21352.0,19.0,3.9710205078125
ELLIPTICAL_SLICE_FULL,calibration_n40_r-2_early_q4,calibration,2026082401,40,early,2,NOT_SELECTED,BASELINE_LAPLACE_INFLATION_1.10,1.0,5120,699,1024,1,INDEPENDENT_SELECTED_PROPOSAL_DRAW,3760755581,4096,5120,3511600710,1.3246517919469625,"{""factor_energy_evaluations"": 32492800, ""factor_gradient_elements"": 0, ""factor_hessian_elements"": 0, ""sparse_comparison_solves"": 0}",1.005248687498096,2780.3382799065153,6.282625327389261,0.00013809810156527086,20308.0,18.0,3.9710205078125
ELLIPTICAL_SLICE_FULL,calibration_n40_r-2_early_q4,calibration,2026082401,40,early,2,NOT_SELECTED,BASELINE_LAPLACE_INFLATION_1.10,1.0,5120,899,1024,2,INDEPENDENT_SELECTED_PROPOSAL_DRAW,3942438678,4096,5120,2200651753,1.0306285419501364,"{""factor_energy_evaluations"": 32595200, ""factor_gradient_elements"": 0, ""factor_hessian_elements"": 0, ""sparse_comparison_solves"": 0}",1.005248687498096,2780.3382799065153,6.2820934005819975,0.00044456595939847956,20372.0,17.0,3.9710205078125
ELLIPTICAL_SLICE_FULL,calibration_n40_r-2_early_q4,calibration,2026082401,40,early,2,NOT_SELECTED,BASELINE_LAPLACE_INFLATION_1.10,1.0,5120,899,1024,3,INDEPENDENT_SELECTED_PROPOSAL_DRAW,2605296266,4096,5120,2281835160,0.9725685419980437,"{""factor_energy_evaluations"": 32641600, ""factor_gradient_elements"": 0, ""factor_hessian_elements"": 0, ""sparse_comparison_solves"": 0}",1.005248687498096,2780.3382799065153,6.282403919278578,0.000768752335829471,20401.0,16.0,3.9710205078125
ELLIPTICAL_SLICE_FULL,calibration_n40_r-2_early_q4,calibration,2026082401,40,early,2,NOT_SELECTED,BASELINE_LAPLACE_INFLATION_1.10,1.0,5120,899,1024,4,INDEPENDENT_SELECTED_PROPOSAL_DRAW,3486243876,4096,5120,713304999,0.972723999992013,"{""factor_energy_evaluations"": 32476800, ""factor_gradient_elements"": 0, ""factor_hessian_elements"": 0, ""sparse_comparison_solves"": 0}",1.005248687498096,2780.3382799065153,6.283166453729477,0.0006368862548154825,20298.0,16.0,3.9710205078125
ELLIPTICAL_SLICE_FULL,calibration_n40_r-2_early_q4,calibration,2026082401,40,early,2,NOT_SELECTED,BASELINE_LAPLACE_INFLATION_1.10,1.0,5120,700,1024,5,INDEPENDENT_SELECTED_PROPOSAL_DRAW,2607183543,4096,5120,777587818,0.9703072500415146,"{""factor_energy_evaluations"": 32854400, ""factor_gradient_elements"": 0, ""factor_hessian_elements"": 0, ""sparse_comparison_solves"": 0}",1.005248687498096,2780.3382799065153,6.282949318992923,0.00029443887156419874,20534.0,17.0,3.9710205078125
ELLIPTICAL_SLICE_FULL,calibration_n40_r-2_early_q4,calibration,2026082401,40,early,2,NOT_SELECTED,BASELINE_LAPLACE_INFLATION_1.10,1.0,5120,700,1024,6,INDEPENDENT_SELECTED_PROPOSAL_DRAW,4172568417,4096,5120,3734813241,0.9371334169991314,"{""factor_energy_evaluations"": 31524800, ""factor_gradient_elements"": 0, ""factor_hessian_elements"": 0, ""sparse_comparison_solves"": 0}",1.005248687498096,2780.3382799065153,6.283110182188795,0.0002459554582972866,19703.0,15.0,3.9710205078125
ELLIPTICAL_SLICE_FULL,calibration_n40_r-2_early_q4,calibration,2026082401,40,early,2,NOT_SELECTED,BASELINE_LAPLACE_INFLATION_1.10,1.0,5120,899,1024,7,INDEPENDENT_SELECTED_PROPOSAL_DRAW,3421017035,4096,5120,1147745884,0.9427731251344085,"{""factor_energy_evaluations"": 31496000, ""factor_gradient_elements"": 0, ""factor_hessian_elements"": 0, ""sparse_comparison_solves"": 0}",1.005248687498096,2780.3382799065153,6.280663345946745,0.0022107901098633127,19685.0,17.0,3.9710205078125
ELLIPTICAL_SLICE_FULL,calibration_n40_r-2_middle_q8,calibration,2026082401,40,middle,2,NOT_SELECTED,CURVATURE_TEMPERED_LAMBDA_0.40,1.0,5120,740,1024,0,LAPLACE_MODE,3667882332,4096,5120,3669189113,0.9905799578409642,"{""factor_energy_evaluations"": 33584000, ""factor_gradient_elements"": 0, ""factor_hessian_elements"": 0, ""sparse_comparison_solves"": 0}",1.0104970814047731,2544.5965922593145,6.282414468314894,0.0002264992749108664,20990.0,22.0,3.908251953125
ELLIPTICAL_SLICE_FULL,calibration_n40_r-2_middle_q8,calibration,2026082401,40,middle,2,NOT_SELECTED,CURVATURE_TEMPERED_LAMBDA_0.40,1.0,5120,660,1024,1,INDEPENDENT_SELECTED_PROPOSAL_DRAW,2343962610,4096,5120,1135817549,0.9555893330834806,"{""factor_energy_evaluations"": 32171200, ""factor_gradient_elements"": 0, ""factor_hessian_elements"": 0, ""sparse_comparison_solves"": 0}",1.0104970814047731,2544.5965922593145,6.279487906787031,0.0024592830178517973,20107.0,17.0,3.908251953125
ELLIPTICAL_SLICE_FULL,calibration_n40_r-2_middle_q8,calibration,2026082401,40,middle,2,NOT_SELECTED,CURVATURE_TEMPERED_LAMBDA_0.40,1.0,5120,659,1024,2,INDEPENDENT_SELECTED_PROPOSAL_DRAW,3610099850,4096,5120,2473469898,0.943304207874462,"{""factor_energy_evaluations"": 31776000, ""factor_gradient_elements"": 0, ""factor_hessian_elements"": 0, ""sparse_comparison_solves"": 0}",1.0104970814047731,2544.5965922593145,6.282369567671564,0.001015058841524821,19860.0,19.0,3.908251953125
ELLIPTICAL_SLICE_FULL,calibration_n40_r-2_middle_q8,calibration,2026082401,40,middle,2,NOT_SELECTED,CURVATURE_TEMPERED_LAMBDA_0.40,1.0,5120,739,1024,3,INDEPENDENT_SELECTED_PROPOSAL_DRAW,3618636739,4096,5120,911242937,0.9406113750301301,"{""factor_energy_evaluations"": 31659200, ""factor_gradient_elements"": 0, ""factor_hessian_elements"": 0, ""sparse_comparison_solves"": 0}",1.0104970814047731,2544.5965922593145,6.2827647673093745,0.001685648772135888,19787.0,17.0,3.908251953125
ELLIPTICAL_SLICE_FULL,calibration_n40_r-2_middle_q8,calibration,2026082401,40,middle,2,NOT_SELECTED,CURVATURE_TEMPERED_LAMBDA_0.40,1.0,5120,659,1024,4,INDEPENDENT_SELECTED_PROPOSAL_DRAW,2858514981,4096,5120,1535336479,0.9225505420472473,"{""factor_energy_evaluations"": 30940800, ""factor_gradient_elements"": 0, ""factor_hessian_elements"": 0, ""sparse_comparison_solves"": 0}",1.0104970814047731,2544.5965922593145,6.283161224094649,0.0012416211599036373,19338.0,16.0,3.908251953125
ELLIPTICAL_SLICE_FULL,calibration_n40_r-2_middle_q8,calibration,2026082401,40,middle,2,NOT_SELECTED,CURVATURE_TEMPERED_LAMBDA_0.40,1.0,5120,940,1024,5,INDEPENDENT_SELECTED_PROPOSAL_DRAW,1509139029,4096,5120,2015229438,0.9699160840827972,"{""factor_energy_evaluations"": 32800000, ""factor_gradient_elements"": 0, ""factor_hessian_elements"": 0, ""sparse_comparison_solves"": 0}",1.0104970814047731,2544.5965922593145,6.28302573458089,0.00017520647942799098,20500.0,18.0,3.908251953125
ELLIPTICAL_SLICE_FULL,calibration_n40_r-2_middle_q8,calibration,2026082401,40,middle,2,NOT_SELECTED,CURVATURE_TEMPERED_LAMBDA_0.40,1.0,5120,860,1024,6,INDEPENDENT_SELECTED_PROPOSAL_DRAW,1827890597,4096,5120,2075216646,0.9547508340328932,"{""factor_energy_evaluations"": 32132800, ""factor_gradient_elements"": 0, ""factor_hessian_elements"": 0, ""sparse_comparison_solves"": 0}",1.0104970814047731,2544.5965922593145,6.283096344371759,0.0013403554025992917,20083.0,17.0,3.908251953125
ELLIPTICAL_SLICE_FULL,calibration_n40_r-2_middle_q8,calibration,2026082401,40,middle,2,NOT_SELECTED,CURVATURE_TEMPERED_LAMBDA_0.40,1.0,5120,659,1024,7,INDEPENDENT_SELECTED_PROPOSAL_DRAW,294533661,4096,5120,1685496882,1.0050392500124872,"{""factor_energy_evaluations"": 31067200, ""factor_gradient_elements"": 0, ""factor_hessian_elements"": 0, ""sparse_comparison_solves"": 0}",1.0104970814047731,2544.5965922593145,6.282564373307645,0.0024568832364710693,19417.0,17.0,3.908251953125
ELLIPTICAL_SLICE_FULL,calibration_n40_r-2_late_q12,calibration,2026082401,40,late,2,NOT_SELECTED,CURVATURE_TEMPERED_LAMBDA_0.40,1.0,5120,740,1024,0,LAPLACE_MODE,2087632195,4096,5120,1659860329,1.013362041907385,"{""factor_energy_evaluations"": 33014400, ""factor_gradient_elements"": 0, ""factor_hessian_elements"": 0, ""sparse_comparison_solves"": 0}",1.007922657026867,1848.8474812415564,6.28304075632694,0.001026904053616159,20634.0,21.0,3.9189453125
ELLIPTICAL_SLICE_FULL,calibration_n40_r-2_late_q12,calibration,2026082401,40,late,2,NOT_SELECTED,CURVATURE_TEMPERED_LAMBDA_0.40,1.0,5120,939,1024,1,INDEPENDENT_SELECTED_PROPOSAL_DRAW,486991995,4096,5120,3591806838,0.9782708329148591,"{""factor_energy_evaluations"": 32446400, ""factor_gradient_elements"": 0, ""factor_hessian_elements"": 0, ""sparse_comparison_solves"": 0}",1.007922657026867,1848.8474812415564,6.282909628729297,0.0031075152737426556,20279.0,16.0,3.9189453125
ELLIPTICAL_SLICE_FULL,calibration_n40_r-2_late_q12,calibration,2026082401,40,late,2,NOT_SELECTED,CURVATURE_TEMPERED_LAMBDA_0.40,1.0,5120,939,1024,2,INDEPENDENT_SELECTED_PROPOSAL_DRAW,1142755205,4096,5120,1373090028,1.0532647499348968,"{""factor_energy_evaluations"": 31540800, ""factor_gradient_elements"": 0, ""factor_hessian_elements"": 0, ""sparse_comparison_solves"": 0}",1.007922657026867,1848.8474812415564,6.282526289173709,0.0014598231615142194,19713.0,16.0,3.9189453125
ELLIPTICAL_SLICE_FULL,calibration_n40_r-2_late_q12,calibration,2026082401,40,late,2,NOT_SELECTED,CURVATURE_TEMPERED_LAMBDA_0.40,1.0,5120,740,1024,3,INDEPENDENT_SELECTED_PROPOSAL_DRAW,382118663,4096,5120,954827352,0.9628499171230942,"{""factor_energy_evaluations"": 31659200, ""factor_gradient_elements"": 0, ""factor_hessian_elements"": 0, ""sparse_comparison_solves"": 0}",1.007922657026867,1848.8474812415564,6.282780043899368,0.0005060343870694504,19787.0,18.0,3.9189453125
ELLIPTICAL_SLICE_FULL,calibration_n40_r-2_late_q12,calibration,2026082401,40,late,2,NOT_SELECTED,CURVATURE_TEMPERED_LAMBDA_0.40,1.0,5120,740,1024,4,INDEPENDENT_SELECTED_PROPOSAL_DRAW,4292812157,4096,5120,3017138316,0.9538651660550386,"{""factor_energy_evaluations"": 31619200, ""factor_gradient_elements"": 0, ""factor_hessian_elements"": 0, ""sparse_comparison_solves"": 0}",1.007922657026867,1848.8474812415564,6.280619099967783,0.0004748277682529695,19762.0,17.0,3.9189453125
ELLIPTICAL_SLICE_FULL,calibration_n40_r-2_late_q12,calibration,2026082401,40,late,2,NOT_SELECTED,CURVATURE_TEMPERED_LAMBDA_0.40,1.0,5120,939,1024,5,INDEPENDENT_SELECTED_PROPOSAL_DRAW,2722692344,4096,5120,410092617,0.980684916023165,"{""factor_energy_evaluations"": 32753600, ""factor_gradient_elements"": 0, ""factor_hessian_elements"": 0, ""sparse_comparison_solves"": 0}",1.007922657026867,1848.8474812415564,6.282722389079838,0.0022997424466400128,20471.0,19.0,3.9189453125
ELLIPTICAL_SLICE_FULL,calibration_n40_r-2_late_q12,calibration,2026082401,40,late,2,NOT_SELECTED,CURVATURE_TEMPERED_LAMBDA_0.40,1.0,5120,740,1024,6,INDEPENDENT_SELECTED_PROPOSAL_DRAW,2891154998,4096,5120,3718742339,0.9536761250346899,"{""factor_energy_evaluations"": 31516800, ""factor_gradient_elements"": 0, ""factor_hessian_elements"": 0, ""sparse_comparison_solves"": 0}",1.007922657026867,1848.8474812415564,6.282549571757071,0.0005696187408132009,19698.0,16.0,3.9189453125
ELLIPTICAL_SLICE_FULL,calibration_n40_r-2_late_q12,calibration,2026082401,40,late,2,NOT_SELECTED,CURVATURE_TEMPERED_LAMBDA_0.40,1.0,5120,740,1024,7,INDEPENDENT_SELECTED_PROPOSAL_DRAW,4114047617,4096,5120,3694756923,0.9715932088438421,"{""factor_energy_evaluations"": 32281600, ""factor_gradient_elements"": 0, ""factor_hessian_elements"": 0, ""sparse_comparison_solves"": 0}",1.007922657026867,1848.8474812415564,6.279403442034872,0.0017154081305384204,20176.0,18.0,3.9189453125
