state_id,grid_size,checkpoint,source_seed,state_specific_incumbent,action_index,covariance_inflation,curvature_lambda,ess_absolute,ess_fraction,kind,log_weight_standard_deviation,maximum_normalized_weight,minimum_cholesky_diagonal,proposal_name,proposal_seed,sample_count,spd_check_passed,tie_break_rank,wall_seconds,top_five,work,selected
calibration_n24_r-2_early_q4,24,early,2026082401,0.55,227,1.1,,1067.3774444929415,0.5211803928188191,BASELINE_INFLATED_LAPLACE,0.755978227773374,0.006482344240012052,2.296568774573113,BASELINE_LAPLACE_INFLATION_1.10,2847234128,2048,True,0,0.047237667022272944,"[{""acquisition"": 0.4360564258036399, ""action_index"": 227, ""rank"": 1}, {""acquisition"": 0.42039793179479046, ""action_index"": 348, ""rank"": 2}, {""acquisition"": 0.41169775836060296, ""action_index"": 347, ""rank"": 3}, {""acquisition"": 0.4076607065386658, ""action_index"": 228, ""rank"": 4}, {""acquisition"": 0.2575060247475647, ""action_index"": 252, ""rank"": 5}]","{""factor_energy_evaluations"": 1179648, ""factor_gradient_elements"": 0, ""factor_hessian_elements"": 0, ""sparse_comparison_solves"": 0}",False
calibration_n24_r-2_early_q4,24,early,2026082401,0.55,227,,1.0,31.53466705657822,0.015397786648719833,CURVATURE_TEMPERED,1.8420204472474244,0.1592924302975307,2.4086616512035626,CURVATURE_TEMPERED_LAMBDA_1.00,718129756,2048,True,1,0.04634508304297924,"[{""acquisition"": 0.4364197046096788, ""action_index"": 227, ""rank"": 1}, {""acquisition"": 0.3736300717984332, ""action_index"": 228, ""rank"": 2}, {""acquisition"": 0.36143911852517424, ""action_index"": 348, ""rank"": 3}, {""acquisition"": 0.3127809027521738, ""action_index"": 347, ""rank"": 4}, {""acquisition"": 0.28570272768067717, ""action_index"": 323, ""rank"": 5}]","{""factor_energy_evaluations"": 1179648, ""factor_gradient_elements"": 0, ""factor_hessian_elements"": 0, ""sparse_comparison_solves"": 0}",False
calibration_n24_r-2_early_q4,24,early,2026082401,0.55,227,,0.8,417.838132261586,0.20402252551835254,CURVATURE_TEMPERED,1.2678659459574482,0.020476625552203524,2.3565901168230208,CURVATURE_TEMPERED_LAMBDA_0.80,3675684812,2048,True,2,0.04702570801600814,"[{""acquisition"": 0.4309860250594572, ""action_index"": 227, ""rank"": 1}, {""acquisition"": 0.43057466433834857, ""action_index"": 228, ""rank"": 2}, {""acquisition"": 0.42000071478624446, ""action_index"": 347, ""rank"": 3}, {""acquisition"": 0.4070447520518019, ""action_index"": 348, ""rank"": 4}, {""acquisition"": 0.2608068225159661, ""action_index"": 323, ""rank"": 5}]","{""factor_energy_evaluations"": 1179648, ""factor_gradient_elements"": 0, ""factor_hessian_elements"": 0, ""sparse_comparison_solves"": 0}",False
calibration_n24_r-2_early_q4,24,early,2026082401,0.55,347,,0.6,993.8323115194872,0.4852696833591246,CURVATURE_TEMPERED,0.8233034870030356,0.005185439274223767,2.303302099047546,CURVATURE_TEMPERED_LAMBDA_0.60,3556829520,2048,True,3,0.04647320811636746,"[{""acquisition"": 0.418874336414772, ""action_index"": 347, ""rank"": 1}, {""acquisition"": 0.4147535922170862, ""action_index"": 227, ""rank"": 2}, {""acquisition"": 0.408056885048622, ""action_index"": 228, ""rank"": 3}, {""acquisition"": 0.4075497052174445, ""action_index"": 348, ""rank"": 4}, {""acquisition"": 0.25928733413761945, ""action_index"": 371, ""rank"": 5}]","{""factor_energy_evaluations"": 1179648, ""factor_gradient_elements"": 0, ""factor_hessian_elements"": 0, ""sparse_comparison_solves"": 0}",False
calibration_n24_r-2_early_q4,24,early,2026082401,0.55,227,,0.4,1423.401355050424,0.6950201928957148,CURVATURE_TEMPERED,0.6237482854282752,0.003161703700208122,2.2487057643207424,CURVATURE_TEMPERED_LAMBDA_0.40,2563644732,2048,True,4,0.04687179205939174,"[{""acquisition"": 0.4223467920491926, ""action_index"": 227, ""rank"": 1}, {""acquisition"": 0.41310255893734016, ""action_index"": 347, ""rank"": 2}, {""acquisition"": 0.41149731002701945, ""action_index"": 348, ""rank"": 3}, {""acquisition"": 0.39248526855062665, ""action_index"": 228, ""rank"": 4}, {""acquisition"": 0.26053998666330563, ""action_index"": 371, ""rank"": 5}]","{""factor_energy_evaluations"": 1179648, ""factor_gradient_elements"": 0, ""factor_hessian_elements"": 0, ""sparse_comparison_solves"": 0}",True
calibration_n24_r-2_early_q4,24,early,2026082401,0.55,228,,0.2,589.9692129275211,0.28807090474976615,CURVATURE_TEMPERED,1.0594958927798277,0.012266464012035315,2.192696860761968,CURVATURE_TEMPERED_LAMBDA_0.20,3140262631,2048,True,5,0.04835250019095838,"[{""acquisition"": 0.43885672422543387, ""action_index"": 228, ""rank"": 1}, {""acquisition"": 0.43323603264790905, ""action_index"": 227, ""rank"": 2}, {""acquisition"": 0.42203476768046494, ""action_index"": 347, ""rank"": 3}, {""acquisition"": 0.3936671667350728, ""action_index"": 348, ""rank"": 4}, {""acquisition"": 0.26311543636998624, ""action_index"": 323, ""rank"": 5}]","{""factor_energy_evaluations"": 1179648, ""factor_gradient_elements"": 0, ""factor_hessian_elements"": 0, ""sparse_comparison_solves"": 0}",False
calibration_n24_r-2_middle_q8,24,middle,2026082401,0.9922047314210836,252,1.1,,958.5545340567238,0.4680442060823847,BASELINE_INFLATED_LAPLACE,0.7699294655980685,0.009278097841646758,2.2965687745731125,BASELINE_LAPLACE_INFLATION_1.10,1405339936,2048,True,0,0.04691787506453693,"[{""acquisition"": 0.06454617364208043, ""action_index"": 252, ""rank"": 1}, {""acquisition"": 0.06260562371201174, ""action_index"": 251, ""rank"": 2}, {""acquisition"": 0.05936568726947372, ""action_index"": 324, ""rank"": 3}, {""acquisition"": 0.05429588230157273, ""action_index"": 323, ""rank"": 4}, {""acquisition"": 0.053367200470263707, ""action_index"": 203, ""rank"": 5}]","{""factor_energy_evaluations"": 1179648, ""factor_gradient_elements"": 0, ""factor_hessian_elements"": 0, ""sparse_comparison_solves"": 0}",False
calibration_n24_r-2_middle_q8,24,middle,2026082401,0.9922047314210836,203,,1.0,57.13806372263454,0.027899445177067647,CURVATURE_TEMPERED,1.8112477913810812,0.09833836056384529,2.4086616512035626,CURVATURE_TEMPERED_LAMBDA_1.00,2977648141,2048,True,1,0.04716408299282193,"[{""acquisition"": 0.0687970928585923, ""action_index"": 203, ""rank"": 1}, {""acquisition"": 0.06640814463463936, ""action_index"": 324, ""rank"": 2}, {""acquisition"": 0.06442158172186689, ""action_index"": 204, ""rank"": 3}, {""acquisition"": 0.0560746454007109, ""action_index"": 251, ""rank"": 4}, {""acquisition"": 0.05534283354667865, ""action_index"": 325, ""rank"": 5}]","{""factor_energy_evaluations"": 1179648, ""factor_gradient_elements"": 0, ""factor_hessian_elements"": 0, ""sparse_comparison_solves"": 0}",False
calibration_n24_r-2_middle_q8,24,middle,2026082401,0.9922047314210836,251,,0.8,366.9216550048738,0.17916096435784853,CURVATURE_TEMPERED,1.2872684095962232,0.01655721647198706,2.3565901168230208,CURVATURE_TEMPERED_LAMBDA_0.80,447952039,2048,True,2,0.04674520809203386,"[{""acquisition"": 0.06618671464824019, ""action_index"": 251, ""rank"": 1}, {""acquisition"": 0.06307801069673141, ""action_index"": 204, ""rank"": 2}, {""acquisition"": 0.05082821450588883, ""action_index"": 203, ""rank"": 3}, {""acquisition"": 0.04809148614701129, ""action_index"": 372, ""rank"": 4}, {""acquisition"": 0.04759828648641643, ""action_index"": 324, ""rank"": 5}]","{""factor_energy_evaluations"": 1179648, ""factor_gradient_elements"": 0, ""factor_hessian_elements"": 0, ""sparse_comparison_solves"": 0}",False
calibration_n24_r-2_middle_q8,24,middle,2026082401,0.9922047314210836,323,,0.6,959.9659620145403,0.46873337988991226,CURVATURE_TEMPERED,0.8203713013499943,0.006067610821570237,2.303302099047546,CURVATURE_TEMPERED_LAMBDA_0.60,2178055889,2048,True,3,0.04649954196065664,"[{""acquisition"": 0.06447476486695551, ""action_index"": 323, ""rank"": 1}, {""acquisition"": 0.06065717398744804, ""action_index"": 324, ""rank"": 2}, {""acquisition"": 0.05996793179250842, ""action_index"": 372, ""rank"": 3}, {""acquisition"": 0.058500358651461304, ""action_index"": 204, ""rank"": 4}, {""acquisition"": 0.055552181287287, ""action_index"": 251, ""rank"": 5}]","{""factor_energy_evaluations"": 1179648, ""factor_gradient_elements"": 0, ""factor_hessian_elements"": 0, ""sparse_comparison_solves"": 0}",False
calibration_n24_r-2_middle_q8,24,middle,2026082401,0.9922047314210836,371,,0.4,1324.529357565404,0.6467428503737325,CURVATURE_TEMPERED,0.6227273720336612,0.005674221644389904,2.2487057643207424,CURVATURE_TEMPERED_LAMBDA_0.40,3915229573,2048,True,4,0.04709079209715128,"[{""acquisition"": 0.06098395442692594, ""action_index"": 371, ""rank"": 1}, {""acquisition"": 0.059069082095207406, ""action_index"": 203, ""rank"": 2}, {""acquisition"": 0.057714708449413406, ""action_index"": 323, ""rank"": 3}, {""acquisition"": 0.057385945651376453, ""action_index"": 372, ""rank"": 4}, {""acquisition"": 0.05570907877756691, ""action_index"": 251, ""rank"": 5}]","{""factor_energy_evaluations"": 1179648, ""factor_gradient_elements"": 0, ""factor_hessian_elements"": 0, ""sparse_comparison_solves"": 0}",True
calibration_n24_r-2_middle_q8,24,middle,2026082401,0.9922047314210836,252,,0.2,758.111985668682,0.37017186800228613,CURVATURE_TEMPERED,1.0434162049871887,0.007080234215635262,2.192696860761968,CURVATURE_TEMPERED_LAMBDA_0.20,55915713,2048,True,5,0.049548666924238205,"[{""acquisition"": 0.056802879109068456, ""action_index"": 252, ""rank"": 1}, {""acquisition"": 0.05565720575105191, ""action_index"": 372, ""rank"": 2}, {""acquisition"": 0.05490646056388618, ""action_index"": 203, ""rank"": 3}, {""acquisition"": 0.051834601339633635, ""action_index"": 204, ""rank"": 4}, {""acquisition"": 0.0492035298242015, ""action_index"": 251, ""rank"": 5}]","{""factor_energy_evaluations"": 1179648, ""factor_gradient_elements"": 0, ""factor_hessian_elements"": 0, ""sparse_comparison_solves"": 0}",False
calibration_n24_r-2_late_q12,24,late,2026082401,0.9922047314210836,324,1.1,,1138.2921192814745,0.5558066988679075,BASELINE_INFLATED_LAPLACE,0.7578038526466394,0.004999682243298462,2.2965687745731125,BASELINE_LAPLACE_INFLATION_1.10,4269736569,2048,True,0,0.046609167009592056,"[{""acquisition"": 0.055435680077337665, ""action_index"": 324, ""rank"": 1}, {""acquisition"": 0.052272035342630835, ""action_index"": 372, ""rank"": 2}, {""acquisition"": 0.05134759294075994, ""action_index"": 371, ""rank"": 3}, {""acquisition"": 0.04820356089905009, ""action_index"": 251, ""rank"": 4}, {""acquisition"": 0.031328295962280386, ""action_index"": 226, ""rank"": 5}]","{""factor_energy_evaluations"": 1179648, ""factor_gradient_elements"": 0, ""factor_hessian_elements"": 0, ""sparse_comparison_solves"": 0}",False
calibration_n24_r-2_late_q12,24,late,2026082401,0.9922047314210836,324,,1.0,164.01933598730363,0.0800875664000506,CURVATURE_TEMPERED,1.7999263568554726,0.04140275643792492,2.4086616512035626,CURVATURE_TEMPERED_LAMBDA_1.00,3739452822,2048,True,1,0.046013084007427096,"[{""acquisition"": 0.057340174577927866, ""action_index"": 324, ""rank"": 1}, {""acquisition"": 0.052935425236244706, ""action_index"": 371, ""rank"": 2}, {""acquisition"": 0.03579819231417976, ""action_index"": 372, ""rank"": 3}, {""acquisition"": 0.035427748453790556, ""action_index"": 251, ""rank"": 4}, {""acquisition"": 0.027467130192775302, ""action_index"": 226, ""rank"": 5}]","{""factor_energy_evaluations"": 1179648, ""factor_gradient_elements"": 0, ""factor_hessian_elements"": 0, ""sparse_comparison_solves"": 0}",False
calibration_n24_r-2_late_q12,24,late,2026082401,0.9922047314210836,371,,0.8,330.48254799734866,0.1613684316393304,CURVATURE_TEMPERED,1.2423949955051676,0.01737890103101762,2.3565901168230208,CURVATURE_TEMPERED_LAMBDA_0.80,1425283321,2048,True,2,0.04698479198850691,"[{""acquisition"": 0.0616572517749276, ""action_index"": 371, ""rank"": 1}, {""acquisition"": 0.05207720843400976, ""action_index"": 251, ""rank"": 2}, {""acquisition"": 0.050553713564901445, ""action_index"": 372, ""rank"": 3}, {""acquisition"": 0.04919768643594992, ""action_index"": 324, ""rank"": 4}, {""acquisition"": 0.034686924133673545, ""action_index"": 226, ""rank"": 5}]","{""factor_energy_evaluations"": 1179648, ""factor_gradient_elements"": 0, ""factor_hessian_elements"": 0, ""sparse_comparison_solves"": 0}",False
calibration_n24_r-2_late_q12,24,late,2026082401,0.9922047314210836,324,,0.6,996.2327950580178,0.48644179446192276,CURVATURE_TEMPERED,0.806789357616218,0.008663740513383594,2.303302099047546,CURVATURE_TEMPERED_LAMBDA_0.60,810043451,2048,True,3,0.04752233298495412,"[{""acquisition"": 0.05981183052195329, ""action_index"": 324, ""rank"": 1}, {""acquisition"": 0.05978781937742486, ""action_index"": 251, ""rank"": 2}, {""acquisition"": 0.05269128907032492, ""action_index"": 372, ""rank"": 3}, {""acquisition"": 0.05111514198125368, ""action_index"": 371, ""rank"": 4}, {""acquisition"": 0.027275319781980223, ""action_index"": 349, ""rank"": 5}]","{""factor_energy_evaluations"": 1179648, ""factor_gradient_elements"": 0, ""factor_hessian_elements"": 0, ""sparse_comparison_solves"": 0}",False
calibration_n24_r-2_late_q12,24,late,2026082401,0.9922047314210836,324,,0.4,1393.4842365997551,0.6804122249022242,CURVATURE_TEMPERED,0.6247803729800778,0.003685594306095198,2.2487057643207424,CURVATURE_TEMPERED_LAMBDA_0.40,162299371,2048,True,4,0.04735562507994473,"[{""acquisition"": 0.05461829999425829, ""action_index"": 324, ""rank"": 1}, {""acquisition"": 0.05428844501400638, ""action_index"": 251, ""rank"": 2}, {""acquisition"": 0.05256616031249779, ""action_index"": 372, ""rank"": 3}, {""acquisition"": 0.04826112132716591, ""action_index"": 371, ""rank"": 4}, {""acquisition"": 0.027097027375066085, ""action_index"": 349, ""rank"": 5}]","{""factor_energy_evaluations"": 1179648, ""factor_gradient_elements"": 0, ""factor_hessian_elements"": 0, ""sparse_comparison_solves"": 0}",True
calibration_n24_r-2_late_q12,24,late,2026082401,0.9922047314210836,372,,0.2,746.3323823677287,0.3644201085779925,CURVATURE_TEMPERED,1.0361091967448555,0.010122139586270012,2.192696860761968,CURVATURE_TEMPERED_LAMBDA_0.20,1191742087,2048,True,5,0.04760862491093576,"[{""acquisition"": 0.06260266803387776, ""action_index"": 372, ""rank"": 1}, {""acquisition"": 0.05221901440474767, ""action_index"": 324, ""rank"": 2}, {""acquisition"": 0.05080006054774096, ""action_index"": 371, ""rank"": 3}, {""acquisition"": 0.044627875773818784, ""action_index"": 251, ""rank"": 4}, {""acquisition"": 0.03215592858137663, ""action_index"": 226, ""rank"": 5}]","{""factor_energy_evaluations"": 1179648, ""factor_gradient_elements"": 0, ""factor_hessian_elements"": 0, ""sparse_comparison_solves"": 0}",False
calibration_n40_r-2_early_q4,40,early,2026082401,0.55,900,1.1,,466.23419522285246,0.22765341563615843,BASELINE_INFLATED_LAPLACE,1.2350735510628583,0.015999176244601645,2.277984206653053,BASELINE_LAPLACE_INFLATION_1.10,336494927,2048,True,0,0.14740966586396098,"[{""acquisition"": 0.4484960772250023, ""action_index"": 900, ""rank"": 1}, {""acquisition"": 0.4178042013375395, ""action_index"": 699, ""rank"": 2}, {""acquisition"": 0.41147586086612453, ""action_index"": 899, ""rank"": 3}, {""acquisition"": 0.4062619493007841, ""action_index"": 700, ""rank"": 4}, {""acquisition"": 0.2666043084054923, ""action_index"": 939, ""rank"": 5}]","{""factor_energy_evaluations"": 3276800, ""factor_gradient_elements"": 0, ""factor_hessian_elements"": 0, ""sparse_comparison_solves"": 0}",True
calibration_n40_r-2_early_q4,40,early,2026082401,0.55,699,,1.0,8.849357011460691,0.004320975103252291,CURVATURE_TEMPERED,2.9364246688915245,0.3097413250881688,2.3891699919295846,CURVATURE_TEMPERED_LAMBDA_1.00,3875372283,2048,True,1,0.1474956669844687,"[{""acquisition"": 0.5563142984202154, ""action_index"": 699, ""rank"": 1}, {""acquisition"": 0.4245642142853518, ""action_index"": 900, ""rank"": 2}, {""acquisition"": 0.400014230586853, ""action_index"": 859, ""rank"": 3}, {""acquisition"": 0.37573495931784506, ""action_index"": 899, ""rank"": 4}, {""acquisition"": 0.36945284859195476, ""action_index"": 700, ""rank"": 5}]","{""factor_energy_evaluations"": 3276800, ""factor_gradient_elements"": 0, ""factor_hessian_elements"": 0, ""sparse_comparison_solves"": 0}",False
calibration_n40_r-2_early_q4,40,early,2026082401,0.55,900,,0.8,58.66404120693871,0.028644551370575543,CURVATURE_TEMPERED,2.122256217751956,0.10244596573749297,2.3436508748383256,CURVATURE_TEMPERED_LAMBDA_0.80,2961268640,2048,True,2,0.1469698331784457,"[{""acquisition"": 0.46113460425770747, ""action_index"": 900, ""rank"": 1}, {""acquisition"": 0.4225780471014573, ""action_index"": 700, ""rank"": 2}, {""acquisition"": 0.3978234329141219, ""action_index"": 899, ""rank"": 3}, {""acquisition"": 0.3789928175636186, ""action_index"": 699, ""rank"": 4}, {""acquisition"": 0.2968928034673427, ""action_index"": 860, ""rank"": 5}]","{""factor_energy_evaluations"": 3276800, ""factor_gradient_elements"": 0, ""factor_hessian_elements"": 0, ""sparse_comparison_solves"": 0}",False
calibration_n40_r-2_early_q4,40,early,2026082401,0.55,699,,0.6,139.2925431280788,0.06801393707425722,CURVATURE_TEMPERED,1.307285964709157,0.06237260566053118,2.2972178156904737,CURVATURE_TEMPERED_LAMBDA_0.60,2225517696,2048,True,3,0.14816087507642806,"[{""acquisition"": 0.43548438886635565, ""action_index"": 699, ""rank"": 1}, {""acquisition"": 0.4252070294253844, ""action_index"": 899, ""rank"": 2}, {""acquisition"": 0.41817468738864727, ""action_index"": 900, ""rank"": 3}, {""acquisition"": 0.3673338575927598, ""action_index"": 700, ""rank"": 4}, {""acquisition"": 0.3157924455039599, ""action_index"": 659, ""rank"": 5}]","{""factor_energy_evaluations"": 3276800, ""factor_gradient_elements"": 0, ""factor_hessian_elements"": 0, ""sparse_comparison_solves"": 0}",False
calibration_n40_r-2_early_q4,40,early,2026082401,0.55,900,,0.4,299.4003042701262,0.14619155481939755,CURVATURE_TEMPERED,1.071201628206587,0.04490256522543944,2.247706184832431,CURVATURE_TEMPERED_LAMBDA_0.40,2846445396,2048,True,4,0.1468352919910103,"[{""acquisition"": 0.4335147892165064, ""action_index"": 900, ""rank"": 1}, {""acquisition"": 0.42185154224803934, ""action_index"": 899, ""rank"": 2}, {""acquisition"": 0.4184611332595391, ""action_index"": 699, ""rank"": 3}, {""acquisition"": 0.408922214751252, ""action_index"": 700, ""rank"": 4}, {""acquisition"": 0.2715055823842177, ""action_index"": 659, ""rank"": 5}]","{""factor_energy_evaluations"": 3276800, ""factor_gradient_elements"": 0, ""factor_hessian_elements"": 0, ""sparse_comparison_solves"": 0}",False
calibration_n40_r-2_early_q4,40,early,2026082401,0.55,699,,0.2,168.64747488740383,0.08234739984736515,CURVATURE_TEMPERED,1.7264232950470604,0.04679258070004005,2.1921826894144503,CURVATURE_TEMPERED_LAMBDA_0.20,2497427115,2048,True,5,0.17143095890060067,"[{""acquisition"": 0.4449238908364619, ""action_index"": 699, ""rank"": 1}, {""acquisition"": 0.4048234586937641, ""action_index"": 900, ""rank"": 2}, {""acquisition"": 0.4022806322910319, ""action_index"": 700, ""rank"": 3}, {""acquisition"": 0.3994559318262335, ""action_index"": 899, ""rank"": 4}, {""acquisition"": 0.27576601260635014, ""action_index"": 740, ""rank"": 5}]","{""factor_energy_evaluations"": 3276800, ""factor_gradient_elements"": 0, ""factor_hessian_elements"": 0, ""sparse_comparison_solves"": 0}",False
calibration_n40_r-2_middle_q8,40,middle,2026082401,0.974452681747891,740,1.1,,232.95272247522695,0.11374644652110691,BASELINE_INFLATED_LAPLACE,1.213155333871314,0.04875777125334633,2.277984206653053,BASELINE_LAPLACE_INFLATION_1.10,1459518911,2048,True,0,0.1535187498666346,"[{""acquisition"": 0.07505106761178777, ""action_index"": 740, ""rank"": 1}, {""acquisition"": 0.067791250672362, ""action_index"": 939, ""rank"": 2}, {""acquisition"": 0.0662597716109886, ""action_index"": 860, ""rank"": 3}, {""acquisition"": 0.059397534623571197, ""action_index"": 859, ""rank"": 4}, {""acquisition"": 0.05393900333031416, ""action_index"": 659, ""rank"": 5}]","{""factor_energy_evaluations"": 3276800, ""factor_gradient_elements"": 0, ""factor_hessian_elements"": 0, ""sparse_comparison_solves"": 0}",False
calibration_n40_r-2_middle_q8,40,middle,2026082401,0.974452681747891,820,,1.0,2.168678672118555,0.0010589251328703881,CURVATURE_TEMPERED,3.025398370930932,0.6733990792659589,2.3891699919295846,CURVATURE_TEMPERED_LAMBDA_1.00,231098004,2048,True,1,0.1590208748821169,"[{""acquisition"": 0.08338449066741155, ""action_index"": 820, ""rank"": 1}, {""acquisition"": 0.051339866320401044, ""action_index"": 940, ""rank"": 2}, {""acquisition"": 0.04864190250193978, ""action_index"": 699, ""rank"": 3}, {""acquisition"": 0.039749255154865555, ""action_index"": 660, ""rank"": 4}, {""acquisition"": 0.030212122533227876, ""action_index"": 860, ""rank"": 5}]","{""factor_energy_evaluations"": 3276800, ""factor_gradient_elements"": 0, ""factor_hessian_elements"": 0, ""sparse_comparison_solves"": 0}",False
calibration_n40_r-2_middle_q8,40,middle,2026082401,0.974452681747891,860,,0.8,38.317964532482215,0.01870994361937608,CURVATURE_TEMPERED,2.148836455622154,0.11050648889062145,2.3436508748383256,CURVATURE_TEMPERED_LAMBDA_0.80,2778223925,2048,True,2,0.1486766249872744,"[{""acquisition"": 0.0846710238408014, ""action_index"": 860, ""rank"": 1}, {""acquisition"": 0.07059850213963245, ""action_index"": 659, ""rank"": 2}, {""acquisition"": 0.05134858186280786, ""action_index"": 740, ""rank"": 3}, {""acquisition"": 0.04564393650730608, ""action_index"": 939, ""rank"": 4}, {""acquisition"": 0.04443598277560394, ""action_index"": 940, ""rank"": 5}]","{""factor_energy_evaluations"": 3276800, ""factor_gradient_elements"": 0, ""factor_hessian_elements"": 0, ""sparse_comparison_solves"": 0}",False
calibration_n40_r-2_middle_q8,40,middle,2026082401,0.974452681747891,740,,0.6,163.08716349718262,0.0796324040513587,CURVATURE_TEMPERED,1.3412392205221406,0.043205513658829235,2.2972178156904737,CURVATURE_TEMPERED_LAMBDA_0.60,2584552280,2048,True,3,0.14992741611786187,"[{""acquisition"": 0.06766197190570494, ""action_index"": 740, ""rank"": 1}, {""acquisition"": 0.06730150334024437, ""action_index"": 860, ""rank"": 2}, {""acquisition"": 0.06648668638413283, ""action_index"": 660, ""rank"": 3}, {""acquisition"": 0.0633491868704563, ""action_index"": 940, ""rank"": 4}, {""acquisition"": 0.06297165066701035, ""action_index"": 659, ""rank"": 5}]","{""factor_energy_evaluations"": 3276800, ""factor_gradient_elements"": 0, ""factor_hessian_elements"": 0, ""sparse_comparison_solves"": 0}",False
calibration_n40_r-2_middle_q8,40,middle,2026082401,0.974452681747891,659,,0.4,797.9026828282264,0.3896009193497199,CURVATURE_TEMPERED,1.0719213882301468,0.007708617697299447,2.247706184832431,CURVATURE_TEMPERED_LAMBDA_0.40,413129598,2048,True,4,0.14785362500697374,"[{""acquisition"": 0.06613274940976435, ""action_index"": 659, ""rank"": 1}, {""acquisition"": 0.0629707730817509, ""action_index"": 860, ""rank"": 2}, {""acquisition"": 0.06261743495772956, ""action_index"": 660, ""rank"": 3}, {""acquisition"": 0.06261402788600898, ""action_index"": 739, ""rank"": 4}, {""acquisition"": 0.06057115625079863, ""action_index"": 939, ""rank"": 5}]","{""factor_energy_evaluations"": 3276800, ""factor_gradient_elements"": 0, ""factor_hessian_elements"": 0, ""sparse_comparison_solves"": 0}",True
calibration_n40_r-2_middle_q8,40,middle,2026082401,0.974452681747891,939,,0.2,184.1842726197369,0.08993372686510591,CURVATURE_TEMPERED,1.7576883491006852,0.0374484077917239,2.1921826894144503,CURVATURE_TEMPERED_LAMBDA_0.20,152768228,2048,True,5,0.14844966679811478,"[{""acquisition"": 0.06816829280773197, ""action_index"": 939, ""rank"": 1}, {""acquisition"": 0.062053789569326945, ""action_index"": 940, ""rank"": 2}, {""acquisition"": 0.0572361966075981, ""action_index"": 860, ""rank"": 3}, {""acquisition"": 0.05105967451415731, ""action_index"": 740, ""rank"": 4}, {""acquisition"": 0.04952572437248742, ""action_index"": 739, ""rank"": 5}]","{""factor_energy_evaluations"": 3276800, ""factor_gradient_elements"": 0, ""factor_hessian_elements"": 0, ""sparse_comparison_solves"": 0}",False
calibration_n40_r-2_late_q12,40,late,2026082401,0.974452681747891,939,1.1,,407.264002728961,0.19885937633250048,BASELINE_INFLATED_LAPLACE,1.2013009470120346,0.022113991787058196,2.277984206653053,BASELINE_LAPLACE_INFLATION_1.10,2721333762,2048,True,0,0.1573160409461707,"[{""acquisition"": 0.06962816814824609, ""action_index"": 939, ""rank"": 1}, {""acquisition"": 0.06814063188239138, ""action_index"": 660, ""rank"": 2}, {""acquisition"": 0.05615478453924933, ""action_index"": 740, ""rank"": 3}, {""acquisition"": 0.05269360069440787, ""action_index"": 739, ""rank"": 4}, {""acquisition"": 0.02961163297073416, ""action_index"": 698, ""rank"": 5}]","{""factor_energy_evaluations"": 3276800, ""factor_gradient_elements"": 0, ""factor_hessian_elements"": 0, ""sparse_comparison_solves"": 0}",False
calibration_n40_r-2_late_q12,40,late,2026082401,0.974452681747891,901,,1.0,3.3188176060471206,0.0016205164092026956,CURVATURE_TEMPERED,2.9136867980154926,0.5320632877206998,2.3891699919295846,CURVATURE_TEMPERED_LAMBDA_1.00,3271317003,2048,True,1,0.1552253330592066,"[{""acquisition"": 0.08913671361453296, ""action_index"": 901, ""rank"": 1}, {""acquisition"": 0.06365958004097072, ""action_index"": 896, ""rank"": 2}, {""acquisition"": 0.0477605105852134, ""action_index"": 819, ""rank"": 3}, {""acquisition"": 0.02773727643714909, ""action_index"": 899, ""rank"": 4}, {""acquisition"": 0.027273778705878358, ""action_index"": 619, ""rank"": 5}]","{""factor_energy_evaluations"": 3276800, ""factor_gradient_elements"": 0, ""factor_hessian_elements"": 0, ""sparse_comparison_solves"": 0}",False
calibration_n40_r-2_late_q12,40,late,2026082401,0.974452681747891,620,,0.8,34.23735919912162,0.016717460546446104,CURVATURE_TEMPERED,2.0894136887652537,0.10837871742464855,2.3436508748383256,CURVATURE_TEMPERED_LAMBDA_0.80,2660699802,2048,True,2,0.15071200020611286,"[{""acquisition"": 0.05350198238848214, ""action_index"": 620, ""rank"": 1}, {""acquisition"": 0.050623383272719195, ""action_index"": 739, ""rank"": 2}, {""acquisition"": 0.05033116285020235, ""action_index"": 780, ""rank"": 3}, {""acquisition"": 0.047095950382670886, ""action_index"": 740, ""rank"": 4}, {""acquisition"": 0.0432264482959242, ""action_index"": 941, ""rank"": 5}]","{""factor_energy_evaluations"": 3276800, ""factor_gradient_elements"": 0, ""factor_hessian_elements"": 0, ""sparse_comparison_solves"": 0}",False
calibration_n40_r-2_late_q12,40,late,2026082401,0.974452681747891,740,,0.6,202.33160195592504,0.09879472751754152,CURVATURE_TEMPERED,1.3667958607614237,0.04317363215925249,2.2972178156904737,CURVATURE_TEMPERED_LAMBDA_0.60,394205542,2048,True,3,0.15102225006558,"[{""acquisition"": 0.06298727728736378, ""action_index"": 740, ""rank"": 1}, {""acquisition"": 0.06026154799494903, ""action_index"": 660, ""rank"": 2}, {""acquisition"": 0.058516573234771455, ""action_index"": 939, ""rank"": 3}, {""acquisition"": 0.04589120726270475, ""action_index"": 698, ""rank"": 4}, {""acquisition"": 0.04489894596461377, ""action_index"": 739, ""rank"": 5}]","{""factor_energy_evaluations"": 3276800, ""factor_gradient_elements"": 0, ""factor_hessian_elements"": 0, ""sparse_comparison_solves"": 0}",False
calibration_n40_r-2_late_q12,40,late,2026082401,0.974452681747891,660,,0.4,709.3823912322482,0.3463781207188712,CURVATURE_TEMPERED,1.0426867904239319,0.009466795893270636,2.247706184832431,CURVATURE_TEMPERED_LAMBDA_0.40,972906001,2048,True,4,0.15320900012739003,"[{""acquisition"": 0.0660857556615469, ""action_index"": 660, ""rank"": 1}, {""acquisition"": 0.06148046193166169, ""action_index"": 740, ""rank"": 2}, {""acquisition"": 0.05824890768979237, ""action_index"": 939, ""rank"": 3}, {""acquisition"": 0.052584142904649, ""action_index"": 739, ""rank"": 4}, {""acquisition"": 0.030299696494539105, ""action_index"": 898, ""rank"": 5}]","{""factor_energy_evaluations"": 3276800, ""factor_gradient_elements"": 0, ""factor_hessian_elements"": 0, ""sparse_comparison_solves"": 0}",True
calibration_n40_r-2_late_q12,40,late,2026082401,0.974452681747891,740,,0.2,283.9308264811333,0.13863809886774087,CURVATURE_TEMPERED,1.7222045074902559,0.020971948136937195,2.1921826894144503,CURVATURE_TEMPERED_LAMBDA_0.20,1928133294,2048,True,5,0.15293683297932148,"[{""acquisition"": 0.06611570228505123, ""action_index"": 740, ""rank"": 1}, {""acquisition"": 0.061761603364791744, ""action_index"": 660, ""rank"": 2}, {""acquisition"": 0.06162532126035598, ""action_index"": 739, ""rank"": 3}, {""acquisition"": 0.05625929225174045, ""action_index"": 939, ""rank"": 4}, {""acquisition"": 0.03021842675582334, ""action_index"": 898, ""rank"": 5}]","{""factor_energy_evaluations"": 3276800, ""factor_gradient_elements"": 0, ""factor_hessian_elements"": 0, ""sparse_comparison_solves"": 0}",False
