state_seed,sample_count,repetition,qmc_seed,selected_candidate,exact_best_selected,one_percent_optimal_selected,normalized_regret,pairwise_disagreement_top32,kendall_tau_top32,top32_overlap
4101,64,0,620100,12707,True,True,-0.0,0.06451612903225806,0.870967741935484,0.9375
4101,128,0,620100,12707,True,True,-0.0,0.04435483870967742,0.9112903225806452,0.96875
4101,256,0,620100,12707,True,True,-0.0,0.038306451612903226,0.9233870967741936,0.96875
4101,512,0,620100,12707,True,True,-0.0,0.010080645161290322,0.9798387096774195,1.0
4101,1024,0,620100,12707,True,True,-0.0,0.004032258064516129,0.9919354838709679,1.0
4101,64,1,620101,12707,True,True,-0.0,0.06048387096774194,0.8790322580645162,0.9375
4101,128,1,620101,12707,True,True,-0.0,0.04435483870967742,0.9112903225806452,0.96875
4101,256,1,620101,12707,True,True,-0.0,0.020161290322580645,0.9596774193548389,1.0
4101,512,1,620101,12707,True,True,-0.0,0.016129032258064516,0.9677419354838711,1.0
4101,1024,1,620101,12707,True,True,-0.0,0.010080645161290322,0.9798387096774195,1.0
4101,64,2,620102,12707,True,True,-0.0,0.04233870967741935,0.9153225806451614,0.90625
4101,128,2,620102,12707,True,True,-0.0,0.02620967741935484,0.9475806451612905,0.96875
4101,256,2,620102,12707,True,True,-0.0,0.016129032258064516,0.9677419354838711,0.96875
4101,512,2,620102,12707,True,True,-0.0,0.006048387096774193,0.9879032258064518,1.0
4101,1024,2,620102,12707,True,True,-0.0,0.008064516129032258,0.9838709677419356,1.0
4101,64,3,620103,12707,True,True,-0.0,0.06854838709677419,0.8629032258064517,0.90625
4101,128,3,620103,12707,True,True,-0.0,0.04032258064516129,0.9193548387096776,0.96875
4101,256,3,620103,12707,True,True,-0.0,0.02217741935483871,0.9556451612903226,1.0
4101,512,3,620103,12707,True,True,-0.0,0.012096774193548387,0.9758064516129032,1.0
4101,1024,3,620103,12707,True,True,-0.0,0.008064516129032258,0.9838709677419356,1.0
4101,64,4,620104,12707,True,True,-0.0,0.04435483870967742,0.9112903225806452,0.96875
4101,128,4,620104,12707,True,True,-0.0,0.03024193548387097,0.9395161290322582,0.96875
4101,256,4,620104,12707,True,True,-0.0,0.024193548387096774,0.9516129032258066,1.0
4101,512,4,620104,12707,True,True,-0.0,0.010080645161290322,0.9798387096774195,1.0
4101,1024,4,620104,12707,True,True,-0.0,0.004032258064516129,0.9919354838709679,1.0
4101,64,5,620105,12707,True,True,-0.0,0.05846774193548387,0.8830645161290324,0.96875
4101,128,5,620105,12707,True,True,-0.0,0.034274193548387094,0.931451612903226,1.0
4101,256,5,620105,12707,True,True,-0.0,0.038306451612903226,0.9233870967741936,1.0
4101,512,5,620105,12707,True,True,-0.0,0.012096774193548387,0.9758064516129032,1.0
4101,1024,5,620105,12707,True,True,-0.0,0.006048387096774193,0.9879032258064518,1.0
4101,64,6,620106,12707,True,True,-0.0,0.034274193548387094,0.931451612903226,0.96875
4101,128,6,620106,12707,True,True,-0.0,0.038306451612903226,0.9233870967741936,0.96875
4101,256,6,620106,12707,True,True,-0.0,0.010080645161290322,0.9798387096774195,1.0
4101,512,6,620106,12707,True,True,-0.0,0.012096774193548387,0.9758064516129032,1.0
4101,1024,6,620106,12707,True,True,-0.0,0.004032258064516129,0.9919354838709679,1.0
4101,64,7,620107,12707,True,True,-0.0,0.07258064516129033,0.8548387096774194,1.0
4101,128,7,620107,12707,True,True,-0.0,0.056451612903225805,0.8870967741935486,1.0
4101,256,7,620107,12707,True,True,-0.0,0.02620967741935484,0.9475806451612905,1.0
4101,512,7,620107,12707,True,True,-0.0,0.010080645161290322,0.9798387096774195,1.0
4101,1024,7,620107,12707,True,True,-0.0,0.0020161290322580645,0.9959677419354841,1.0
4101,64,8,620108,12707,True,True,-0.0,0.05040322580645161,0.899193548387097,0.9375
4101,128,8,620108,12707,True,True,-0.0,0.03225806451612903,0.935483870967742,0.96875
4101,256,8,620108,12707,True,True,-0.0,0.02217741935483871,0.9556451612903226,0.96875
4101,512,8,620108,12707,True,True,-0.0,0.010080645161290322,0.9798387096774195,1.0
4101,1024,8,620108,12707,True,True,-0.0,0.006048387096774193,0.9879032258064518,1.0
4101,64,9,620109,12707,True,True,-0.0,0.05846774193548387,0.8830645161290324,0.96875
4101,128,9,620109,12707,True,True,-0.0,0.038306451612903226,0.9233870967741936,0.96875
4101,256,9,620109,12707,True,True,-0.0,0.024193548387096774,0.9516129032258066,0.96875
4101,512,9,620109,12707,True,True,-0.0,0.016129032258064516,0.9677419354838711,0.96875
4101,1024,9,620109,12707,True,True,-0.0,0.008064516129032258,0.9838709677419356,1.0
4101,64,10,620110,12707,True,True,-0.0,0.07056451612903226,0.8588709677419356,0.96875
4101,128,10,620110,12707,True,True,-0.0,0.034274193548387094,0.931451612903226,1.0
4101,256,10,620110,12707,True,True,-0.0,0.018145161290322582,0.963709677419355,1.0
4101,512,10,620110,12707,True,True,-0.0,0.006048387096774193,0.9879032258064518,1.0
4101,1024,10,620110,12707,True,True,-0.0,0.0020161290322580645,0.9959677419354841,1.0
4101,64,11,620111,12707,True,True,-0.0,0.06653225806451613,0.866935483870968,0.9375
4101,128,11,620111,12707,True,True,-0.0,0.02217741935483871,0.9556451612903226,0.96875
4101,256,11,620111,12707,True,True,-0.0,0.012096774193548387,0.9758064516129032,0.96875
4101,512,11,620111,12707,True,True,-0.0,0.010080645161290322,0.9798387096774195,1.0
4101,1024,11,620111,12707,True,True,-0.0,0.008064516129032258,0.9838709677419356,1.0
4101,64,12,620112,12707,True,True,-0.0,0.046370967741935484,0.9072580645161292,0.9375
4101,128,12,620112,12707,True,True,-0.0,0.014112903225806451,0.9717741935483872,0.96875
4101,256,12,620112,12707,True,True,-0.0,0.014112903225806451,0.9717741935483872,0.96875
4101,512,12,620112,12707,True,True,-0.0,0.018145161290322582,0.963709677419355,1.0
4101,1024,12,620112,12707,True,True,-0.0,0.012096774193548387,0.9758064516129032,1.0
4101,64,13,620113,12707,True,True,-0.0,0.05241935483870968,0.8951612903225807,0.96875
4101,128,13,620113,12707,True,True,-0.0,0.046370967741935484,0.9072580645161292,0.96875
4101,256,13,620113,12707,True,True,-0.0,0.02620967741935484,0.9475806451612905,1.0
4101,512,13,620113,12707,True,True,-0.0,0.008064516129032258,0.9838709677419356,1.0
4101,1024,13,620113,12707,True,True,-0.0,0.008064516129032258,0.9838709677419356,1.0
4101,64,14,620114,12707,True,True,-0.0,0.046370967741935484,0.9072580645161292,0.90625
4101,128,14,620114,12707,True,True,-0.0,0.03225806451612903,0.935483870967742,0.96875
4101,256,14,620114,12707,True,True,-0.0,0.016129032258064516,0.9677419354838711,1.0
4101,512,14,620114,12707,True,True,-0.0,0.006048387096774193,0.9879032258064518,1.0
4101,1024,14,620114,12707,True,True,-0.0,0.0020161290322580645,0.9959677419354841,1.0
4101,64,15,620115,12707,True,True,-0.0,0.06854838709677419,0.8629032258064517,0.96875
4101,128,15,620115,12707,True,True,-0.0,0.038306451612903226,0.9233870967741936,0.96875
4101,256,15,620115,12707,True,True,-0.0,0.02217741935483871,0.9556451612903226,1.0
4101,512,15,620115,12707,True,True,-0.0,0.004032258064516129,0.9919354838709679,1.0
4101,1024,15,620115,12707,True,True,-0.0,0.0020161290322580645,0.9959677419354841,1.0
4101,64,16,620116,12707,True,True,-0.0,0.056451612903225805,0.8870967741935486,0.90625
4101,128,16,620116,12707,True,True,-0.0,0.038306451612903226,0.9233870967741936,1.0
4101,256,16,620116,12707,True,True,-0.0,0.020161290322580645,0.9596774193548389,1.0
4101,512,16,620116,12707,True,True,-0.0,0.008064516129032258,0.9838709677419356,1.0
4101,1024,16,620116,12707,True,True,-0.0,0.008064516129032258,0.9838709677419356,1.0
4101,64,17,620117,12707,True,True,-0.0,0.05846774193548387,0.8830645161290324,0.96875
4101,128,17,620117,12707,True,True,-0.0,0.03225806451612903,0.935483870967742,0.96875
4101,256,17,620117,12707,True,True,-0.0,0.020161290322580645,0.9596774193548389,1.0
4101,512,17,620117,12707,True,True,-0.0,0.012096774193548387,0.9758064516129032,1.0
4101,1024,17,620117,12707,True,True,-0.0,0.006048387096774193,0.9879032258064518,1.0
4101,64,18,620118,12707,True,True,-0.0,0.06048387096774194,0.8790322580645162,0.9375
4101,128,18,620118,12707,True,True,-0.0,0.02620967741935484,0.9475806451612905,0.96875
4101,256,18,620118,12707,True,True,-0.0,0.018145161290322582,0.963709677419355,1.0
4101,512,18,620118,12707,True,True,-0.0,0.008064516129032258,0.9838709677419356,1.0
4101,1024,18,620118,12707,True,True,-0.0,0.006048387096774193,0.9879032258064518,1.0
4101,64,19,620119,12707,True,True,-0.0,0.04838709677419355,0.903225806451613,0.96875
4101,128,19,620119,12707,True,True,-0.0,0.036290322580645164,0.9274193548387099,0.96875
4101,256,19,620119,12707,True,True,-0.0,0.03024193548387097,0.9395161290322582,1.0
4101,512,19,620119,12707,True,True,-0.0,0.016129032258064516,0.9677419354838711,1.0
4101,1024,19,620119,12707,True,True,-0.0,0.018145161290322582,0.963709677419355,1.0
4101,64,20,620120,12707,True,True,-0.0,0.05241935483870968,0.8951612903225807,0.9375
4101,128,20,620120,12707,True,True,-0.0,0.03225806451612903,0.935483870967742,1.0
4101,256,20,620120,12707,True,True,-0.0,0.02217741935483871,0.9556451612903226,1.0
4101,512,20,620120,12707,True,True,-0.0,0.010080645161290322,0.9798387096774195,1.0
4101,1024,20,620120,12707,True,True,-0.0,0.004032258064516129,0.9919354838709679,1.0
4101,64,21,620121,12707,True,True,-0.0,0.0846774193548387,0.8306451612903227,0.90625
4101,128,21,620121,12707,True,True,-0.0,0.034274193548387094,0.931451612903226,0.96875
4101,256,21,620121,12707,True,True,-0.0,0.024193548387096774,0.9516129032258066,0.96875
4101,512,21,620121,12707,True,True,-0.0,0.020161290322580645,0.9596774193548389,0.96875
4101,1024,21,620121,12707,True,True,-0.0,0.010080645161290322,0.9798387096774195,1.0
4101,64,22,620122,12707,True,True,-0.0,0.04435483870967742,0.9112903225806452,0.875
4101,128,22,620122,12707,True,True,-0.0,0.034274193548387094,0.931451612903226,0.96875
4101,256,22,620122,12707,True,True,-0.0,0.016129032258064516,0.9677419354838711,0.96875
4101,512,22,620122,12707,True,True,-0.0,0.012096774193548387,0.9758064516129032,1.0
4101,1024,22,620122,12707,True,True,-0.0,0.008064516129032258,0.9838709677419356,1.0
4101,64,23,620123,12707,True,True,-0.0,0.06854838709677419,0.8629032258064517,0.9375
4101,128,23,620123,12707,True,True,-0.0,0.038306451612903226,0.9233870967741936,0.96875
4101,256,23,620123,12707,True,True,-0.0,0.024193548387096774,0.9516129032258066,1.0
4101,512,23,620123,12707,True,True,-0.0,0.006048387096774193,0.9879032258064518,1.0
4101,1024,23,620123,12707,True,True,-0.0,0.004032258064516129,0.9919354838709679,1.0
4101,64,24,620124,12707,True,True,-0.0,0.07661290322580645,0.8467741935483872,0.96875
4101,128,24,620124,12707,True,True,-0.0,0.02217741935483871,0.9556451612903226,0.96875
4101,256,24,620124,12707,True,True,-0.0,0.02620967741935484,0.9475806451612905,1.0
4101,512,24,620124,12707,True,True,-0.0,0.016129032258064516,0.9677419354838711,1.0
4101,1024,24,620124,12707,True,True,-0.0,0.006048387096774193,0.9879032258064518,1.0
4101,64,25,620125,12707,True,True,-0.0,0.07258064516129033,0.8548387096774194,0.96875
4101,128,25,620125,12707,True,True,-0.0,0.024193548387096774,0.9516129032258066,0.96875
4101,256,25,620125,12707,True,True,-0.0,0.016129032258064516,0.9677419354838711,1.0
4101,512,25,620125,12707,True,True,-0.0,0.012096774193548387,0.9758064516129032,1.0
4101,1024,25,620125,12707,True,True,-0.0,0.006048387096774193,0.9879032258064518,1.0
4101,64,26,620126,12707,True,True,-0.0,0.08064516129032258,0.838709677419355,0.96875
4101,128,26,620126,12707,True,True,-0.0,0.056451612903225805,0.8870967741935486,0.96875
4101,256,26,620126,12707,True,True,-0.0,0.02620967741935484,0.9475806451612905,0.96875
4101,512,26,620126,12707,True,True,-0.0,0.012096774193548387,0.9758064516129032,0.96875
4101,1024,26,620126,12707,True,True,-0.0,0.006048387096774193,0.9879032258064518,1.0
4101,64,27,620127,12707,True,True,-0.0,0.08064516129032258,0.838709677419355,0.875
4101,128,27,620127,12707,True,True,-0.0,0.056451612903225805,0.8870967741935486,0.90625
4101,256,27,620127,12707,True,True,-0.0,0.02217741935483871,0.9556451612903226,0.96875
4101,512,27,620127,12707,True,True,-0.0,0.014112903225806451,0.9717741935483872,0.96875
4101,1024,27,620127,12707,True,True,-0.0,0.006048387096774193,0.9879032258064518,1.0
4101,64,28,620128,12707,True,True,-0.0,0.06854838709677419,0.8629032258064517,0.96875
4101,128,28,620128,12707,True,True,-0.0,0.05241935483870968,0.8951612903225807,0.96875
4101,256,28,620128,12707,True,True,-0.0,0.016129032258064516,0.9677419354838711,0.96875
4101,512,28,620128,12707,True,True,-0.0,0.010080645161290322,0.9798387096774195,0.96875
4101,1024,28,620128,12707,True,True,-0.0,0.006048387096774193,0.9879032258064518,1.0
4101,64,29,620129,12707,True,True,-0.0,0.056451612903225805,0.8870967741935486,0.96875
4101,128,29,620129,12707,True,True,-0.0,0.03024193548387097,0.9395161290322582,0.9375
4101,256,29,620129,12707,True,True,-0.0,0.012096774193548387,0.9758064516129032,0.96875
4101,512,29,620129,12707,True,True,-0.0,0.012096774193548387,0.9758064516129032,1.0
4101,1024,29,620129,12707,True,True,-0.0,0.0020161290322580645,0.9959677419354841,1.0
4101,64,30,620130,12707,True,True,-0.0,0.05241935483870968,0.8951612903225807,1.0
4101,128,30,620130,12707,True,True,-0.0,0.036290322580645164,0.9274193548387099,1.0
4101,256,30,620130,12707,True,True,-0.0,0.016129032258064516,0.9677419354838711,1.0
4101,512,30,620130,12707,True,True,-0.0,0.010080645161290322,0.9798387096774195,1.0
4101,1024,30,620130,12707,True,True,-0.0,0.010080645161290322,0.9798387096774195,1.0
4101,64,31,620131,12707,True,True,-0.0,0.07862903225806452,0.8427419354838711,0.96875
4101,128,31,620131,12707,True,True,-0.0,0.028225806451612902,0.9435483870967742,1.0
4101,256,31,620131,12707,True,True,-0.0,0.014112903225806451,0.9717741935483872,1.0
4101,512,31,620131,12707,True,True,-0.0,0.012096774193548387,0.9758064516129032,1.0
4101,1024,31,620131,12707,True,True,-0.0,0.006048387096774193,0.9879032258064518,1.0
4101,64,32,620132,12707,True,True,-0.0,0.09879032258064516,0.8024193548387097,0.96875
4101,128,32,620132,12707,True,True,-0.0,0.04435483870967742,0.9112903225806452,0.96875
4101,256,32,620132,12707,True,True,-0.0,0.03024193548387097,0.9395161290322582,0.96875
4101,512,32,620132,12707,True,True,-0.0,0.018145161290322582,0.963709677419355,1.0
4101,1024,32,620132,12707,True,True,-0.0,0.008064516129032258,0.9838709677419356,1.0
4101,64,33,620133,12707,True,True,-0.0,0.0625,0.8750000000000001,0.84375
4101,128,33,620133,12707,True,True,-0.0,0.02217741935483871,0.9556451612903226,0.96875
4101,256,33,620133,12707,True,True,-0.0,0.016129032258064516,0.9677419354838711,0.96875
4101,512,33,620133,12707,True,True,-0.0,0.004032258064516129,0.9919354838709679,1.0
4101,1024,33,620133,12707,True,True,-0.0,0.010080645161290322,0.9798387096774195,1.0
4101,64,34,620134,12707,True,True,-0.0,0.06048387096774194,0.8790322580645162,0.96875
4101,128,34,620134,12707,True,True,-0.0,0.038306451612903226,0.9233870967741936,1.0
4101,256,34,620134,12707,True,True,-0.0,0.028225806451612902,0.9435483870967742,1.0
4101,512,34,620134,12707,True,True,-0.0,0.014112903225806451,0.9717741935483872,1.0
4101,1024,34,620134,12707,True,True,-0.0,0.0,1.0,1.0
4101,64,35,620135,12707,True,True,-0.0,0.05040322580645161,0.899193548387097,0.96875
4101,128,35,620135,12707,True,True,-0.0,0.03024193548387097,0.9395161290322582,0.96875
4101,256,35,620135,12707,True,True,-0.0,0.016129032258064516,0.9677419354838711,1.0
4101,512,35,620135,12707,True,True,-0.0,0.006048387096774193,0.9879032258064518,1.0
4101,1024,35,620135,12707,True,True,-0.0,0.008064516129032258,0.9838709677419356,1.0
4101,64,36,620136,12707,True,True,-0.0,0.05241935483870968,0.8951612903225807,0.875
4101,128,36,620136,12707,True,True,-0.0,0.04032258064516129,0.9193548387096776,0.96875
4101,256,36,620136,12707,True,True,-0.0,0.02620967741935484,0.9475806451612905,0.96875
4101,512,36,620136,12707,True,True,-0.0,0.014112903225806451,0.9717741935483872,1.0
4101,1024,36,620136,12707,True,True,-0.0,0.006048387096774193,0.9879032258064518,1.0
4101,64,37,620137,12707,True,True,-0.0,0.046370967741935484,0.9072580645161292,0.9375
4101,128,37,620137,12707,True,True,-0.0,0.038306451612903226,0.9233870967741936,1.0
4101,256,37,620137,12707,True,True,-0.0,0.03225806451612903,0.935483870967742,1.0
4101,512,37,620137,12707,True,True,-0.0,0.03024193548387097,0.9395161290322582,1.0
4101,1024,37,620137,12707,True,True,-0.0,0.012096774193548387,0.9758064516129032,1.0
4101,64,38,620138,12707,True,True,-0.0,0.07862903225806452,0.8427419354838711,0.9375
4101,128,38,620138,12707,True,True,-0.0,0.05241935483870968,0.8951612903225807,0.96875
4101,256,38,620138,12707,True,True,-0.0,0.020161290322580645,0.9596774193548389,1.0
4101,512,38,620138,12707,True,True,-0.0,0.016129032258064516,0.9677419354838711,1.0
4101,1024,38,620138,12707,True,True,-0.0,0.006048387096774193,0.9879032258064518,1.0
4101,64,39,620139,12707,True,True,-0.0,0.0967741935483871,0.806451612903226,0.90625
4101,128,39,620139,12707,True,True,-0.0,0.0625,0.8750000000000001,0.9375
4101,256,39,620139,12707,True,True,-0.0,0.04233870967741935,0.9153225806451614,0.96875
4101,512,39,620139,12707,True,True,-0.0,0.024193548387096774,0.9516129032258066,0.96875
4101,1024,39,620139,12707,True,True,-0.0,0.014112903225806451,0.9717741935483872,1.0
4101,64,40,620140,12707,True,True,-0.0,0.07056451612903226,0.8588709677419356,0.96875
4101,128,40,620140,12707,True,True,-0.0,0.020161290322580645,0.9596774193548389,0.96875
4101,256,40,620140,12707,True,True,-0.0,0.016129032258064516,0.9677419354838711,1.0
4101,512,40,620140,12707,True,True,-0.0,0.010080645161290322,0.9798387096774195,1.0
4101,1024,40,620140,12707,True,True,-0.0,0.006048387096774193,0.9879032258064518,1.0
4101,64,41,620141,12707,True,True,-0.0,0.046370967741935484,0.9072580645161292,0.96875
4101,128,41,620141,12707,True,True,-0.0,0.04233870967741935,0.9153225806451614,0.96875
4101,256,41,620141,12707,True,True,-0.0,0.03024193548387097,0.9395161290322582,1.0
4101,512,41,620141,12707,True,True,-0.0,0.012096774193548387,0.9758064516129032,1.0
4101,1024,41,620141,12707,True,True,-0.0,0.008064516129032258,0.9838709677419356,1.0
4101,64,42,620142,12707,True,True,-0.0,0.06048387096774194,0.8790322580645162,0.96875
4101,128,42,620142,12707,True,True,-0.0,0.04032258064516129,0.9193548387096776,0.9375
4101,256,42,620142,12707,True,True,-0.0,0.02217741935483871,0.9556451612903226,1.0
4101,512,42,620142,12707,True,True,-0.0,0.018145161290322582,0.963709677419355,1.0
4101,1024,42,620142,12707,True,True,-0.0,0.004032258064516129,0.9919354838709679,1.0
4101,64,43,620143,12707,True,True,-0.0,0.07661290322580645,0.8467741935483872,0.96875
4101,128,43,620143,12707,True,True,-0.0,0.05443548387096774,0.8911290322580646,0.96875
4101,256,43,620143,12707,True,True,-0.0,0.02217741935483871,0.9556451612903226,1.0
4101,512,43,620143,12707,True,True,-0.0,0.018145161290322582,0.963709677419355,1.0
4101,1024,43,620143,12707,True,True,-0.0,0.006048387096774193,0.9879032258064518,1.0
4101,64,44,620144,12707,True,True,-0.0,0.03225806451612903,0.935483870967742,0.96875
4101,128,44,620144,12707,True,True,-0.0,0.02620967741935484,0.9475806451612905,1.0
4101,256,44,620144,12707,True,True,-0.0,0.02217741935483871,0.9556451612903226,1.0
4101,512,44,620144,12707,True,True,-0.0,0.008064516129032258,0.9838709677419356,1.0
4101,1024,44,620144,12707,True,True,-0.0,0.006048387096774193,0.9879032258064518,1.0
4101,64,45,620145,12707,True,True,-0.0,0.07258064516129033,0.8548387096774194,0.96875
4101,128,45,620145,12707,True,True,-0.0,0.018145161290322582,0.963709677419355,0.96875
4101,256,45,620145,12707,True,True,-0.0,0.014112903225806451,0.9717741935483872,0.9375
4101,512,45,620145,12707,True,True,-0.0,0.004032258064516129,0.9919354838709679,0.96875
4101,1024,45,620145,12707,True,True,-0.0,0.004032258064516129,0.9919354838709679,1.0
4101,64,46,620146,12707,True,True,-0.0,0.06048387096774194,0.8790322580645162,0.90625
4101,128,46,620146,12707,True,True,-0.0,0.04233870967741935,0.9153225806451614,0.9375
4101,256,46,620146,12707,True,True,-0.0,0.014112903225806451,0.9717741935483872,0.96875
4101,512,46,620146,12707,True,True,-0.0,0.008064516129032258,0.9838709677419356,0.96875
4101,1024,46,620146,12707,True,True,-0.0,0.006048387096774193,0.9879032258064518,1.0
4101,64,47,620147,12707,True,True,-0.0,0.04032258064516129,0.9193548387096776,0.96875
4101,128,47,620147,12707,True,True,-0.0,0.04032258064516129,0.9193548387096776,1.0
4101,256,47,620147,12707,True,True,-0.0,0.020161290322580645,0.9596774193548389,0.96875
4101,512,47,620147,12707,True,True,-0.0,0.010080645161290322,0.9798387096774195,1.0
4101,1024,47,620147,12707,True,True,-0.0,0.016129032258064516,0.9677419354838711,1.0
4101,64,48,620148,12707,True,True,-0.0,0.056451612903225805,0.8870967741935486,0.96875
4101,128,48,620148,12707,True,True,-0.0,0.03024193548387097,0.9395161290322582,0.96875
4101,256,48,620148,12707,True,True,-0.0,0.02217741935483871,0.9556451612903226,0.96875
4101,512,48,620148,12707,True,True,-0.0,0.006048387096774193,0.9879032258064518,1.0
4101,1024,48,620148,12707,True,True,-0.0,0.0,1.0,1.0
4101,64,49,620149,12707,True,True,-0.0,0.04435483870967742,0.9112903225806452,0.90625
4101,128,49,620149,12707,True,True,-0.0,0.04233870967741935,0.9153225806451614,0.96875
4101,256,49,620149,12707,True,True,-0.0,0.02217741935483871,0.9556451612903226,0.96875
4101,512,49,620149,12707,True,True,-0.0,0.004032258064516129,0.9919354838709679,1.0
4101,1024,49,620149,12707,True,True,-0.0,0.0,1.0,1.0
4101,64,50,620150,12707,True,True,-0.0,0.06451612903225806,0.870967741935484,1.0
4101,128,50,620150,12707,True,True,-0.0,0.04838709677419355,0.903225806451613,0.96875
4101,256,50,620150,12707,True,True,-0.0,0.014112903225806451,0.9717741935483872,1.0
4101,512,50,620150,12707,True,True,-0.0,0.006048387096774193,0.9879032258064518,1.0
4101,1024,50,620150,12707,True,True,-0.0,0.006048387096774193,0.9879032258064518,1.0
4101,64,51,620151,12707,True,True,-0.0,0.07056451612903226,0.8588709677419356,0.96875
4101,128,51,620151,12707,True,True,-0.0,0.04838709677419355,0.903225806451613,0.96875
4101,256,51,620151,12707,True,True,-0.0,0.020161290322580645,0.9596774193548389,0.96875
4101,512,51,620151,12707,True,True,-0.0,0.012096774193548387,0.9758064516129032,1.0
4101,1024,51,620151,12707,True,True,-0.0,0.004032258064516129,0.9919354838709679,1.0
4101,64,52,620152,12707,True,True,-0.0,0.04435483870967742,0.9112903225806452,0.9375
4101,128,52,620152,12707,True,True,-0.0,0.03024193548387097,0.9395161290322582,0.96875
4101,256,52,620152,12707,True,True,-0.0,0.020161290322580645,0.9596774193548389,0.96875
4101,512,52,620152,12707,True,True,-0.0,0.012096774193548387,0.9758064516129032,0.96875
4101,1024,52,620152,12707,True,True,-0.0,0.006048387096774193,0.9879032258064518,1.0
4101,64,53,620153,12707,True,True,-0.0,0.05241935483870968,0.8951612903225807,0.9375
4101,128,53,620153,12707,True,True,-0.0,0.05241935483870968,0.8951612903225807,0.96875
4101,256,53,620153,12707,True,True,-0.0,0.014112903225806451,0.9717741935483872,0.96875
4101,512,53,620153,12707,True,True,-0.0,0.012096774193548387,0.9758064516129032,1.0
4101,1024,53,620153,12707,True,True,-0.0,0.008064516129032258,0.9838709677419356,1.0
4101,64,54,620154,12707,True,True,-0.0,0.05040322580645161,0.899193548387097,0.9375
4101,128,54,620154,12707,True,True,-0.0,0.04435483870967742,0.9112903225806452,0.9375
4101,256,54,620154,12707,True,True,-0.0,0.020161290322580645,0.9596774193548389,1.0
4101,512,54,620154,12707,True,True,-0.0,0.008064516129032258,0.9838709677419356,1.0
4101,1024,54,620154,12707,True,True,-0.0,0.006048387096774193,0.9879032258064518,1.0
4101,64,55,620155,12707,True,True,-0.0,0.07661290322580645,0.8467741935483872,0.96875
4101,128,55,620155,12707,True,True,-0.0,0.0625,0.8750000000000001,0.96875
4101,256,55,620155,12707,True,True,-0.0,0.020161290322580645,0.9596774193548389,1.0
4101,512,55,620155,12707,True,True,-0.0,0.018145161290322582,0.963709677419355,1.0
4101,1024,55,620155,12707,True,True,-0.0,0.010080645161290322,0.9798387096774195,1.0
4101,64,56,620156,12707,True,True,-0.0,0.05846774193548387,0.8830645161290324,0.9375
4101,128,56,620156,12707,True,True,-0.0,0.02620967741935484,0.9475806451612905,0.96875
4101,256,56,620156,12707,True,True,-0.0,0.018145161290322582,0.963709677419355,1.0
4101,512,56,620156,12707,True,True,-0.0,0.016129032258064516,0.9677419354838711,1.0
4101,1024,56,620156,12707,True,True,-0.0,0.006048387096774193,0.9879032258064518,1.0
4101,64,57,620157,12707,True,True,-0.0,0.07056451612903226,0.8588709677419356,0.96875
4101,128,57,620157,12707,True,True,-0.0,0.038306451612903226,0.9233870967741936,0.96875
4101,256,57,620157,12707,True,True,-0.0,0.028225806451612902,0.9435483870967742,0.96875
4101,512,57,620157,12707,True,True,-0.0,0.008064516129032258,0.9838709677419356,1.0
4101,1024,57,620157,12707,True,True,-0.0,0.006048387096774193,0.9879032258064518,1.0
4101,64,58,620158,12707,True,True,-0.0,0.06048387096774194,0.8790322580645162,0.9375
4101,128,58,620158,12707,True,True,-0.0,0.03225806451612903,0.935483870967742,1.0
4101,256,58,620158,12707,True,True,-0.0,0.018145161290322582,0.963709677419355,1.0
4101,512,58,620158,12707,True,True,-0.0,0.014112903225806451,0.9717741935483872,1.0
4101,1024,58,620158,12707,True,True,-0.0,0.010080645161290322,0.9798387096774195,1.0
4101,64,59,620159,12707,True,True,-0.0,0.04233870967741935,0.9153225806451614,0.9375
4101,128,59,620159,12707,True,True,-0.0,0.04233870967741935,0.9153225806451614,0.96875
4101,256,59,620159,12707,True,True,-0.0,0.016129032258064516,0.9677419354838711,1.0
4101,512,59,620159,12707,True,True,-0.0,0.0020161290322580645,0.9959677419354841,1.0
4101,1024,59,620159,12707,True,True,-0.0,0.0020161290322580645,0.9959677419354841,1.0
4101,64,60,620160,12707,True,True,-0.0,0.06451612903225806,0.870967741935484,0.90625
4101,128,60,620160,12707,True,True,-0.0,0.020161290322580645,0.9596774193548389,0.9375
4101,256,60,620160,12707,True,True,-0.0,0.024193548387096774,0.9516129032258066,0.96875
4101,512,60,620160,12707,True,True,-0.0,0.010080645161290322,0.9798387096774195,1.0
4101,1024,60,620160,12707,True,True,-0.0,0.004032258064516129,0.9919354838709679,1.0
4101,64,61,620161,12707,True,True,-0.0,0.05241935483870968,0.8951612903225807,1.0
4101,128,61,620161,12707,True,True,-0.0,0.028225806451612902,0.9435483870967742,0.9375
4101,256,61,620161,12707,True,True,-0.0,0.016129032258064516,0.9677419354838711,1.0
4101,512,61,620161,12707,True,True,-0.0,0.010080645161290322,0.9798387096774195,1.0
4101,1024,61,620161,12707,True,True,-0.0,0.008064516129032258,0.9838709677419356,1.0
4101,64,62,620162,12707,True,True,-0.0,0.08870967741935484,0.8225806451612904,0.96875
4101,128,62,620162,12707,True,True,-0.0,0.06048387096774194,0.8790322580645162,1.0
4101,256,62,620162,12707,True,True,-0.0,0.028225806451612902,0.9435483870967742,1.0
4101,512,62,620162,12707,True,True,-0.0,0.014112903225806451,0.9717741935483872,1.0
4101,1024,62,620162,12707,True,True,-0.0,0.008064516129032258,0.9838709677419356,1.0
4101,64,63,620163,12707,True,True,-0.0,0.056451612903225805,0.8870967741935486,0.96875
4101,128,63,620163,12707,True,True,-0.0,0.028225806451612902,0.9435483870967742,0.96875
4101,256,63,620163,12707,True,True,-0.0,0.018145161290322582,0.963709677419355,1.0
4101,512,63,620163,12707,True,True,-0.0,0.010080645161290322,0.9798387096774195,1.0
4101,1024,63,620163,12707,True,True,-0.0,0.010080645161290322,0.9798387096774195,1.0
4102,64,0,621100,4764,True,True,-0.0,0.08669354838709678,0.8266129032258066,0.90625
4102,128,0,621100,4764,True,True,-0.0,0.056451612903225805,0.8870967741935486,0.96875
4102,256,0,621100,4764,True,True,-0.0,0.04032258064516129,0.9193548387096776,0.96875
4102,512,0,621100,4764,True,True,-0.0,0.03225806451612903,0.935483870967742,0.96875
4102,1024,0,621100,4764,True,True,-0.0,0.02620967741935484,0.9475806451612905,1.0
4102,64,1,621101,4764,True,True,-0.0,0.07459677419354839,0.8508064516129034,0.9375
4102,128,1,621101,4764,True,True,-0.0,0.04032258064516129,0.9193548387096776,0.9375
4102,256,1,621101,4764,True,True,-0.0,0.008064516129032258,0.9838709677419356,0.96875
4102,512,1,621101,4764,True,True,-0.0,0.014112903225806451,0.9717741935483872,0.9375
4102,1024,1,621101,4764,True,True,-0.0,0.010080645161290322,0.9798387096774195,0.96875
4102,64,2,621102,4764,True,True,-0.0,0.04435483870967742,0.9112903225806452,0.96875
4102,128,2,621102,4764,True,True,-0.0,0.05040322580645161,0.899193548387097,0.96875
4102,256,2,621102,4764,True,True,-0.0,0.036290322580645164,0.9274193548387099,0.96875
4102,512,2,621102,4764,True,True,-0.0,0.020161290322580645,0.9596774193548389,0.96875
4102,1024,2,621102,4764,True,True,-0.0,0.014112903225806451,0.9717741935483872,1.0
4102,64,3,621103,4764,True,True,-0.0,0.07258064516129033,0.8548387096774194,0.90625
4102,128,3,621103,4764,True,True,-0.0,0.036290322580645164,0.9274193548387099,0.96875
4102,256,3,621103,4764,True,True,-0.0,0.04032258064516129,0.9193548387096776,0.9375
4102,512,3,621103,4764,True,True,-0.0,0.028225806451612902,0.9435483870967742,0.90625
4102,1024,3,621103,4764,True,True,-0.0,0.020161290322580645,0.9596774193548389,0.96875
4102,64,4,621104,4764,True,True,-0.0,0.08669354838709678,0.8266129032258066,0.9375
4102,128,4,621104,4764,True,True,-0.0,0.028225806451612902,0.9435483870967742,0.96875
4102,256,4,621104,4764,True,True,-0.0,0.04435483870967742,0.9112903225806452,0.9375
4102,512,4,621104,4764,True,True,-0.0,0.016129032258064516,0.9677419354838711,0.9375
4102,1024,4,621104,4764,True,True,-0.0,0.012096774193548387,0.9758064516129032,0.96875
4102,64,5,621105,4764,True,True,-0.0,0.08064516129032258,0.838709677419355,0.9375
4102,128,5,621105,4764,True,True,-0.0,0.05846774193548387,0.8830645161290324,0.9375
4102,256,5,621105,4764,True,True,-0.0,0.03024193548387097,0.9395161290322582,0.9375
4102,512,5,621105,4764,True,True,-0.0,0.03024193548387097,0.9395161290322582,0.9375
4102,1024,5,621105,4764,True,True,-0.0,0.02620967741935484,0.9475806451612905,0.96875
4102,64,6,621106,4764,True,True,-0.0,0.11290322580645161,0.7741935483870969,0.90625
4102,128,6,621106,4764,True,True,-0.0,0.04435483870967742,0.9112903225806452,0.9375
4102,256,6,621106,4764,True,True,-0.0,0.034274193548387094,0.931451612903226,0.96875
4102,512,6,621106,4764,True,True,-0.0,0.03024193548387097,0.9395161290322582,1.0
4102,1024,6,621106,4764,True,True,-0.0,0.020161290322580645,0.9596774193548389,1.0
4102,64,7,621107,4764,True,True,-0.0,0.11290322580645161,0.7741935483870969,0.90625
4102,128,7,621107,4764,True,True,-0.0,0.06854838709677419,0.8629032258064517,0.90625
4102,256,7,621107,4764,True,True,-0.0,0.03024193548387097,0.9395161290322582,0.9375
4102,512,7,621107,4764,True,True,-0.0,0.028225806451612902,0.9435483870967742,0.96875
4102,1024,7,621107,4764,True,True,-0.0,0.014112903225806451,0.9717741935483872,0.96875
4102,64,8,621108,4764,True,True,-0.0,0.11895161290322581,0.7620967741935485,0.9375
4102,128,8,621108,4764,True,True,-0.0,0.06451612903225806,0.870967741935484,0.96875
4102,256,8,621108,4764,True,True,-0.0,0.03024193548387097,0.9395161290322582,0.96875
4102,512,8,621108,4764,True,True,-0.0,0.010080645161290322,0.9798387096774195,0.96875
4102,1024,8,621108,4764,True,True,-0.0,0.008064516129032258,0.9838709677419356,1.0
4102,64,9,621109,4764,True,True,-0.0,0.06451612903225806,0.870967741935484,0.875
4102,128,9,621109,4764,True,True,-0.0,0.04838709677419355,0.903225806451613,0.875
4102,256,9,621109,4764,True,True,-0.0,0.03225806451612903,0.935483870967742,0.90625
4102,512,9,621109,4764,True,True,-0.0,0.010080645161290322,0.9798387096774195,0.96875
4102,1024,9,621109,4764,True,True,-0.0,0.016129032258064516,0.9677419354838711,0.96875
4102,64,10,621110,4764,True,True,-0.0,0.07661290322580645,0.8467741935483872,0.875
4102,128,10,621110,4764,True,True,-0.0,0.020161290322580645,0.9596774193548389,0.90625
4102,256,10,621110,4764,True,True,-0.0,0.016129032258064516,0.9677419354838711,0.9375
4102,512,10,621110,4764,True,True,-0.0,0.012096774193548387,0.9758064516129032,0.9375
4102,1024,10,621110,4764,True,True,-0.0,0.008064516129032258,0.9838709677419356,1.0
4102,64,11,621111,4764,True,True,-0.0,0.06451612903225806,0.870967741935484,0.9375
4102,128,11,621111,4764,True,True,-0.0,0.04435483870967742,0.9112903225806452,0.9375
4102,256,11,621111,4764,True,True,-0.0,0.028225806451612902,0.9435483870967742,0.96875
4102,512,11,621111,4764,True,True,-0.0,0.016129032258064516,0.9677419354838711,0.96875
4102,1024,11,621111,4764,True,True,-0.0,0.008064516129032258,0.9838709677419356,1.0
4102,64,12,621112,4764,True,True,-0.0,0.10685483870967742,0.7862903225806454,0.875
4102,128,12,621112,4764,True,True,-0.0,0.05443548387096774,0.8911290322580646,0.9375
4102,256,12,621112,4764,True,True,-0.0,0.02217741935483871,0.9556451612903226,0.96875
4102,512,12,621112,4764,True,True,-0.0,0.028225806451612902,0.9435483870967742,1.0
4102,1024,12,621112,4764,True,True,-0.0,0.034274193548387094,0.931451612903226,1.0
4102,64,13,621113,4764,True,True,-0.0,0.07862903225806452,0.8427419354838711,0.90625
4102,128,13,621113,4764,True,True,-0.0,0.04838709677419355,0.903225806451613,0.90625
4102,256,13,621113,4764,True,True,-0.0,0.02217741935483871,0.9556451612903226,0.96875
4102,512,13,621113,4764,True,True,-0.0,0.018145161290322582,0.963709677419355,0.9375
4102,1024,13,621113,4764,True,True,-0.0,0.012096774193548387,0.9758064516129032,0.9375
4102,64,14,621114,4764,True,True,-0.0,0.07258064516129033,0.8548387096774194,0.90625
4102,128,14,621114,4764,True,True,-0.0,0.046370967741935484,0.9072580645161292,0.96875
4102,256,14,621114,4764,True,True,-0.0,0.024193548387096774,0.9516129032258066,0.96875
4102,512,14,621114,4764,True,True,-0.0,0.012096774193548387,0.9758064516129032,0.9375
4102,1024,14,621114,4764,True,True,-0.0,0.010080645161290322,0.9798387096774195,0.96875
4102,64,15,621115,4764,True,True,-0.0,0.08870967741935484,0.8225806451612904,0.90625
4102,128,15,621115,4764,True,True,-0.0,0.04435483870967742,0.9112903225806452,0.9375
4102,256,15,621115,4764,True,True,-0.0,0.034274193548387094,0.931451612903226,0.96875
4102,512,15,621115,4764,True,True,-0.0,0.016129032258064516,0.9677419354838711,1.0
4102,1024,15,621115,4764,True,True,-0.0,0.008064516129032258,0.9838709677419356,0.96875
4102,64,16,621116,4764,True,True,-0.0,0.07862903225806452,0.8427419354838711,0.9375
4102,128,16,621116,4764,True,True,-0.0,0.046370967741935484,0.9072580645161292,0.96875
4102,256,16,621116,4764,True,True,-0.0,0.018145161290322582,0.963709677419355,0.96875
4102,512,16,621116,4764,True,True,-0.0,0.018145161290322582,0.963709677419355,0.96875
4102,1024,16,621116,4764,True,True,-0.0,0.006048387096774193,0.9879032258064518,1.0
4102,64,17,621117,4764,True,True,-0.0,0.04435483870967742,0.9112903225806452,0.96875
4102,128,17,621117,4764,True,True,-0.0,0.038306451612903226,0.9233870967741936,0.96875
4102,256,17,621117,4764,True,True,-0.0,0.020161290322580645,0.9596774193548389,0.96875
4102,512,17,621117,4764,True,True,-0.0,0.008064516129032258,0.9838709677419356,0.96875
4102,1024,17,621117,4764,True,True,-0.0,0.016129032258064516,0.9677419354838711,1.0
4102,64,18,621118,4764,True,True,-0.0,0.09274193548387097,0.8145161290322581,0.90625
4102,128,18,621118,4764,True,True,-0.0,0.05040322580645161,0.899193548387097,0.9375
4102,256,18,621118,4764,True,True,-0.0,0.04233870967741935,0.9153225806451614,0.96875
4102,512,18,621118,4764,True,True,-0.0,0.028225806451612902,0.9435483870967742,0.96875
4102,1024,18,621118,4764,True,True,-0.0,0.02217741935483871,0.9556451612903226,0.96875
4102,64,19,621119,4764,True,True,-0.0,0.1028225806451613,0.7943548387096775,0.9375
4102,128,19,621119,4764,True,True,-0.0,0.07056451612903226,0.8588709677419356,0.96875
4102,256,19,621119,4764,True,True,-0.0,0.04233870967741935,0.9153225806451614,1.0
4102,512,19,621119,4764,True,True,-0.0,0.016129032258064516,0.9677419354838711,0.96875
4102,1024,19,621119,4764,True,True,-0.0,0.018145161290322582,0.963709677419355,1.0
4102,64,20,621120,4764,True,True,-0.0,0.11491935483870967,0.7701612903225807,0.90625
4102,128,20,621120,4764,True,True,-0.0,0.07862903225806452,0.8427419354838711,0.9375
4102,256,20,621120,4764,True,True,-0.0,0.03225806451612903,0.935483870967742,0.90625
4102,512,20,621120,4764,True,True,-0.0,0.020161290322580645,0.9596774193548389,0.96875
4102,1024,20,621120,4764,True,True,-0.0,0.006048387096774193,0.9879032258064518,0.96875
4102,64,21,621121,4764,True,True,-0.0,0.11491935483870967,0.7701612903225807,0.90625
4102,128,21,621121,4764,True,True,-0.0,0.06048387096774194,0.8790322580645162,0.9375
4102,256,21,621121,4764,True,True,-0.0,0.03225806451612903,0.935483870967742,0.9375
4102,512,21,621121,4764,True,True,-0.0,0.020161290322580645,0.9596774193548389,0.96875
4102,1024,21,621121,4764,True,True,-0.0,0.008064516129032258,0.9838709677419356,1.0
4102,64,22,621122,4764,True,True,-0.0,0.07258064516129033,0.8548387096774194,0.90625
4102,128,22,621122,4764,True,True,-0.0,0.02217741935483871,0.9556451612903226,0.96875
4102,256,22,621122,4764,True,True,-0.0,0.018145161290322582,0.963709677419355,0.96875
4102,512,22,621122,4764,True,True,-0.0,0.016129032258064516,0.9677419354838711,1.0
4102,1024,22,621122,4764,True,True,-0.0,0.014112903225806451,0.9717741935483872,1.0
4102,64,23,621123,4764,True,True,-0.0,0.07056451612903226,0.8588709677419356,0.90625
4102,128,23,621123,4764,True,True,-0.0,0.046370967741935484,0.9072580645161292,1.0
4102,256,23,621123,4764,True,True,-0.0,0.02620967741935484,0.9475806451612905,0.96875
4102,512,23,621123,4764,True,True,-0.0,0.03024193548387097,0.9395161290322582,0.96875
4102,1024,23,621123,4764,True,True,-0.0,0.02217741935483871,0.9556451612903226,0.96875
4102,64,24,621124,4764,True,True,-0.0,0.07459677419354839,0.8508064516129034,0.90625
4102,128,24,621124,4764,True,True,-0.0,0.04032258064516129,0.9193548387096776,0.9375
4102,256,24,621124,4764,True,True,-0.0,0.036290322580645164,0.9274193548387099,0.96875
4102,512,24,621124,4764,True,True,-0.0,0.024193548387096774,0.9516129032258066,1.0
4102,1024,24,621124,4764,True,True,-0.0,0.008064516129032258,0.9838709677419356,1.0
4102,64,25,621125,4764,True,True,-0.0,0.09879032258064516,0.8024193548387097,0.9375
4102,128,25,621125,4764,True,True,-0.0,0.036290322580645164,0.9274193548387099,0.96875
4102,256,25,621125,4764,True,True,-0.0,0.028225806451612902,0.9435483870967742,1.0
4102,512,25,621125,4764,True,True,-0.0,0.020161290322580645,0.9596774193548389,0.96875
4102,1024,25,621125,4764,True,True,-0.0,0.012096774193548387,0.9758064516129032,0.96875
4102,64,26,621126,4764,True,True,-0.0,0.07661290322580645,0.8467741935483872,0.9375
4102,128,26,621126,4764,True,True,-0.0,0.04032258064516129,0.9193548387096776,0.96875
4102,256,26,621126,4764,True,True,-0.0,0.03225806451612903,0.935483870967742,0.9375
4102,512,26,621126,4764,True,True,-0.0,0.020161290322580645,0.9596774193548389,0.96875
4102,1024,26,621126,4764,True,True,-0.0,0.02217741935483871,0.9556451612903226,0.96875
4102,64,27,621127,4764,True,True,-0.0,0.07056451612903226,0.8588709677419356,0.9375
4102,128,27,621127,4764,True,True,-0.0,0.07459677419354839,0.8508064516129034,0.9375
4102,256,27,621127,4764,True,True,-0.0,0.034274193548387094,0.931451612903226,0.96875
4102,512,27,621127,4764,True,True,-0.0,0.02620967741935484,0.9475806451612905,1.0
4102,1024,27,621127,4764,True,True,-0.0,0.018145161290322582,0.963709677419355,1.0
4102,64,28,621128,4764,True,True,-0.0,0.06854838709677419,0.8629032258064517,0.96875
4102,128,28,621128,4764,True,True,-0.0,0.06653225806451613,0.866935483870968,0.96875
4102,256,28,621128,4764,True,True,-0.0,0.02217741935483871,0.9556451612903226,0.96875
4102,512,28,621128,4764,True,True,-0.0,0.018145161290322582,0.963709677419355,0.96875
4102,1024,28,621128,4764,True,True,-0.0,0.004032258064516129,0.9919354838709679,1.0
4102,64,29,621129,4764,True,True,-0.0,0.0846774193548387,0.8306451612903227,0.875
4102,128,29,621129,4764,True,True,-0.0,0.03225806451612903,0.935483870967742,0.96875
4102,256,29,621129,4764,True,True,-0.0,0.036290322580645164,0.9274193548387099,1.0
4102,512,29,621129,4764,True,True,-0.0,0.02217741935483871,0.9556451612903226,0.96875
4102,1024,29,621129,4764,True,True,-0.0,0.006048387096774193,0.9879032258064518,1.0
4102,64,30,621130,4764,True,True,-0.0,0.07056451612903226,0.8588709677419356,0.90625
4102,128,30,621130,4764,True,True,-0.0,0.06451612903225806,0.870967741935484,0.9375
4102,256,30,621130,4764,True,True,-0.0,0.036290322580645164,0.9274193548387099,0.9375
4102,512,30,621130,4764,True,True,-0.0,0.016129032258064516,0.9677419354838711,1.0
4102,1024,30,621130,4764,True,True,-0.0,0.014112903225806451,0.9717741935483872,1.0
4102,64,31,621131,4764,True,True,-0.0,0.07056451612903226,0.8588709677419356,0.90625
4102,128,31,621131,4764,True,True,-0.0,0.036290322580645164,0.9274193548387099,0.9375
4102,256,31,621131,4764,True,True,-0.0,0.03225806451612903,0.935483870967742,0.96875
4102,512,31,621131,4764,True,True,-0.0,0.02217741935483871,0.9556451612903226,0.96875
4102,1024,31,621131,4764,True,True,-0.0,0.016129032258064516,0.9677419354838711,0.96875
4102,64,32,621132,4764,True,True,-0.0,0.0907258064516129,0.8185483870967744,0.90625
4102,128,32,621132,4764,True,True,-0.0,0.05241935483870968,0.8951612903225807,0.96875
4102,256,32,621132,4764,True,True,-0.0,0.04032258064516129,0.9193548387096776,1.0
4102,512,32,621132,4764,True,True,-0.0,0.018145161290322582,0.963709677419355,1.0
4102,1024,32,621132,4764,True,True,-0.0,0.016129032258064516,0.9677419354838711,1.0
4102,64,33,621133,4764,True,True,-0.0,0.06653225806451613,0.866935483870968,0.90625
4102,128,33,621133,4764,True,True,-0.0,0.046370967741935484,0.9072580645161292,0.9375
4102,256,33,621133,4764,True,True,-0.0,0.04435483870967742,0.9112903225806452,0.96875
4102,512,33,621133,4764,True,True,-0.0,0.02217741935483871,0.9556451612903226,1.0
4102,1024,33,621133,4764,True,True,-0.0,0.008064516129032258,0.9838709677419356,1.0
4102,64,34,621134,4764,True,True,-0.0,0.046370967741935484,0.9072580645161292,0.9375
4102,128,34,621134,4764,True,True,-0.0,0.04838709677419355,0.903225806451613,0.9375
4102,256,34,621134,4764,True,True,-0.0,0.03225806451612903,0.935483870967742,0.9375
4102,512,34,621134,4764,True,True,-0.0,0.03225806451612903,0.935483870967742,0.9375
4102,1024,34,621134,4764,True,True,-0.0,0.014112903225806451,0.9717741935483872,0.96875
4102,64,35,621135,4764,True,True,-0.0,0.11491935483870967,0.7701612903225807,0.90625
4102,128,35,621135,4764,True,True,-0.0,0.03225806451612903,0.935483870967742,0.96875
4102,256,35,621135,4764,True,True,-0.0,0.020161290322580645,0.9596774193548389,1.0
4102,512,35,621135,4764,True,True,-0.0,0.014112903225806451,0.9717741935483872,1.0
4102,1024,35,621135,4764,True,True,-0.0,0.014112903225806451,0.9717741935483872,0.96875
4102,64,36,621136,4764,True,True,-0.0,0.05846774193548387,0.8830645161290324,0.90625
4102,128,36,621136,4764,True,True,-0.0,0.046370967741935484,0.9072580645161292,0.96875
4102,256,36,621136,4764,True,True,-0.0,0.02620967741935484,0.9475806451612905,0.96875
4102,512,36,621136,4764,True,True,-0.0,0.02217741935483871,0.9556451612903226,0.9375
4102,1024,36,621136,4764,True,True,-0.0,0.020161290322580645,0.9596774193548389,0.96875
4102,64,37,621137,4764,True,True,-0.0,0.07258064516129033,0.8548387096774194,0.9375
4102,128,37,621137,4764,True,True,-0.0,0.04838709677419355,0.903225806451613,0.9375
4102,256,37,621137,4764,True,True,-0.0,0.03024193548387097,0.9395161290322582,0.9375
4102,512,37,621137,4764,True,True,-0.0,0.024193548387096774,0.9516129032258066,0.96875
4102,1024,37,621137,4764,True,True,-0.0,0.014112903225806451,0.9717741935483872,0.96875
4102,64,38,621138,4764,True,True,-0.0,0.08266129032258064,0.8346774193548387,0.9375
4102,128,38,621138,4764,True,True,-0.0,0.04838709677419355,0.903225806451613,0.96875
4102,256,38,621138,4764,True,True,-0.0,0.02620967741935484,0.9475806451612905,0.96875
4102,512,38,621138,4764,True,True,-0.0,0.012096774193548387,0.9758064516129032,0.96875
4102,1024,38,621138,4764,True,True,-0.0,0.012096774193548387,0.9758064516129032,0.96875
4102,64,39,621139,4764,True,True,-0.0,0.0967741935483871,0.806451612903226,0.90625
4102,128,39,621139,4764,True,True,-0.0,0.06451612903225806,0.870967741935484,0.875
4102,256,39,621139,4764,True,True,-0.0,0.03225806451612903,0.935483870967742,0.9375
4102,512,39,621139,4764,True,True,-0.0,0.020161290322580645,0.9596774193548389,0.9375
4102,1024,39,621139,4764,True,True,-0.0,0.018145161290322582,0.963709677419355,0.96875
4102,64,40,621140,4764,True,True,-0.0,0.0967741935483871,0.806451612903226,0.90625
4102,128,40,621140,4764,True,True,-0.0,0.04435483870967742,0.9112903225806452,0.90625
4102,256,40,621140,4764,True,True,-0.0,0.036290322580645164,0.9274193548387099,0.96875
4102,512,40,621140,4764,True,True,-0.0,0.016129032258064516,0.9677419354838711,0.9375
4102,1024,40,621140,4764,True,True,-0.0,0.010080645161290322,0.9798387096774195,1.0
4102,64,41,621141,4764,True,True,-0.0,0.08064516129032258,0.838709677419355,0.8125
4102,128,41,621141,4764,True,True,-0.0,0.05443548387096774,0.8911290322580646,0.875
4102,256,41,621141,4764,True,True,-0.0,0.04233870967741935,0.9153225806451614,0.9375
4102,512,41,621141,4764,True,True,-0.0,0.014112903225806451,0.9717741935483872,0.9375
4102,1024,41,621141,4764,True,True,-0.0,0.006048387096774193,0.9879032258064518,0.96875
4102,64,42,621142,4764,True,True,-0.0,0.0846774193548387,0.8306451612903227,0.90625
4102,128,42,621142,4764,True,True,-0.0,0.05443548387096774,0.8911290322580646,0.9375
4102,256,42,621142,4764,True,True,-0.0,0.038306451612903226,0.9233870967741936,0.9375
4102,512,42,621142,4764,True,True,-0.0,0.018145161290322582,0.963709677419355,0.96875
4102,1024,42,621142,4764,True,True,-0.0,0.014112903225806451,0.9717741935483872,0.96875
4102,64,43,621143,4764,True,True,-0.0,0.07056451612903226,0.8588709677419356,0.90625
4102,128,43,621143,4764,True,True,-0.0,0.046370967741935484,0.9072580645161292,0.96875
4102,256,43,621143,4764,True,True,-0.0,0.024193548387096774,0.9516129032258066,0.96875
4102,512,43,621143,4764,True,True,-0.0,0.010080645161290322,0.9798387096774195,0.96875
4102,1024,43,621143,4764,True,True,-0.0,0.006048387096774193,0.9879032258064518,1.0
4102,64,44,621144,4764,True,True,-0.0,0.10483870967741936,0.7903225806451614,0.90625
4102,128,44,621144,4764,True,True,-0.0,0.05040322580645161,0.899193548387097,0.90625
4102,256,44,621144,4764,True,True,-0.0,0.034274193548387094,0.931451612903226,0.96875
4102,512,44,621144,4764,True,True,-0.0,0.02620967741935484,0.9475806451612905,0.96875
4102,1024,44,621144,4764,True,True,-0.0,0.018145161290322582,0.963709677419355,1.0
4102,64,45,621145,4764,True,True,-0.0,0.07258064516129033,0.8548387096774194,0.90625
4102,128,45,621145,4764,True,True,-0.0,0.04233870967741935,0.9153225806451614,0.9375
4102,256,45,621145,4764,True,True,-0.0,0.02217741935483871,0.9556451612903226,0.9375
4102,512,45,621145,4764,True,True,-0.0,0.02217741935483871,0.9556451612903226,0.96875
4102,1024,45,621145,4764,True,True,-0.0,0.020161290322580645,0.9596774193548389,1.0
4102,64,46,621146,4764,True,True,-0.0,0.08064516129032258,0.838709677419355,0.9375
4102,128,46,621146,4764,True,True,-0.0,0.04233870967741935,0.9153225806451614,0.9375
4102,256,46,621146,4764,True,True,-0.0,0.014112903225806451,0.9717741935483872,0.96875
4102,512,46,621146,4764,True,True,-0.0,0.016129032258064516,0.9677419354838711,0.96875
4102,1024,46,621146,4764,True,True,-0.0,0.010080645161290322,0.9798387096774195,0.96875
4102,64,47,621147,4764,True,True,-0.0,0.06451612903225806,0.870967741935484,0.90625
4102,128,47,621147,4764,True,True,-0.0,0.04435483870967742,0.9112903225806452,0.9375
4102,256,47,621147,4764,True,True,-0.0,0.02620967741935484,0.9475806451612905,0.96875
4102,512,47,621147,4764,True,True,-0.0,0.012096774193548387,0.9758064516129032,1.0
4102,1024,47,621147,4764,True,True,-0.0,0.018145161290322582,0.963709677419355,1.0
4102,64,48,621148,4764,True,True,-0.0,0.06451612903225806,0.870967741935484,0.90625
4102,128,48,621148,4764,True,True,-0.0,0.03225806451612903,0.935483870967742,0.9375
4102,256,48,621148,4764,True,True,-0.0,0.02217741935483871,0.9556451612903226,0.9375
4102,512,48,621148,4764,True,True,-0.0,0.016129032258064516,0.9677419354838711,0.96875
4102,1024,48,621148,4764,True,True,-0.0,0.018145161290322582,0.963709677419355,0.96875
4102,64,49,621149,4764,True,True,-0.0,0.09879032258064516,0.8024193548387097,0.96875
4102,128,49,621149,4764,True,True,-0.0,0.04838709677419355,0.903225806451613,0.96875
4102,256,49,621149,4764,True,True,-0.0,0.03024193548387097,0.9395161290322582,0.96875
4102,512,49,621149,4764,True,True,-0.0,0.006048387096774193,0.9879032258064518,0.96875
4102,1024,49,621149,4764,True,True,-0.0,0.006048387096774193,0.9879032258064518,1.0
4102,64,50,621150,4764,True,True,-0.0,0.07661290322580645,0.8467741935483872,0.875
4102,128,50,621150,4764,True,True,-0.0,0.046370967741935484,0.9072580645161292,0.96875
4102,256,50,621150,4764,True,True,-0.0,0.02217741935483871,0.9556451612903226,0.96875
4102,512,50,621150,4764,True,True,-0.0,0.018145161290322582,0.963709677419355,0.96875
4102,1024,50,621150,4764,True,True,-0.0,0.008064516129032258,0.9838709677419356,1.0
4102,64,51,621151,4764,True,True,-0.0,0.09274193548387097,0.8145161290322581,0.9375
4102,128,51,621151,4764,True,True,-0.0,0.04233870967741935,0.9153225806451614,0.9375
4102,256,51,621151,4764,True,True,-0.0,0.028225806451612902,0.9435483870967742,0.96875
4102,512,51,621151,4764,True,True,-0.0,0.012096774193548387,0.9758064516129032,0.96875
4102,1024,51,621151,4764,True,True,-0.0,0.006048387096774193,0.9879032258064518,0.96875
4102,64,52,621152,4764,True,True,-0.0,0.06451612903225806,0.870967741935484,0.9375
4102,128,52,621152,4764,True,True,-0.0,0.034274193548387094,0.931451612903226,0.9375
4102,256,52,621152,4764,True,True,-0.0,0.024193548387096774,0.9516129032258066,0.90625
4102,512,52,621152,4764,True,True,-0.0,0.020161290322580645,0.9596774193548389,0.9375
4102,1024,52,621152,4764,True,True,-0.0,0.014112903225806451,0.9717741935483872,0.96875
4102,64,53,621153,4764,True,True,-0.0,0.0907258064516129,0.8185483870967744,0.875
4102,128,53,621153,4764,True,True,-0.0,0.038306451612903226,0.9233870967741936,0.9375
4102,256,53,621153,4764,True,True,-0.0,0.02620967741935484,0.9475806451612905,0.96875
4102,512,53,621153,4764,True,True,-0.0,0.016129032258064516,0.9677419354838711,0.96875
4102,1024,53,621153,4764,True,True,-0.0,0.02217741935483871,0.9556451612903226,1.0
4102,64,54,621154,4764,True,True,-0.0,0.10887096774193548,0.7822580645161291,0.875
4102,128,54,621154,4764,True,True,-0.0,0.056451612903225805,0.8870967741935486,0.96875
4102,256,54,621154,4764,True,True,-0.0,0.03024193548387097,0.9395161290322582,0.96875
4102,512,54,621154,4764,True,True,-0.0,0.018145161290322582,0.963709677419355,1.0
4102,1024,54,621154,4764,True,True,-0.0,0.014112903225806451,0.9717741935483872,1.0
4102,64,55,621155,4764,True,True,-0.0,0.07661290322580645,0.8467741935483872,0.9375
4102,128,55,621155,4764,True,True,-0.0,0.07661290322580645,0.8467741935483872,0.90625
4102,256,55,621155,4764,True,True,-0.0,0.038306451612903226,0.9233870967741936,1.0
4102,512,55,621155,4764,True,True,-0.0,0.024193548387096774,0.9516129032258066,1.0
4102,1024,55,621155,4764,True,True,-0.0,0.016129032258064516,0.9677419354838711,1.0
4102,64,56,621156,4764,True,True,-0.0,0.11491935483870967,0.7701612903225807,0.875
4102,128,56,621156,4764,True,True,-0.0,0.04838709677419355,0.903225806451613,0.90625
4102,256,56,621156,4764,True,True,-0.0,0.03225806451612903,0.935483870967742,0.96875
4102,512,56,621156,4764,True,True,-0.0,0.028225806451612902,0.9435483870967742,0.96875
4102,1024,56,621156,4764,True,True,-0.0,0.020161290322580645,0.9596774193548389,0.96875
4102,64,57,621157,4764,True,True,-0.0,0.07056451612903226,0.8588709677419356,0.90625
4102,128,57,621157,4764,True,True,-0.0,0.056451612903225805,0.8870967741935486,0.90625
4102,256,57,621157,4764,True,True,-0.0,0.028225806451612902,0.9435483870967742,0.9375
4102,512,57,621157,4764,True,True,-0.0,0.028225806451612902,0.9435483870967742,1.0
4102,1024,57,621157,4764,True,True,-0.0,0.018145161290322582,0.963709677419355,1.0
4102,64,58,621158,4764,True,True,-0.0,0.1028225806451613,0.7943548387096775,0.875
4102,128,58,621158,4764,True,True,-0.0,0.03225806451612903,0.935483870967742,0.9375
4102,256,58,621158,4764,True,True,-0.0,0.028225806451612902,0.9435483870967742,0.96875
4102,512,58,621158,4764,True,True,-0.0,0.020161290322580645,0.9596774193548389,0.96875
4102,1024,58,621158,4764,True,True,-0.0,0.016129032258064516,0.9677419354838711,1.0
4102,64,59,621159,4764,True,True,-0.0,0.07661290322580645,0.8467741935483872,0.90625
4102,128,59,621159,4764,True,True,-0.0,0.056451612903225805,0.8870967741935486,0.96875
4102,256,59,621159,4764,True,True,-0.0,0.036290322580645164,0.9274193548387099,0.96875
4102,512,59,621159,4764,True,True,-0.0,0.018145161290322582,0.963709677419355,0.96875
4102,1024,59,621159,4764,True,True,-0.0,0.012096774193548387,0.9758064516129032,1.0
4102,64,60,621160,4764,True,True,-0.0,0.11088709677419355,0.7782258064516131,0.90625
4102,128,60,621160,4764,True,True,-0.0,0.05443548387096774,0.8911290322580646,0.9375
4102,256,60,621160,4764,True,True,-0.0,0.038306451612903226,0.9233870967741936,0.96875
4102,512,60,621160,4764,True,True,-0.0,0.020161290322580645,0.9596774193548389,1.0
4102,1024,60,621160,4764,True,True,-0.0,0.014112903225806451,0.9717741935483872,1.0
4102,64,61,621161,4764,True,True,-0.0,0.06653225806451613,0.866935483870968,0.9375
4102,128,61,621161,4764,True,True,-0.0,0.05040322580645161,0.899193548387097,0.9375
4102,256,61,621161,4764,True,True,-0.0,0.028225806451612902,0.9435483870967742,0.96875
4102,512,61,621161,4764,True,True,-0.0,0.020161290322580645,0.9596774193548389,0.9375
4102,1024,61,621161,4764,True,True,-0.0,0.012096774193548387,0.9758064516129032,0.96875
4102,64,62,621162,4764,True,True,-0.0,0.08669354838709678,0.8266129032258066,0.9375
4102,128,62,621162,4764,True,True,-0.0,0.04435483870967742,0.9112903225806452,0.96875
4102,256,62,621162,4764,True,True,-0.0,0.02620967741935484,0.9475806451612905,0.9375
4102,512,62,621162,4764,True,True,-0.0,0.010080645161290322,0.9798387096774195,0.96875
4102,1024,62,621162,4764,True,True,-0.0,0.012096774193548387,0.9758064516129032,1.0
4102,64,63,621163,4764,True,True,-0.0,0.10483870967741936,0.7903225806451614,0.90625
4102,128,63,621163,4764,True,True,-0.0,0.04032258064516129,0.9193548387096776,0.9375
4102,256,63,621163,4764,True,True,-0.0,0.038306451612903226,0.9233870967741936,0.9375
4102,512,63,621163,4764,True,True,-0.0,0.018145161290322582,0.963709677419355,1.0
4102,1024,63,621163,4764,True,True,-0.0,0.008064516129032258,0.9838709677419356,0.96875
4103,64,0,622100,15676,True,True,-0.0,0.1532258064516129,0.6935483870967744,0.90625
4103,128,0,622100,15676,True,True,-0.0,0.10080645161290322,0.7983870967741937,0.9375
4103,256,0,622100,15676,True,True,-0.0,0.06854838709677419,0.8629032258064517,0.96875
4103,512,0,622100,15676,True,True,-0.0,0.03225806451612903,0.935483870967742,0.96875
4103,1024,0,622100,15676,True,True,-0.0,0.02217741935483871,0.9556451612903226,0.96875
4103,64,1,622101,15676,True,True,-0.0,0.18346774193548387,0.6330645161290324,0.90625
4103,128,1,622101,15676,True,True,-0.0,0.0967741935483871,0.806451612903226,0.9375
4103,256,1,622101,15676,True,True,-0.0,0.07056451612903226,0.8588709677419356,0.9375
4103,512,1,622101,15676,True,True,-0.0,0.038306451612903226,0.9233870967741936,0.9375
4103,1024,1,622101,15676,True,True,-0.0,0.024193548387096774,0.9516129032258066,0.96875
4103,64,2,622102,15676,True,True,-0.0,0.21169354838709678,0.5766129032258065,0.90625
4103,128,2,622102,15676,True,True,-0.0,0.14516129032258066,0.7096774193548389,0.96875
4103,256,2,622102,15676,True,True,-0.0,0.07661290322580645,0.8467741935483872,1.0
4103,512,2,622102,15676,True,True,-0.0,0.056451612903225805,0.8870967741935486,1.0
4103,1024,2,622102,15676,True,True,-0.0,0.020161290322580645,0.9596774193548389,1.0
4103,64,3,622103,15676,True,True,-0.0,0.1975806451612903,0.6048387096774195,0.9375
4103,128,3,622103,15676,True,True,-0.0,0.11491935483870967,0.7701612903225807,0.9375
4103,256,3,622103,15676,True,True,-0.0,0.06653225806451613,0.866935483870968,0.96875
4103,512,3,622103,15676,True,True,-0.0,0.02217741935483871,0.9556451612903226,0.96875
4103,1024,3,622103,15676,True,True,-0.0,0.018145161290322582,0.963709677419355,1.0
4103,64,4,622104,15676,True,True,-0.0,0.20362903225806453,0.592741935483871,0.90625
4103,128,4,622104,15676,True,True,-0.0,0.1028225806451613,0.7943548387096775,1.0
4103,256,4,622104,15676,True,True,-0.0,0.07258064516129033,0.8548387096774194,0.96875
4103,512,4,622104,15676,True,True,-0.0,0.05040322580645161,0.899193548387097,0.96875
4103,1024,4,622104,15676,True,True,-0.0,0.036290322580645164,0.9274193548387099,1.0
4103,64,5,622105,15676,True,True,-0.0,0.18951612903225806,0.620967741935484,0.9375
4103,128,5,622105,15676,True,True,-0.0,0.11491935483870967,0.7701612903225807,0.9375
4103,256,5,622105,15676,True,True,-0.0,0.04838709677419355,0.903225806451613,0.96875
4103,512,5,622105,15676,True,True,-0.0,0.05040322580645161,0.899193548387097,0.96875
4103,1024,5,622105,15676,True,True,-0.0,0.03024193548387097,0.9395161290322582,0.96875
4103,64,6,622106,15676,True,True,-0.0,0.14717741935483872,0.7056451612903227,0.84375
4103,128,6,622106,15676,True,True,-0.0,0.0907258064516129,0.8185483870967744,0.9375
4103,256,6,622106,15676,True,True,-0.0,0.04838709677419355,0.903225806451613,0.96875
4103,512,6,622106,15676,True,True,-0.0,0.036290322580645164,0.9274193548387099,0.96875
4103,1024,6,622106,15676,True,True,-0.0,0.03225806451612903,0.935483870967742,0.96875
4103,64,7,622107,15676,True,True,-0.0,0.10685483870967742,0.7862903225806454,0.96875
4103,128,7,622107,15676,True,True,-0.0,0.08669354838709678,0.8266129032258066,0.96875
4103,256,7,622107,15676,True,True,-0.0,0.05846774193548387,0.8830645161290324,0.96875
4103,512,7,622107,15676,True,True,-0.0,0.04032258064516129,0.9193548387096776,1.0
4103,1024,7,622107,15676,True,True,-0.0,0.04032258064516129,0.9193548387096776,1.0
4103,64,8,622108,15676,True,True,-0.0,0.18548387096774194,0.6290322580645162,0.96875
4103,128,8,622108,15676,True,True,-0.0,0.10483870967741936,0.7903225806451614,1.0
4103,256,8,622108,15676,True,True,-0.0,0.056451612903225805,0.8870967741935486,1.0
4103,512,8,622108,15676,True,True,-0.0,0.07661290322580645,0.8467741935483872,1.0
4103,1024,8,622108,15676,True,True,-0.0,0.034274193548387094,0.931451612903226,1.0
4103,64,9,622109,15676,True,True,-0.0,0.18346774193548387,0.6330645161290324,0.90625
4103,128,9,622109,15676,True,True,-0.0,0.10887096774193548,0.7822580645161291,0.96875
4103,256,9,622109,15676,True,True,-0.0,0.07862903225806452,0.8427419354838711,1.0
4103,512,9,622109,15676,True,True,-0.0,0.04435483870967742,0.9112903225806452,0.96875
4103,1024,9,622109,15676,True,True,-0.0,0.02217741935483871,0.9556451612903226,0.96875
4103,64,10,622110,15676,True,True,-0.0,0.0967741935483871,0.806451612903226,0.84375
4103,128,10,622110,15676,True,True,-0.0,0.13911290322580644,0.7217741935483872,0.9375
4103,256,10,622110,15676,True,True,-0.0,0.06854838709677419,0.8629032258064517,0.96875
4103,512,10,622110,15676,True,True,-0.0,0.04838709677419355,0.903225806451613,0.96875
4103,1024,10,622110,15676,True,True,-0.0,0.024193548387096774,0.9516129032258066,1.0
4103,64,11,622111,15676,True,True,-0.0,0.11693548387096774,0.7661290322580647,0.90625
4103,128,11,622111,15676,True,True,-0.0,0.14516129032258066,0.7096774193548389,0.9375
4103,256,11,622111,15676,True,True,-0.0,0.07056451612903226,0.8588709677419356,1.0
4103,512,11,622111,15676,True,True,-0.0,0.036290322580645164,0.9274193548387099,1.0
4103,1024,11,622111,15676,True,True,-0.0,0.006048387096774193,0.9879032258064518,0.96875
4103,64,12,622112,15676,True,True,-0.0,0.22782258064516128,0.5443548387096775,0.90625
4103,128,12,622112,15676,True,True,-0.0,0.16532258064516128,0.6693548387096775,0.96875
4103,256,12,622112,15676,True,True,-0.0,0.0625,0.8750000000000001,0.96875
4103,512,12,622112,15676,True,True,-0.0,0.04032258064516129,0.9193548387096776,0.96875
4103,1024,12,622112,15676,True,True,-0.0,0.020161290322580645,0.9596774193548389,1.0
4103,64,13,622113,15676,True,True,-0.0,0.13306451612903225,0.7338709677419355,0.875
4103,128,13,622113,15676,True,True,-0.0,0.16330645161290322,0.6733870967741937,0.9375
4103,256,13,622113,15676,True,True,-0.0,0.07056451612903226,0.8588709677419356,0.96875
4103,512,13,622113,15676,True,True,-0.0,0.038306451612903226,0.9233870967741936,0.96875
4103,1024,13,622113,15676,True,True,-0.0,0.028225806451612902,0.9435483870967742,1.0
4103,64,14,622114,15676,True,True,-0.0,0.14717741935483872,0.7056451612903227,0.90625
4103,128,14,622114,15676,True,True,-0.0,0.1310483870967742,0.7379032258064517,0.96875
4103,256,14,622114,15676,True,True,-0.0,0.06653225806451613,0.866935483870968,1.0
4103,512,14,622114,15676,True,True,-0.0,0.020161290322580645,0.9596774193548389,0.96875
4103,1024,14,622114,15676,True,True,-0.0,0.020161290322580645,0.9596774193548389,1.0
4103,64,15,622115,15676,True,True,-0.0,0.1350806451612903,0.7298387096774195,0.90625
4103,128,15,622115,15676,True,True,-0.0,0.0846774193548387,0.8306451612903227,0.9375
4103,256,15,622115,15676,True,True,-0.0,0.04838709677419355,0.903225806451613,0.9375
4103,512,15,622115,15676,True,True,-0.0,0.04032258064516129,0.9193548387096776,0.96875
4103,1024,15,622115,15676,True,True,-0.0,0.03024193548387097,0.9395161290322582,1.0
4103,64,16,622116,15676,True,True,-0.0,0.20161290322580644,0.5967741935483871,0.90625
4103,128,16,622116,15676,True,True,-0.0,0.14112903225806453,0.717741935483871,0.96875
4103,256,16,622116,15676,True,True,-0.0,0.07862903225806452,0.8427419354838711,1.0
4103,512,16,622116,15676,True,True,-0.0,0.0625,0.8750000000000001,1.0
4103,1024,16,622116,15676,True,True,-0.0,0.034274193548387094,0.931451612903226,1.0
4103,64,17,622117,15676,True,True,-0.0,0.11290322580645161,0.7741935483870969,0.90625
4103,128,17,622117,15676,True,True,-0.0,0.0907258064516129,0.8185483870967744,0.90625
4103,256,17,622117,15676,True,True,-0.0,0.06451612903225806,0.870967741935484,0.96875
4103,512,17,622117,15676,True,True,-0.0,0.04838709677419355,0.903225806451613,1.0
4103,1024,17,622117,15676,True,True,-0.0,0.02217741935483871,0.9556451612903226,1.0
4103,64,18,622118,15676,True,True,-0.0,0.16129032258064516,0.6774193548387097,0.9375
4103,128,18,622118,15676,True,True,-0.0,0.1774193548387097,0.6451612903225807,0.96875
4103,256,18,622118,15676,True,True,-0.0,0.08064516129032258,0.838709677419355,1.0
4103,512,18,622118,15676,True,True,-0.0,0.05040322580645161,0.899193548387097,1.0
4103,1024,18,622118,15676,True,True,-0.0,0.024193548387096774,0.9516129032258066,1.0
4103,64,19,622119,15676,True,True,-0.0,0.17338709677419356,0.653225806451613,0.875
4103,128,19,622119,15676,True,True,-0.0,0.12298387096774194,0.7540322580645162,0.96875
4103,256,19,622119,15676,True,True,-0.0,0.06653225806451613,0.866935483870968,0.96875
4103,512,19,622119,15676,True,True,-0.0,0.04435483870967742,0.9112903225806452,1.0
4103,1024,19,622119,15676,True,True,-0.0,0.020161290322580645,0.9596774193548389,0.96875
4103,64,20,622120,15676,True,True,-0.0,0.21370967741935484,0.5725806451612904,0.9375
4103,128,20,622120,15676,True,True,-0.0,0.07862903225806452,0.8427419354838711,0.96875
4103,256,20,622120,15676,True,True,-0.0,0.05040322580645161,0.899193548387097,0.96875
4103,512,20,622120,15676,True,True,-0.0,0.04032258064516129,0.9193548387096776,0.96875
4103,1024,20,622120,15676,True,True,-0.0,0.02217741935483871,0.9556451612903226,1.0
4103,64,21,622121,15676,True,True,-0.0,0.2056451612903226,0.588709677419355,0.84375
4103,128,21,622121,15676,True,True,-0.0,0.11088709677419355,0.7782258064516131,0.96875
4103,256,21,622121,15676,True,True,-0.0,0.04838709677419355,0.903225806451613,0.96875
4103,512,21,622121,15676,True,True,-0.0,0.04032258064516129,0.9193548387096776,1.0
4103,1024,21,622121,15676,True,True,-0.0,0.024193548387096774,0.9516129032258066,0.96875
4103,64,22,622122,15676,True,True,-0.0,0.12903225806451613,0.7419354838709679,0.90625
4103,128,22,622122,15676,True,True,-0.0,0.0625,0.8750000000000001,0.9375
4103,256,22,622122,15676,True,True,-0.0,0.056451612903225805,0.8870967741935486,0.9375
4103,512,22,622122,15676,True,True,-0.0,0.04233870967741935,0.9153225806451614,0.96875
4103,1024,22,622122,15676,True,True,-0.0,0.034274193548387094,0.931451612903226,0.96875
4103,64,23,622123,15676,True,True,-0.0,0.14717741935483872,0.7056451612903227,0.9375
4103,128,23,622123,15676,True,True,-0.0,0.1028225806451613,0.7943548387096775,0.9375
4103,256,23,622123,15676,True,True,-0.0,0.04838709677419355,0.903225806451613,0.96875
4103,512,23,622123,15676,True,True,-0.0,0.03225806451612903,0.935483870967742,0.96875
4103,1024,23,622123,15676,True,True,-0.0,0.04032258064516129,0.9193548387096776,1.0
4103,64,24,622124,15676,True,True,-0.0,0.0846774193548387,0.8306451612903227,0.84375
4103,128,24,622124,15676,True,True,-0.0,0.0967741935483871,0.806451612903226,0.90625
4103,256,24,622124,15676,True,True,-0.0,0.07056451612903226,0.8588709677419356,0.9375
4103,512,24,622124,15676,True,True,-0.0,0.03024193548387097,0.9395161290322582,0.96875
4103,1024,24,622124,15676,True,True,-0.0,0.018145161290322582,0.963709677419355,0.96875
4103,64,25,622125,15676,True,True,-0.0,0.15524193548387097,0.6895161290322582,0.84375
4103,128,25,622125,15676,True,True,-0.0,0.14112903225806453,0.717741935483871,0.9375
4103,256,25,622125,15676,True,True,-0.0,0.11290322580645161,0.7741935483870969,1.0
4103,512,25,622125,15676,True,True,-0.0,0.038306451612903226,0.9233870967741936,1.0
4103,1024,25,622125,15676,True,True,-0.0,0.02217741935483871,0.9556451612903226,0.96875
4103,64,26,622126,15676,True,True,-0.0,0.20766129032258066,0.5846774193548389,0.90625
4103,128,26,622126,15676,True,True,-0.0,0.125,0.7500000000000001,0.9375
4103,256,26,622126,15676,True,True,-0.0,0.0625,0.8750000000000001,0.96875
4103,512,26,622126,15676,True,True,-0.0,0.04233870967741935,0.9153225806451614,0.96875
4103,1024,26,622126,15676,True,True,-0.0,0.028225806451612902,0.9435483870967742,1.0
4103,64,27,622127,15676,True,True,-0.0,0.17540322580645162,0.6491935483870969,0.9375
4103,128,27,622127,15676,True,True,-0.0,0.11491935483870967,0.7701612903225807,0.96875
4103,256,27,622127,15676,True,True,-0.0,0.06048387096774194,0.8790322580645162,0.96875
4103,512,27,622127,15676,True,True,-0.0,0.03225806451612903,0.935483870967742,0.96875
4103,1024,27,622127,15676,True,True,-0.0,0.024193548387096774,0.9516129032258066,1.0
4103,64,28,622128,15676,True,True,-0.0,0.14112903225806453,0.717741935483871,0.90625
4103,128,28,622128,15676,True,True,-0.0,0.0907258064516129,0.8185483870967744,0.90625
4103,256,28,622128,15676,True,True,-0.0,0.034274193548387094,0.931451612903226,0.96875
4103,512,28,622128,15676,True,True,-0.0,0.018145161290322582,0.963709677419355,0.96875
4103,1024,28,622128,15676,True,True,-0.0,0.02217741935483871,0.9556451612903226,0.96875
4103,64,29,622129,15676,True,True,-0.0,0.19959677419354838,0.6008064516129034,0.96875
4103,128,29,622129,15676,True,True,-0.0,0.11491935483870967,0.7701612903225807,1.0
4103,256,29,622129,15676,True,True,-0.0,0.0625,0.8750000000000001,1.0
4103,512,29,622129,15676,True,True,-0.0,0.028225806451612902,0.9435483870967742,1.0
4103,1024,29,622129,15676,True,True,-0.0,0.014112903225806451,0.9717741935483872,1.0
4103,64,30,622130,15676,True,True,-0.0,0.17943548387096775,0.6411290322580646,0.9375
4103,128,30,622130,15676,True,True,-0.0,0.125,0.7500000000000001,0.9375
4103,256,30,622130,15676,True,True,-0.0,0.0625,0.8750000000000001,1.0
4103,512,30,622130,15676,True,True,-0.0,0.04435483870967742,0.9112903225806452,1.0
4103,1024,30,622130,15676,True,True,-0.0,0.016129032258064516,0.9677419354838711,1.0
4103,64,31,622131,15676,True,True,-0.0,0.13911290322580644,0.7217741935483872,0.875
4103,128,31,622131,15676,True,True,-0.0,0.08669354838709678,0.8266129032258066,0.875
4103,256,31,622131,15676,True,True,-0.0,0.05241935483870968,0.8951612903225807,0.9375
4103,512,31,622131,15676,True,True,-0.0,0.02620967741935484,0.9475806451612905,0.96875
4103,1024,31,622131,15676,True,True,-0.0,0.016129032258064516,0.9677419354838711,1.0
4103,64,32,622132,15676,True,True,-0.0,0.16129032258064516,0.6774193548387097,0.96875
4103,128,32,622132,15676,True,True,-0.0,0.08266129032258064,0.8346774193548387,0.96875
4103,256,32,622132,15676,True,True,-0.0,0.034274193548387094,0.931451612903226,0.96875
4103,512,32,622132,15676,True,True,-0.0,0.038306451612903226,0.9233870967741936,0.96875
4103,1024,32,622132,15676,True,True,-0.0,0.020161290322580645,0.9596774193548389,0.96875
4103,64,33,622133,15676,True,True,-0.0,0.21975806451612903,0.560483870967742,0.9375
4103,128,33,622133,15676,True,True,-0.0,0.13911290322580644,0.7217741935483872,1.0
4103,256,33,622133,15676,True,True,-0.0,0.07258064516129033,0.8548387096774194,0.96875
4103,512,33,622133,15676,True,True,-0.0,0.046370967741935484,0.9072580645161292,0.96875
4103,1024,33,622133,15676,True,True,-0.0,0.03024193548387097,0.9395161290322582,1.0
4103,64,34,622134,15676,True,True,-0.0,0.1350806451612903,0.7298387096774195,0.96875
4103,128,34,622134,15676,True,True,-0.0,0.13306451612903225,0.7338709677419355,1.0
4103,256,34,622134,15676,True,True,-0.0,0.07459677419354839,0.8508064516129034,1.0
4103,512,34,622134,15676,True,True,-0.0,0.056451612903225805,0.8870967741935486,1.0
4103,1024,34,622134,15676,True,True,-0.0,0.04233870967741935,0.9153225806451614,1.0
4103,64,35,622135,15676,True,True,-0.0,0.19959677419354838,0.6008064516129034,0.90625
4103,128,35,622135,15676,True,True,-0.0,0.09475806451612903,0.8104838709677421,0.875
4103,256,35,622135,15676,True,True,-0.0,0.05241935483870968,0.8951612903225807,0.96875
4103,512,35,622135,15676,True,True,-0.0,0.04838709677419355,0.903225806451613,0.96875
4103,1024,35,622135,15676,True,True,-0.0,0.028225806451612902,0.9435483870967742,0.96875
4103,64,36,622136,15676,True,True,-0.0,0.17137096774193547,0.6572580645161291,0.90625
4103,128,36,622136,15676,True,True,-0.0,0.13911290322580644,0.7217741935483872,0.9375
4103,256,36,622136,15676,True,True,-0.0,0.04032258064516129,0.9193548387096776,0.96875
4103,512,36,622136,15676,True,True,-0.0,0.036290322580645164,0.9274193548387099,0.96875
4103,1024,36,622136,15676,True,True,-0.0,0.03225806451612903,0.935483870967742,0.96875
4103,64,37,622137,15676,True,True,-0.0,0.1028225806451613,0.7943548387096775,0.9375
4103,128,37,622137,15676,True,True,-0.0,0.0967741935483871,0.806451612903226,0.96875
4103,256,37,622137,15676,True,True,-0.0,0.05846774193548387,0.8830645161290324,1.0
4103,512,37,622137,15676,True,True,-0.0,0.04032258064516129,0.9193548387096776,0.96875
4103,1024,37,622137,15676,True,True,-0.0,0.024193548387096774,0.9516129032258066,1.0
4103,64,38,622138,15676,True,True,-0.0,0.2540322580645161,0.4919354838709678,0.9375
4103,128,38,622138,15676,True,True,-0.0,0.11895161290322581,0.7620967741935485,0.96875
4103,256,38,622138,15676,True,True,-0.0,0.07459677419354839,0.8508064516129034,0.96875
4103,512,38,622138,15676,True,True,-0.0,0.04032258064516129,0.9193548387096776,1.0
4103,1024,38,622138,15676,True,True,-0.0,0.02620967741935484,0.9475806451612905,0.96875
4103,64,39,622139,15676,True,True,-0.0,0.20967741935483872,0.5806451612903226,0.8125
4103,128,39,622139,15676,True,True,-0.0,0.1028225806451613,0.7943548387096775,0.90625
4103,256,39,622139,15676,True,True,-0.0,0.0625,0.8750000000000001,0.9375
4103,512,39,622139,15676,True,True,-0.0,0.04233870967741935,0.9153225806451614,0.96875
4103,1024,39,622139,15676,True,True,-0.0,0.03024193548387097,0.9395161290322582,1.0
4103,64,40,622140,15676,True,True,-0.0,0.21169354838709678,0.5766129032258065,0.90625
4103,128,40,622140,15676,True,True,-0.0,0.11290322580645161,0.7741935483870969,0.96875
4103,256,40,622140,15676,True,True,-0.0,0.06451612903225806,0.870967741935484,1.0
4103,512,40,622140,15676,True,True,-0.0,0.05241935483870968,0.8951612903225807,1.0
4103,1024,40,622140,15676,True,True,-0.0,0.02620967741935484,0.9475806451612905,1.0
4103,64,41,622141,15676,True,True,-0.0,0.13709677419354838,0.7258064516129034,0.90625
4103,128,41,622141,15676,True,True,-0.0,0.07661290322580645,0.8467741935483872,0.96875
4103,256,41,622141,15676,True,True,-0.0,0.05241935483870968,0.8951612903225807,0.96875
4103,512,41,622141,15676,True,True,-0.0,0.04233870967741935,0.9153225806451614,0.96875
4103,1024,41,622141,15676,True,True,-0.0,0.03024193548387097,0.9395161290322582,1.0
4103,64,42,622142,15676,True,True,-0.0,0.12903225806451613,0.7419354838709679,0.875
4103,128,42,622142,15676,True,True,-0.0,0.10080645161290322,0.7983870967741937,0.9375
4103,256,42,622142,15676,True,True,-0.0,0.04435483870967742,0.9112903225806452,0.9375
4103,512,42,622142,15676,True,True,-0.0,0.03024193548387097,0.9395161290322582,0.96875
4103,1024,42,622142,15676,True,True,-0.0,0.02620967741935484,0.9475806451612905,1.0
4103,64,43,622143,15676,True,True,-0.0,0.16129032258064516,0.6774193548387097,0.90625
4103,128,43,622143,15676,True,True,-0.0,0.09475806451612903,0.8104838709677421,0.9375
4103,256,43,622143,15676,True,True,-0.0,0.06653225806451613,0.866935483870968,0.96875
4103,512,43,622143,15676,True,True,-0.0,0.04838709677419355,0.903225806451613,0.96875
4103,1024,43,622143,15676,True,True,-0.0,0.024193548387096774,0.9516129032258066,0.96875
4103,64,44,622144,15676,True,True,-0.0,0.19556451612903225,0.6088709677419356,0.90625
4103,128,44,622144,15676,True,True,-0.0,0.09274193548387097,0.8145161290322581,0.9375
4103,256,44,622144,15676,True,True,-0.0,0.056451612903225805,0.8870967741935486,0.96875
4103,512,44,622144,15676,True,True,-0.0,0.024193548387096774,0.9516129032258066,0.96875
4103,1024,44,622144,15676,True,True,-0.0,0.02217741935483871,0.9556451612903226,0.96875
4103,64,45,622145,15676,True,True,-0.0,0.17137096774193547,0.6572580645161291,0.90625
4103,128,45,622145,15676,True,True,-0.0,0.08266129032258064,0.8346774193548387,0.9375
4103,256,45,622145,15676,True,True,-0.0,0.056451612903225805,0.8870967741935486,0.96875
4103,512,45,622145,15676,True,True,-0.0,0.04435483870967742,0.9112903225806452,1.0
4103,1024,45,622145,15676,True,True,-0.0,0.016129032258064516,0.9677419354838711,0.96875
4103,64,46,622146,15676,True,True,-0.0,0.20362903225806453,0.592741935483871,0.90625
4103,128,46,622146,15676,True,True,-0.0,0.08870967741935484,0.8225806451612904,0.90625
4103,256,46,622146,15676,True,True,-0.0,0.06048387096774194,0.8790322580645162,0.96875
4103,512,46,622146,15676,True,True,-0.0,0.034274193548387094,0.931451612903226,0.96875
4103,1024,46,622146,15676,True,True,-0.0,0.024193548387096774,0.9516129032258066,1.0
4103,64,47,622147,15676,True,True,-0.0,0.16129032258064516,0.6774193548387097,0.9375
4103,128,47,622147,15676,True,True,-0.0,0.08669354838709678,0.8266129032258066,0.9375
4103,256,47,622147,15676,True,True,-0.0,0.034274193548387094,0.931451612903226,0.96875
4103,512,47,622147,15676,True,True,-0.0,0.034274193548387094,0.931451612903226,0.96875
4103,1024,47,622147,15676,True,True,-0.0,0.02620967741935484,0.9475806451612905,1.0
4103,64,48,622148,15676,True,True,-0.0,0.19556451612903225,0.6088709677419356,0.875
4103,128,48,622148,15676,True,True,-0.0,0.08669354838709678,0.8266129032258066,0.96875
4103,256,48,622148,15676,True,True,-0.0,0.06854838709677419,0.8629032258064517,0.96875
4103,512,48,622148,15676,True,True,-0.0,0.038306451612903226,0.9233870967741936,0.96875
4103,1024,48,622148,15676,True,True,-0.0,0.02620967741935484,0.9475806451612905,1.0
4103,64,49,622149,15676,True,True,-0.0,0.15120967741935484,0.6975806451612904,0.875
4103,128,49,622149,15676,True,True,-0.0,0.07056451612903226,0.8588709677419356,0.9375
4103,256,49,622149,15676,True,True,-0.0,0.04838709677419355,0.903225806451613,1.0
4103,512,49,622149,15676,True,True,-0.0,0.04032258064516129,0.9193548387096776,1.0
4103,1024,49,622149,15676,True,True,-0.0,0.02217741935483871,0.9556451612903226,1.0
4103,64,50,622150,15676,True,True,-0.0,0.2399193548387097,0.5201612903225807,0.875
4103,128,50,622150,15676,True,True,-0.0,0.14717741935483872,0.7056451612903227,0.96875
4103,256,50,622150,15676,True,True,-0.0,0.06048387096774194,0.8790322580645162,0.96875
4103,512,50,622150,15676,True,True,-0.0,0.04435483870967742,0.9112903225806452,0.96875
4103,1024,50,622150,15676,True,True,-0.0,0.036290322580645164,0.9274193548387099,1.0
4103,64,51,622151,15676,True,True,-0.0,0.18346774193548387,0.6330645161290324,0.875
4103,128,51,622151,15676,True,True,-0.0,0.07862903225806452,0.8427419354838711,0.90625
4103,256,51,622151,15676,True,True,-0.0,0.04838709677419355,0.903225806451613,0.96875
4103,512,51,622151,15676,True,True,-0.0,0.04233870967741935,0.9153225806451614,0.96875
4103,1024,51,622151,15676,True,True,-0.0,0.018145161290322582,0.963709677419355,0.96875
4103,64,52,622152,15676,True,True,-0.0,0.20967741935483872,0.5806451612903226,0.90625
4103,128,52,622152,15676,True,True,-0.0,0.10685483870967742,0.7862903225806454,0.90625
4103,256,52,622152,15676,True,True,-0.0,0.06451612903225806,0.870967741935484,0.96875
4103,512,52,622152,15676,True,True,-0.0,0.05040322580645161,0.899193548387097,0.96875
4103,1024,52,622152,15676,True,True,-0.0,0.038306451612903226,0.9233870967741936,0.96875
4103,64,53,622153,15676,True,True,-0.0,0.14516129032258066,0.7096774193548389,0.90625
4103,128,53,622153,15676,True,True,-0.0,0.09879032258064516,0.8024193548387097,0.96875
4103,256,53,622153,15676,True,True,-0.0,0.07056451612903226,0.8588709677419356,0.96875
4103,512,53,622153,15676,True,True,-0.0,0.034274193548387094,0.931451612903226,1.0
4103,1024,53,622153,15676,True,True,-0.0,0.020161290322580645,0.9596774193548389,0.96875
4103,64,54,622154,15676,True,True,-0.0,0.09274193548387097,0.8145161290322581,0.875
4103,128,54,622154,15676,True,True,-0.0,0.09274193548387097,0.8145161290322581,0.90625
4103,256,54,622154,15676,True,True,-0.0,0.07056451612903226,0.8588709677419356,0.9375
4103,512,54,622154,15676,True,True,-0.0,0.04032258064516129,0.9193548387096776,0.96875
4103,1024,54,622154,15676,True,True,-0.0,0.014112903225806451,0.9717741935483872,1.0
4103,64,55,622155,15676,True,True,-0.0,0.25201612903225806,0.49596774193548393,0.875
4103,128,55,622155,15676,True,True,-0.0,0.1532258064516129,0.6935483870967744,0.96875
4103,256,55,622155,15676,True,True,-0.0,0.07459677419354839,0.8508064516129034,0.96875
4103,512,55,622155,15676,True,True,-0.0,0.04233870967741935,0.9153225806451614,1.0
4103,1024,55,622155,15676,True,True,-0.0,0.03024193548387097,0.9395161290322582,0.96875
4103,64,56,622156,15676,True,True,-0.0,0.16733870967741934,0.6653225806451614,0.96875
4103,128,56,622156,15676,True,True,-0.0,0.1310483870967742,0.7379032258064517,1.0
4103,256,56,622156,15676,True,True,-0.0,0.05846774193548387,0.8830645161290324,1.0
4103,512,56,622156,15676,True,True,-0.0,0.05443548387096774,0.8911290322580646,0.96875
4103,1024,56,622156,15676,True,True,-0.0,0.03225806451612903,0.935483870967742,1.0
4103,64,57,622157,15676,True,True,-0.0,0.1310483870967742,0.7379032258064517,0.90625
4103,128,57,622157,15676,True,True,-0.0,0.1028225806451613,0.7943548387096775,0.96875
4103,256,57,622157,15676,True,True,-0.0,0.08870967741935484,0.8225806451612904,0.96875
4103,512,57,622157,15676,True,True,-0.0,0.028225806451612902,0.9435483870967742,0.96875
4103,1024,57,622157,15676,True,True,-0.0,0.020161290322580645,0.9596774193548389,0.96875
4103,64,58,622158,15676,True,True,-0.0,0.12903225806451613,0.7419354838709679,0.90625
4103,128,58,622158,15676,True,True,-0.0,0.12298387096774194,0.7540322580645162,0.96875
4103,256,58,622158,15676,True,True,-0.0,0.08064516129032258,0.838709677419355,1.0
4103,512,58,622158,15676,True,True,-0.0,0.04838709677419355,0.903225806451613,1.0
4103,1024,58,622158,15676,True,True,-0.0,0.03024193548387097,0.9395161290322582,1.0
4103,64,59,622159,15676,True,True,-0.0,0.2056451612903226,0.588709677419355,0.96875
4103,128,59,622159,15676,True,True,-0.0,0.11491935483870967,0.7701612903225807,0.96875
4103,256,59,622159,15676,True,True,-0.0,0.07661290322580645,0.8467741935483872,0.96875
4103,512,59,622159,15676,True,True,-0.0,0.04233870967741935,0.9153225806451614,0.96875
4103,1024,59,622159,15676,True,True,-0.0,0.020161290322580645,0.9596774193548389,0.96875
4103,64,60,622160,15676,True,True,-0.0,0.16532258064516128,0.6693548387096775,0.8125
4103,128,60,622160,15676,True,True,-0.0,0.10483870967741936,0.7903225806451614,0.96875
4103,256,60,622160,15676,True,True,-0.0,0.06653225806451613,0.866935483870968,1.0
4103,512,60,622160,15676,True,True,-0.0,0.05443548387096774,0.8911290322580646,1.0
4103,1024,60,622160,15676,True,True,-0.0,0.03024193548387097,0.9395161290322582,1.0
4103,64,61,622161,15676,True,True,-0.0,0.14112903225806453,0.717741935483871,0.875
4103,128,61,622161,15676,True,True,-0.0,0.056451612903225805,0.8870967741935486,0.9375
4103,256,61,622161,15676,True,True,-0.0,0.07459677419354839,0.8508064516129034,0.96875
4103,512,61,622161,15676,True,True,-0.0,0.04838709677419355,0.903225806451613,0.96875
4103,1024,61,622161,15676,True,True,-0.0,0.018145161290322582,0.963709677419355,0.96875
4103,64,62,622162,15676,True,True,-0.0,0.2600806451612903,0.47983870967741943,0.84375
4103,128,62,622162,15676,True,True,-0.0,0.15524193548387097,0.6895161290322582,0.90625
4103,256,62,622162,15676,True,True,-0.0,0.0907258064516129,0.8185483870967744,0.96875
4103,512,62,622162,15676,True,True,-0.0,0.06048387096774194,0.8790322580645162,0.96875
4103,1024,62,622162,15676,True,True,-0.0,0.036290322580645164,0.9274193548387099,1.0
4103,64,63,622163,15676,True,True,-0.0,0.2399193548387097,0.5201612903225807,0.9375
4103,128,63,622163,15676,True,True,-0.0,0.09274193548387097,0.8145161290322581,1.0
4103,256,63,622163,15676,True,True,-0.0,0.06451612903225806,0.870967741935484,0.96875
4103,512,63,622163,15676,True,True,-0.0,0.03024193548387097,0.9395161290322582,0.96875
4103,1024,63,622163,15676,True,True,-0.0,0.020161290322580645,0.9596774193548389,0.96875
