absolute_decision_regret,approximate_index,budget,count,exact_index_agreement,max_absolute_error,method,normalized_decision_regret,normalized_max_error,regret_bound_pass,regret_bound_slack,repetition,retained,rmse,seed,spearman,teacher_index,top5_overlap,twice_delta
0.007026225850658208,253,4,8,False,0.12234499106188533,random_equal,0.023453276384853363,0.40838295703347055,True,0.23766375627311245,0,4,0.03780066851747077,0,0.9139820325017165,91,0.5384615384615384,0.24468998212377066
0.004247256989794002,131,4,8,False,0.2080840837096249,random_equal,0.014177183338023145,0.694576808411819,True,0.4119209104294558,1,4,0.0613287352138711,0,0.967715009155413,91,0.9230769230769231,0.4161681674192498
0.007026225850658208,253,4,8,False,0.14326896555250238,random_equal,0.023453276384853363,0.478226393215086,True,0.27951170525434654,2,4,0.0392698416302339,0,0.9320460917830166,91,0.6923076923076923,0.28653793110500475
0.0,91,4,8,True,0.1914765952780093,random_equal,0.0,0.6391416395852366,True,0.3829531905560186,3,4,0.04487423004003236,0,0.9738384069581137,91,0.8461538461538461,0.3829531905560186
0.021980055181568814,71,4,8,False,0.09418276548183051,random_equal,0.07336859362119279,0.31437851223189356,True,0.1663854757820922,4,4,0.03659900761076242,0,0.9593549725337605,91,0.6923076923076923,0.18836553096366102
0.03786248117404062,192,4,8,False,0.14612572406998486,random_equal,0.12638353142432723,0.4877621451962188,True,0.2543889669659291,5,4,0.034403242106538966,0,0.923833400091554,91,0.5384615384615384,0.2922514481399697
0.007026225850658208,253,4,8,False,0.16359535869001204,random_equal,0.023453276384853363,0.5460751254212308,True,0.3201644915293659,6,4,0.05094354903981693,0,0.9173380636301212,91,0.6923076923076923,0.3271907173800241
0.0804819845182192,111,4,8,False,0.13683504528236623,random_equal,0.2686458230958317,0.4567502104761725,True,0.19318810604651326,7,4,0.050241643470843735,0,0.8890349622339208,91,0.5384615384615384,0.27367009056473246
0.004247256989794002,131,4,8,False,0.3886748438184142,random_equal,0.014177183338023145,1.2973819415524532,True,0.7731024306470344,8,4,0.11893198789812631,0,0.9351203078507666,91,0.8461538461538461,0.7773496876368284
0.03786248117404062,192,4,8,False,0.1872271064233865,random_equal,0.12638353142432723,0.6249570063667519,True,0.3365917316727324,9,4,0.04601755176040717,0,0.907262817578393,91,0.23076923076923078,0.374454212846773
0.0804819845182192,111,4,8,False,0.09782112312889168,random_equal,0.2686458230958317,0.32652321257275674,True,0.11516026173956417,10,4,0.03096530627344709,0,0.9226131551842524,91,0.6153846153846154,0.19564224625778337
0.007026225850658208,253,4,8,False,0.20117676592552536,random_equal,0.023453276384853363,0.6715204426598808,True,0.3953273060003925,11,4,0.04983957627477409,0,0.9036993591210803,91,0.6923076923076923,0.4023535318510507
0.007026225850658208,253,4,8,False,0.20621601693090943,random_equal,0.023453276384853363,0.6883412720943418,True,0.40540580801116066,12,4,0.07531120620496894,0,0.9446254863813228,91,0.6923076923076923,0.41243203386181887
0.0,91,4,8,True,0.10605738068512727,random_equal,0.0,0.3540155290665589,True,0.21211476137025453,13,4,0.03349417828245543,0,0.9257052529182876,91,0.6923076923076923,0.21211476137025453
0.0804819845182192,111,4,8,False,0.15641018713211563,random_equal,0.2686458230958317,0.5220912942718029,True,0.23233838974601206,14,4,0.04473021644013577,0,0.8593463893339435,91,0.46153846153846156,0.31282037426423126
0.0,91,4,8,True,0.13734064244453223,random_equal,0.0,0.4584378746981482,True,0.27468128488906446,15,4,0.04576391416291392,0,0.9273274776836803,91,0.5384615384615384,0.27468128488906446
0.0,91,4,8,True,0.13914084983713917,random_equal,0.0,0.4644468989490427,True,0.27828169967427835,16,4,0.03506585582921562,0,0.9384477283131148,91,0.5384615384615384,0.27828169967427835
0.007026225850658208,253,4,8,False,0.09557399905537481,random_equal,0.023453276384853363,0.3190223973289211,True,0.1841217722600914,17,4,0.0213209453655591,0,0.9668838693064773,91,0.6153846153846154,0.19114799811074962
0.007026225850658208,253,4,8,False,0.08963606776583946,random_equal,0.023453276384853363,0.29920180706498944,True,0.17224590968102071,18,4,0.025816767146370004,0,0.9262746051728082,91,0.7692307692307693,0.17927213553167892
0.007026225850658208,253,4,8,False,0.23788518793252697,random_equal,0.023453276384853363,0.7940517681938288,True,0.46874415001439573,19,4,0.07996551220032695,0,0.9189652952620736,91,0.8461538461538461,0.47577037586505394
0.0,91,4,8,True,0.11824268134514238,random_equal,0.0,0.39468960221567334,True,0.23648536269028475,20,4,0.03890530500522605,0,0.9647523746852824,91,0.6923076923076923,0.23648536269028475
0.03786248117404062,192,4,8,False,0.14365514874331753,random_equal,0.12638353142432723,0.4795154581130673,True,0.24944781631259444,21,4,0.03598959196022748,0,0.9531457427328907,91,0.38461538461538464,0.28731029748663506
0.007026225850658208,253,4,8,False,0.162630330266189,random_equal,0.023453276384853363,0.5428538970086769,True,0.3182344346817198,22,4,0.05851912703456073,0,0.9258876459143967,91,0.8461538461538461,0.325260660532378
0.007026225850658208,253,4,8,False,0.12379911023146006,random_equal,0.023453276384853363,0.41323675187374814,True,0.24057199461226192,23,4,0.029716211246793692,0,0.9366481174181732,91,0.8461538461538461,0.24759822046292013
0.03786248117404062,192,4,8,False,0.18459271646020065,random_equal,0.12638353142432723,0.6161635122170736,True,0.33132295174636067,24,4,0.054653032522766744,0,0.9277037079423207,91,0.3076923076923077,0.3691854329204013
0.0,91,4,8,True,0.10678973043045031,random_equal,0.0,0.356460084842663,True,0.21357946086090063,25,4,0.028345805388574317,0,0.9511015106431675,91,0.5384615384615384,0.21357946086090063
0.004247256989794002,131,4,8,False,0.12028699610649504,random_equal,0.014177183338023145,0.40151344763919444,True,0.23632673522319608,26,4,0.03261154634860185,0,0.9665026321812771,91,1.0,0.24057399221299008
0.0,91,4,8,True,0.1316425220200182,random_equal,0.0,0.43941776403976585,True,0.2632850440400364,27,4,0.028865063889938133,0,0.9686784733348591,91,0.7692307692307693,0.2632850440400364
0.0,91,4,8,True,0.15202584480998263,random_equal,0.0,0.5074565252745663,True,0.30405168961996526,28,4,0.04697735555696489,0,0.8743770027466239,91,0.5384615384615384,0.30405168961996526
0.004247256989794002,131,4,8,False,0.29255514413523487,random_equal,0.014177183338023145,0.9765380161486712,True,0.5808630312806757,29,4,0.1014169927830247,0,0.8650291828793774,91,0.8461538461538461,0.5851102882704697
0.0,91,4,8,True,0.08981270973738087,random_equal,0.0,0.29979143129110764,True,0.17962541947476174,30,4,0.02380113514083902,0,0.9253383211261156,91,0.8461538461538461,0.17962541947476174
0.03786248117404062,192,4,8,False,0.20437369463993266,random_equal,0.12638353142432723,0.6821916699041123,True,0.3708849081058247,31,4,0.053408216847449425,0,0.8798244735637444,91,0.23076923076923078,0.4087473892798653
0.007026225850658208,253,4,8,False,0.12295042061331468,posterior_medoid,0.023453276384853363,0.4104038579983748,True,0.23887461537597116,0,4,0.024943877130965256,0,0.9640886072327763,91,0.6923076923076923,0.24590084122662936
0.0,91,4,8,True,0.07280454001362399,acquisition_fw,0.0,0.24301880345216664,True,0.14560908002724798,0,4,0.019366741053079173,0,0.9657179846646828,91,0.8461538461538461,0.14560908002724798
0.0,91,8,8,True,0.18514059094495638,random_equal,0.0,0.6179922965442927,True,0.37028118188991277,0,8,0.05279917316623926,0,0.9303859578850995,91,0.9230769230769231,0.37028118188991277
0.0,91,8,8,True,0.1735451303050451,random_equal,0.0,0.5792870870936098,True,0.3470902606100902,1,8,0.036830780037807466,0,0.9521715495536734,91,0.6923076923076923,0.3470902606100902
0.0,91,8,8,True,0.09989274200663012,random_equal,0.0,0.3334381981050148,True,0.19978548401326024,2,8,0.02120764423100167,0,0.983452306019684,91,0.9230769230769231,0.19978548401326024
0.0,91,8,8,True,0.10583188060766541,random_equal,0.0,0.3532628183291118,True,0.21166376121533081,3,8,0.024057454660701586,0,0.9817578393224994,91,0.9230769230769231,0.21166376121533081
0.0,91,8,8,True,0.05617685742934203,random_equal,0.0,0.18751622730707368,True,0.11235371485868406,4,8,0.016807437677582974,0,0.9883146887159533,91,0.8461538461538461,0.11235371485868406
0.0,91,8,8,True,0.0677793084448167,random_equal,0.0,0.2262447703672371,True,0.1355586168896334,5,8,0.022249520487993838,0,0.9759484435797663,91,0.9230769230769231,0.1355586168896334
0.007026225850658208,253,8,8,False,0.11622727186618392,random_equal,0.023453276384853363,0.38796224153252107,True,0.22542831788170964,6,8,0.02309764919290356,0,0.9704158560311282,91,0.6923076923076923,0.23245454373236785
0.0,91,8,8,True,0.1308612504210307,random_equal,0.0,0.4368099089647723,True,0.2617225008420614,7,8,0.029937679340235553,0,0.9618605516136414,91,0.7692307692307693,0.2617225008420614
0.0,91,8,8,True,0.08799556002177206,random_equal,0.0,0.2937258542062437,True,0.1759911200435441,8,8,0.022935065522633465,0,0.9749427786678871,91,0.6153846153846154,0.1759911200435441
0.007026225850658208,253,8,8,False,0.030549258204257648,random_equal,0.023453276384853363,0.10197226950078538,True,0.05407229055785709,9,8,0.011169891306378806,0,0.9823751144426641,91,0.9230769230769231,0.061098516408515297
0.007026225850658208,253,8,8,False,0.1022557517174642,random_equal,0.023453276384853363,0.34132583522716803,True,0.1974852775842702,10,8,0.018499185835763446,0,0.9743412394140535,91,0.7692307692307693,0.2045115034349284
0.007026225850658208,253,8,8,False,0.04822511603196794,random_equal,0.023453276384853363,0.16097361500035084,True,0.08942400621327767,11,8,0.01362052418484095,0,0.9897123197528037,91,0.7692307692307693,0.09645023206393588
0.0,91,8,8,True,0.12892065760688515,random_equal,0.0,0.4303322834816187,True,0.2578413152137703,12,8,0.033473414282968114,0,0.9413338292515447,91,0.9230769230769231,0.2578413152137703
0.03786248117404062,192,8,8,False,0.14909720099145435,random_equal,0.12638353142432723,0.49768082287492,True,0.2603319208088681,13,8,0.03347957661306497,0,0.9465545605401694,91,0.5384615384615384,0.2981944019829087
0.007026225850658208,253,8,8,False,0.06681163800984263,random_equal,0.023453276384853363,0.2230147230212965,True,0.12659705016902706,14,8,0.01755015005557649,0,0.981106231403067,91,0.6923076923076923,0.13362327601968527
0.007026225850658208,253,8,8,False,0.09685786788864209,random_equal,0.023453276384853363,0.3233079029799665,True,0.18668950992662597,15,8,0.032626619849154694,0,0.9632474536507208,91,0.6153846153846154,0.19371573577728418
0.0,91,8,8,True,0.18732457353627352,random_equal,0.0,0.6252823479065145,True,0.37464914707254704,16,8,0.04110863661226531,0,0.9828185797665366,91,0.5384615384615384,0.37464914707254704
0.007026225850658208,253,8,8,False,0.10525298258126131,random_equal,0.023453276384853363,0.3513304785921776,True,0.20347973931186442,17,8,0.021056776856716374,0,0.9803029869535361,91,0.6153846153846154,0.21050596516252262
0.0,91,8,8,True,0.042766177273176935,random_equal,0.0,0.1427518837040362,True,0.08553235454635387,18,8,0.01443512704331175,0,0.9772666800183107,91,0.8461538461538461,0.08553235454635387
0.03786248117404062,192,8,8,False,0.1337842706007269,random_equal,0.12638353142432723,0.4465668398705012,True,0.22970606002741317,19,8,0.03663051825432216,0,0.9521608205539023,91,0.6153846153846154,0.2675685412014538
0.0,91,8,8,True,0.1242342476601716,random_equal,0.0,0.4146892241679614,True,0.2484684953203432,20,8,0.037268283730863556,0,0.9871244850080109,91,0.8461538461538461,0.2484684953203432
0.007026225850658208,253,8,8,False,0.03546918204419183,random_equal,0.023453276384853363,0.11839478936606924,True,0.06391213823772546,21,8,0.008555917388265317,0,0.9923380636301211,91,0.9230769230769231,0.07093836408838367
0.007026225850658208,253,8,8,False,0.08025026612462399,random_equal,0.023453276384853363,0.26787235585410707,True,0.15347430639858978,22,8,0.02607639795157558,0,0.9883490215152206,91,1.0,0.16050053224924798
0.007026225850658208,253,8,8,False,0.10186957474470634,random_equal,0.023453276384853363,0.340036791084827,True,0.19671292363875448,23,8,0.031860728821205865,0,0.9405549038681619,91,0.6923076923076923,0.20373914948941269
0.0,91,8,8,True,0.1563455254935161,random_equal,0.0,0.5218754561655697,True,0.3126910509870322,24,8,0.036705005072992264,0,0.9788524261844814,91,0.6153846153846154,0.3126910509870322
0.0,91,8,8,True,0.06123629892978155,random_equal,0.0,0.20440445185107825,True,0.1224725978595631,25,8,0.017682348419349594,0,0.9793645571068892,91,0.9230769230769231,0.1224725978595631
0.0804819845182192,111,8,8,False,0.13693871011101583,random_equal,0.2686458230958317,0.4570962397569534,True,0.19339543570381246,26,8,0.040311760354826594,0,0.9480902380407416,91,0.5384615384615384,0.27387742022203165
0.007026225850658208,253,8,8,False,0.05446163967460824,random_equal,0.023453276384853363,0.18179089525584013,True,0.10189705349855828,27,8,0.020389807487102153,0,0.973244020370794,91,1.0,0.10892327934921649
0.03786248117404062,192,8,8,False,0.15605841423009617,random_equal,0.12638353142432723,0.5209170896175372,True,0.2742543472861517,28,8,0.04132567115143656,0,0.9573407816433965,91,0.38461538461538464,0.31211682846019234
0.007026225850658208,253,8,8,False,0.10013465770877716,random_equal,0.023453276384853363,0.334245703577353,True,0.19324308956689612,29,8,0.033932668749155584,0,0.9502489127946897,91,0.7692307692307693,0.20026931541755433
0.0,91,8,8,True,0.07297138553567237,random_equal,0.0,0.243575727500062,True,0.14594277107134473,30,8,0.02078949287011769,0,0.9644290741588464,91,0.7692307692307693,0.14594277107134473
0.007026225850658208,253,8,8,False,0.07824746440431757,random_equal,0.023453276384853363,0.26118707939291763,True,0.14946870295797693,31,8,0.022159677261723184,0,0.9685711833371479,91,0.9230769230769231,0.15649492880863514
0.0,91,8,8,True,0.052863790008197575,posterior_medoid,0.0,0.17645733344836356,True,0.10572758001639515,0,8,0.013840874108457048,0,0.9873083085374226,91,0.6923076923076923,0.10572758001639515
0.007026225850658208,253,8,8,False,0.03150216899839817,acquisition_fw,0.023453276384853363,0.10515304972335594,True,0.055978112146138126,0,8,0.008021491322817133,0,0.994871538109407,91,0.8461538461538461,0.06300433799679633
0.0,91,16,8,True,0.03532952221451546,random_equal,0.0,0.11792861013202789,True,0.07065904442903093,0,16,0.012041679617054888,0,0.9893554016937512,91,1.0,0.07065904442903093
0.0,91,16,8,True,0.021439321756735963,random_equal,0.0,0.07156364588215233,True,0.042878643513471926,1,16,0.006084413615960454,0,0.9948264763103682,91,1.0,0.042878643513471926
0.0,91,16,8,True,0.04132454279671949,random_equal,0.0,0.13793976229761676,True,0.08264908559343898,2,16,0.012230202011708352,0,0.9931892309452962,91,0.8461538461538461,0.08264908559343898
0.0,91,16,8,True,0.03350353577456214,random_equal,0.0,0.1118335363952211,True,0.06700707154912428,3,16,0.008479976437071388,0,0.9924660963607231,91,1.0,0.06700707154912428
0.004247256989794002,131,16,8,False,0.057025065104730766,random_equal,0.014177183338023145,0.1903475124757368,True,0.10980287321966753,4,16,0.01581401051476544,0,0.9704251544975965,91,0.9230769230769231,0.11405013020946153
0.004247256989794002,131,16,8,False,0.04491007042646217,random_equal,0.014177183338023145,0.14990811803699364,True,0.08557288386313033,5,16,0.015035114240430017,0,0.9869907301441975,91,0.8461538461538461,0.08982014085292434
0.007026225850658208,253,16,8,False,0.0422204680729225,random_equal,0.023453276384853363,0.14093032701466138,True,0.07741471029518679,6,16,0.011084683867511245,0,0.982820725566491,91,0.9230769230769231,0.084440936145845
0.007026225850658208,253,16,8,False,0.09981025964899043,random_equal,0.023453276384853363,0.3331628751120289,True,0.19259429344732265,7,16,0.021431573910665656,0,0.9791013389791713,91,0.6153846153846154,0.19962051929798086
0.0,91,16,8,True,0.036243728677550935,random_equal,0.0,0.12098019675991598,True,0.07248745735510187,8,16,0.00977057149911078,0,0.9902652208743418,91,0.9230769230769231,0.07248745735510187
0.007026225850658208,253,16,8,False,0.05218468457242287,random_equal,0.023453276384853363,0.1741905051655539,True,0.09734314329418753,9,16,0.011825872180860248,0,0.9903803788052185,91,0.6923076923076923,0.10436936914484574
0.007026225850658208,253,16,8,False,0.03839845203197456,random_equal,0.023453276384853363,0.1281725818950254,True,0.06977067821329092,10,16,0.007658559918594547,0,0.9924188887617302,91,0.8461538461538461,0.07679690406394912
0.0,91,16,8,True,0.11373408261363688,random_equal,0.0,0.3796400700193105,True,0.22746816522727376,11,16,0.034273650078301604,0,0.9793659876401921,91,1.0,0.22746816522727376
0.0,91,16,8,True,0.0571617844855757,random_equal,0.0,0.19080387660269152,True,0.1143235689711514,12,16,0.01845676841800246,0,0.9837040798809794,91,0.8461538461538461,0.1143235689711514
0.0,91,16,8,True,0.06294749110687817,random_equal,0.0,0.21011634667627607,True,0.12589498221375633,13,16,0.019164186349545653,0,0.9797500858319981,91,0.6923076923076923,0.12589498221375633
0.004247256989794002,131,16,8,False,0.03249226353425358,random_equal,0.014177183338023145,0.10845794787068419,True,0.06073727007871316,14,16,0.0091659811188606,0,0.9945096131837946,91,0.9230769230769231,0.06498452706850716
0.0,91,16,8,True,0.10286610413298602,random_equal,0.0,0.34336316852638943,True,0.20573220826597205,15,16,0.02189631290895501,0,0.9808594644083314,91,0.7692307692307693,0.20573220826597205
0.0,91,16,8,True,0.08550878309482074,random_equal,0.0,0.2854250867935648,True,0.17101756618964148,16,16,0.018959575289689116,0,0.9855272945754175,91,0.8461538461538461,0.17101756618964148
0.0,91,16,8,True,0.04420157216911452,random_equal,0.0,0.14754317762645947,True,0.08840314433822904,17,16,0.013171073669595355,0,0.985379234378576,91,0.9230769230769231,0.08840314433822904
0.007026225850658208,253,16,8,False,0.08644855609131785,random_equal,0.023453276384853363,0.28856201354404837,True,0.1658708863319775,18,16,0.029922920131697027,0,0.9949716754406042,91,1.0,0.1728971121826357
0.0,91,16,8,True,0.04118986514110676,random_equal,0.0,0.13749021337233513,True,0.08237973028221351,19,16,0.013227949374716969,0,0.9895628290226594,91,0.8461538461538461,0.08237973028221351
0.0,91,16,8,True,0.03527155187832848,random_equal,0.0,0.11773510734039917,True,0.07054310375665696,20,16,0.010150413496163345,0,0.9898181792172122,91,0.8461538461538461,0.07054310375665696
0.007026225850658208,253,16,8,False,0.07639454356176625,random_equal,0.023453276384853363,0.25500209963802684,True,0.1457628612728743,21,16,0.017364224134295666,0,0.9851710917830165,91,0.6923076923076923,0.1527890871235325
0.0,91,16,8,True,0.10755715545377764,random_equal,0.0,0.3590217205713327,True,0.21511431090755528,22,16,0.03382893682888586,0,0.991267309452964,91,0.9230769230769231,0.21511431090755528
0.0,91,16,8,True,0.030416112415231233,random_equal,0.0,0.10152783388828321,True,0.06083222483046247,23,16,0.009014364550780592,0,0.9951504921034561,91,0.9230769230769231,0.06083222483046247
0.007026225850658208,253,16,8,False,0.0576023444291657,random_equal,0.023453276384853363,0.19227444904666494,True,0.1081784630076732,24,16,0.01166126704460911,0,0.9898031586175325,91,0.7692307692307693,0.1152046888583314
0.007026225850658208,253,16,8,False,0.0318795767654593,random_equal,0.023453276384853363,0.10641282258844907,True,0.05673292768026039,25,16,0.010448407387869497,0,0.9933444438086517,91,0.9230769230769231,0.0637591535309186
0.0,91,16,8,True,0.04770218031615564,random_equal,0.0,0.1592280753414872,True,0.09540436063231128,26,16,0.013551863828916214,0,0.9892245078965438,91,1.0,0.09540436063231128
0.004247256989794002,131,16,8,False,0.07530518728482144,random_equal,0.014177183338023145,0.2513658695498112,True,0.14636311757984888,27,16,0.025917361144298098,0,0.9863083657587547,91,1.0,0.15061037456964288
0.0,91,16,8,True,0.08940613496231242,random_equal,0.0,0.29843430005543914,True,0.17881226992462484,28,16,0.02787071266595008,0,0.9896457999542227,91,1.0,0.17881226992462484
0.007026225850658208,253,16,8,False,0.09531027254244454,random_equal,0.023453276384853363,0.31814208819436807,True,0.18359431923423086,29,16,0.02772670408858503,0,0.9768761444266421,91,0.6923076923076923,0.19062054508488907
0.0,91,16,8,True,0.04121017657093859,random_equal,0.0,0.13755801215759234,True,0.08242035314187718,30,16,0.012374648375963117,0,0.989861810482948,91,0.7692307692307693,0.08242035314187718
0.0,91,16,8,True,0.05359926206508464,random_equal,0.0,0.1789123113824835,True,0.10719852413016928,31,16,0.017233245696604046,0,0.9830245765621423,91,1.0,0.10719852413016928
0.0,91,16,8,True,0.05630618416862132,posterior_medoid,0.0,0.18794791507583292,True,0.11261236833724264,0,16,0.012586399035946091,0,0.9951068608377202,91,0.9230769230769231,0.11261236833724264
0.0,91,16,8,True,0.02897780979151046,acquisition_fw,0.0,0.09672683408039588,True,0.05795561958302092,0,16,0.005912023377662309,0,0.99721046005951,91,0.9230769230769231,0.05795561958302092
0.0,91,32,8,True,1.1102230246251565e-16,random_equal,0.0,3.705882503466981e-16,True,2.220446049250313e-16,0,32,2.043156852889936e-17,0,0.9999999999999998,91,1.0,2.220446049250313e-16
0.0,91,32,8,True,1.1102230246251565e-16,random_equal,0.0,3.705882503466981e-16,True,2.220446049250313e-16,1,32,2.0418255205782287e-17,0,0.9999999999999998,91,1.0,2.220446049250313e-16
0.0,91,32,8,True,1.1102230246251565e-16,random_equal,0.0,3.705882503466981e-16,True,2.220446049250313e-16,2,32,2.214744833445035e-17,0,0.9999999999999998,91,1.0,2.220446049250313e-16
0.0,91,32,8,True,1.6653345369377348e-16,random_equal,0.0,5.558823755200471e-16,True,3.3306690738754696e-16,3,32,2.1447740241377767e-17,0,0.9999999999999998,91,1.0,3.3306690738754696e-16
0.0,91,32,8,True,8.326672684688674e-17,random_equal,0.0,2.7794118776002356e-16,True,1.6653345369377348e-16,4,32,1.7120989947469258e-17,0,0.9999999999999998,91,1.0,1.6653345369377348e-16
0.0,91,32,8,True,1.6653345369377348e-16,random_equal,0.0,5.558823755200471e-16,True,3.3306690738754696e-16,5,32,2.1618802117808278e-17,0,0.9999999999999998,91,1.0,3.3306690738754696e-16
0.0,91,32,8,True,1.1102230246251565e-16,random_equal,0.0,3.705882503466981e-16,True,2.220446049250313e-16,6,32,2.143425253067742e-17,0,0.9999999999999998,91,1.0,2.220446049250313e-16
0.0,91,32,8,True,8.326672684688674e-17,random_equal,0.0,2.7794118776002356e-16,True,1.6653345369377348e-16,7,32,2.086371837734032e-17,0,0.9999999999999998,91,1.0,1.6653345369377348e-16
0.0,91,32,8,True,1.1102230246251565e-16,random_equal,0.0,3.705882503466981e-16,True,2.220446049250313e-16,8,32,1.8904256203298042e-17,0,0.9999999999999998,91,1.0,2.220446049250313e-16
0.0,91,32,8,True,1.1102230246251565e-16,random_equal,0.0,3.705882503466981e-16,True,2.220446049250313e-16,9,32,2.3509276570158536e-17,0,0.9999999999999998,91,1.0,2.220446049250313e-16
0.0,91,32,8,True,1.6653345369377348e-16,random_equal,0.0,5.558823755200471e-16,True,3.3306690738754696e-16,10,32,2.368125261393911e-17,0,0.9999999999999998,91,1.0,3.3306690738754696e-16
0.0,91,32,8,True,1.6653345369377348e-16,random_equal,0.0,5.558823755200471e-16,True,3.3306690738754696e-16,11,32,2.4211128017662932e-17,0,0.9999999999999998,91,1.0,3.3306690738754696e-16
0.0,91,32,8,True,1.6653345369377348e-16,random_equal,0.0,5.558823755200471e-16,True,3.3306690738754696e-16,12,32,2.1614860792307874e-17,0,0.9999999999999998,91,1.0,3.3306690738754696e-16
0.0,91,32,8,True,1.1102230246251565e-16,random_equal,0.0,3.705882503466981e-16,True,2.220446049250313e-16,13,32,2.307922961829026e-17,0,0.9999999999999998,91,1.0,2.220446049250313e-16
0.0,91,32,8,True,1.1102230246251565e-16,random_equal,0.0,3.705882503466981e-16,True,2.220446049250313e-16,14,32,2.2894565204761906e-17,0,0.9999999999999998,91,1.0,2.220446049250313e-16
0.0,91,32,8,True,1.1102230246251565e-16,random_equal,0.0,3.705882503466981e-16,True,2.220446049250313e-16,15,32,2.2663598238862723e-17,0,0.9999999999999998,91,1.0,2.220446049250313e-16
0.0,91,32,8,True,1.1102230246251565e-16,random_equal,0.0,3.705882503466981e-16,True,2.220446049250313e-16,16,32,2.232884140880881e-17,0,0.9999999999999998,91,1.0,2.220446049250313e-16
0.0,91,32,8,True,1.1102230246251565e-16,random_equal,0.0,3.705882503466981e-16,True,2.220446049250313e-16,17,32,1.966788528810837e-17,0,0.9999999999999998,91,1.0,2.220446049250313e-16
0.0,91,32,8,True,1.1102230246251565e-16,random_equal,0.0,3.705882503466981e-16,True,2.220446049250313e-16,18,32,1.8465939994233567e-17,0,0.9999999999999998,91,1.0,2.220446049250313e-16
0.0,91,32,8,True,1.1102230246251565e-16,random_equal,0.0,3.705882503466981e-16,True,2.220446049250313e-16,19,32,1.78060996080504e-17,0,0.9999999999999998,91,1.0,2.220446049250313e-16
0.0,91,32,8,True,1.1102230246251565e-16,random_equal,0.0,3.705882503466981e-16,True,2.220446049250313e-16,20,32,2.3531053120931486e-17,0,0.9999999999999998,91,1.0,2.220446049250313e-16
0.0,91,32,8,True,1.1102230246251565e-16,random_equal,0.0,3.705882503466981e-16,True,2.220446049250313e-16,21,32,1.927403919481978e-17,0,0.9999999999999998,91,1.0,2.220446049250313e-16
0.0,91,32,8,True,1.1102230246251565e-16,random_equal,0.0,3.705882503466981e-16,True,2.220446049250313e-16,22,32,2.0192076170610222e-17,0,0.9999999999999998,91,1.0,2.220446049250313e-16
0.0,91,32,8,True,1.6653345369377348e-16,random_equal,0.0,5.558823755200471e-16,True,3.3306690738754696e-16,23,32,2.3791748087558394e-17,0,0.9999999999999998,91,1.0,3.3306690738754696e-16
0.0,91,32,8,True,1.1102230246251565e-16,random_equal,0.0,3.705882503466981e-16,True,2.220446049250313e-16,24,32,2.3504181159054968e-17,0,0.9999999999999998,91,1.0,2.220446049250313e-16
0.0,91,32,8,True,1.1102230246251565e-16,random_equal,0.0,3.705882503466981e-16,True,2.220446049250313e-16,25,32,1.9791249177248062e-17,0,0.9999999999999998,91,1.0,2.220446049250313e-16
0.0,91,32,8,True,1.6653345369377348e-16,random_equal,0.0,5.558823755200471e-16,True,3.3306690738754696e-16,26,32,2.4945776229152184e-17,0,0.9999999999999998,91,1.0,3.3306690738754696e-16
0.0,91,32,8,True,1.1102230246251565e-16,random_equal,0.0,3.705882503466981e-16,True,2.220446049250313e-16,27,32,2.2696931808518225e-17,0,0.9999999999999998,91,1.0,2.220446049250313e-16
0.0,91,32,8,True,1.1102230246251565e-16,random_equal,0.0,3.705882503466981e-16,True,2.220446049250313e-16,28,32,1.9393252018841756e-17,0,0.9999999999999998,91,1.0,2.220446049250313e-16
0.0,91,32,8,True,1.1102230246251565e-16,random_equal,0.0,3.705882503466981e-16,True,2.220446049250313e-16,29,32,2.1829001103829088e-17,0,0.9999999999999998,91,1.0,2.220446049250313e-16
0.0,91,32,8,True,1.1102230246251565e-16,random_equal,0.0,3.705882503466981e-16,True,2.220446049250313e-16,30,32,2.0650833146640037e-17,0,0.9999999999999998,91,1.0,2.220446049250313e-16
0.0,91,32,8,True,1.1102230246251565e-16,random_equal,0.0,3.705882503466981e-16,True,2.220446049250313e-16,31,32,1.998099074087417e-17,0,0.9999999999999998,91,1.0,2.220446049250313e-16
0.0,91,32,8,True,1.1102230246251565e-16,posterior_medoid,0.0,3.705882503466981e-16,True,2.220446049250313e-16,0,32,2.0587803205974415e-17,0,0.9999999999999998,91,1.0,2.220446049250313e-16
0.0,91,32,8,True,0.028539111103177778,acquisition_fw,0.0,0.0952624744361389,True,0.057078222206355556,0,23,0.005765278138395317,0,0.9973778324559394,91,0.9230769230769231,0.057078222206355556
0.04553413004763479,111,4,11,False,0.07895132943043198,random_equal,0.22264799999273657,0.38604790683524753,True,0.11236852881322917,0,4,0.020008876272888217,0,0.909185454337377,91,0.6153846153846154,0.15790265886086396
0.0,91,4,11,True,0.07380707245640249,random_equal,0.0,0.36089406013787667,True,0.14761414491280497,1,4,0.020562847386561698,0,0.9353363183794918,91,0.9230769230769231,0.14761414491280497
0.08634673500469663,61,4,11,False,0.11204698603931419,random_equal,0.42220918319042605,0.5478755676405686,True,0.13774723707393177,2,4,0.027466085725359492,0,0.8733892195010298,91,0.38461538461538464,0.22409397207862838
0.033777048805911314,55,4,11,False,0.10598647794582719,random_equal,0.1651594607040009,0.5182415325872347,True,0.17819590708574307,3,4,0.025657354235771906,0,0.8876516365300984,91,0.38461538461538464,0.21197295589165438
0.04553413004763479,111,4,11,False,0.0504275859940127,random_equal,0.22264799999273657,0.24657550620343663,True,0.055321041940390614,4,4,0.012115367839960171,0,0.9464794575417714,91,0.7692307692307693,0.1008551719880254
0.0,91,4,11,True,0.048411179643204724,random_equal,0.0,0.23671589450754196,True,0.09682235928640945,5,4,0.01335596784570129,0,0.9293960288395511,91,0.8461538461538461,0.09682235928640945
0.0,91,4,11,True,0.041584317635874404,random_equal,0.0,0.20333462268861438,True,0.08316863527174881,6,4,0.012116372687059455,0,0.9321183337148087,91,0.7692307692307693,0.08316863527174881
0.07556728362931603,37,4,11,False,0.1305055327772407,random_equal,0.36950095559858015,0.6381322280768705,True,0.18544378192516536,7,4,0.02944086074830006,0,0.9258490215152207,91,0.46153846153846156,0.2610110655544814
0.0,91,4,11,True,0.0794896940185327,random_equal,0.0,0.38868034537491314,True,0.1589793880370654,8,4,0.021728891680441943,0,0.8914525635156785,91,0.9230769230769231,0.1589793880370654
0.04679949877819273,185,4,11,False,0.0919598673074433,random_equal,0.2288352669245379,0.4496556871555564,True,0.13712023583669386,9,4,0.026537980686213925,0,0.8951884012359806,91,0.6153846153846154,0.1839197346148866
0.0,91,4,11,True,0.11539226485568232,random_equal,0.0,0.5642329601525865,True,0.23078452971136465,10,4,0.02911330735904904,0,0.8961525806820781,91,0.46153846153846156,0.23078452971136465
0.0,91,4,11,True,0.048489050841436995,random_equal,0.0,0.2370966609024487,True,0.09697810168287399,11,4,0.014491078898412394,0,0.9145306420233461,91,0.7692307692307693,0.09697810168287399
0.0,91,4,11,True,0.1243352822753391,random_equal,0.0,0.6079615861371783,True,0.2486705645506782,12,4,0.02684077480028611,0,0.9294682707713433,91,0.38461538461538464,0.2486705645506782
0.033777048805911314,55,4,11,False,0.07103617537872324,random_equal,0.1651594607040009,0.3473452190403174,True,0.10829530195153517,13,4,0.022573974585048524,0,0.9142488269626914,91,0.6153846153846154,0.14207235075744648
0.0,91,4,11,True,0.13079157372174072,random_equal,0.0,0.6395308810025405,True,0.26158314744348143,14,4,0.030057983956125217,0,0.894209916456855,91,0.7692307692307693,0.26158314744348143
0.057014098506588534,1,4,11,False,0.07266989653430002,random_equal,0.2787815423419994,0.3553336169180075,True,0.0883256945620115,15,4,0.020073213574866106,0,0.9228992618448155,91,0.7692307692307693,0.14533979306860004
0.0,91,4,11,True,0.11125653156746168,random_equal,0.0,0.5440104865012306,True,0.22251306313492336,16,4,0.032473304010703884,0,0.9747475108720529,91,0.8461538461538461,0.22251306313492336
0.033777048805911314,55,4,11,False,0.09369414704714554,random_equal,0.1651594607040009,0.4581357858215171,True,0.15361124528837977,17,4,0.017688442138667607,0,0.9103692206454564,91,0.6153846153846154,0.18738829409429109
0.0,91,4,11,True,0.19800726012108164,random_equal,0.0,0.9681950748566098,True,0.39601452024216327,18,4,0.04019227015562112,0,0.9123254749370564,91,0.7692307692307693,0.39601452024216327
0.0,91,4,11,True,0.10860478407369287,random_equal,0.0,0.5310442505073567,True,0.21720956814738573,19,4,0.02862257634348334,0,0.9449008640421146,91,0.7692307692307693,0.21720956814738573
0.04679949877819273,185,4,11,False,0.09137616507373789,random_equal,0.2288352669245379,0.44680156136486165,True,0.13595283136928304,20,4,0.022023705070355903,0,0.8798030155642023,91,0.5384615384615384,0.18275233014747577
0.04679949877819273,185,4,11,False,0.07843393021860232,random_equal,0.2288352669245379,0.38351798258741016,True,0.1100683616590119,21,4,0.019595220656751608,0,0.9033910791943235,91,0.5384615384615384,0.15686786043720463
0.06471438057208312,181,4,11,False,0.14092261884162627,random_equal,0.3164335716981936,0.6890685998832784,True,0.21713085711116942,22,4,0.029718764202899352,0,0.9197320611123827,91,0.46153846153846156,0.28184523768325254
0.08398653518845409,192,4,11,False,0.16084268603999485,random_equal,0.4106685263661958,0.7864716493496436,True,0.23769883689153562,23,4,0.0385290876168577,0,0.8652430476081482,91,0.38461538461538464,0.3216853720799897
0.033777048805911314,55,4,11,False,0.07474107310541536,random_equal,0.1651594607040009,0.3654610382766286,True,0.11570509740491941,24,4,0.019324431942822726,0,0.9313723105973905,91,0.5384615384615384,0.14948214621083072
0.04679949877819273,185,4,11,False,0.06513250612322014,random_equal,0.2288352669245379,0.31847807804121864,True,0.08346551346824754,25,4,0.016183994785929804,0,0.9140013447013045,91,0.8461538461538461,0.13026501224644027
0.0066195639078880375,131,4,11,False,0.06405958121653586,random_equal,0.032367647375134846,0.31323180267885326,True,0.12149959852518369,26,4,0.018531224649845798,0,0.9504956797894254,91,0.6153846153846154,0.12811916243307173
0.0,91,4,11,True,0.17962875754063512,random_equal,0.0,0.8783298059228001,True,0.35925751508127024,27,4,0.035107105187890356,0,0.9285977912565803,91,0.6923076923076923,0.35925751508127024
0.033777048805911314,55,4,11,False,0.10982380263648817,random_equal,0.1651594607040009,0.5370048792637743,True,0.18587055646706502,28,4,0.020641122922720617,0,0.930590524147402,91,0.6153846153846154,0.21964760527297633
0.0066195639078880375,131,4,11,False,0.11346410289103434,random_equal,0.032367647375134846,0.5548048365749134,True,0.22030864187418064,29,4,0.02561372264370359,0,0.9634591725795374,91,0.5384615384615384,0.22692820578206868
0.0,91,4,11,True,0.05882374465025915,random_equal,0.0,0.2876301597233204,True,0.1176474893005183,30,4,0.014704745174071712,0,0.9296900034332797,91,0.8461538461538461,0.1176474893005183
0.0066195639078880375,131,4,11,False,0.08223754421275856,random_equal,0.032367647375134846,0.4021164942457494,True,0.15785552451762908,31,4,0.019561905378807587,0,0.9422722590981917,91,0.46153846153846156,0.1644750884255171
0.04553413004763479,111,4,11,False,0.05599363969266952,posterior_medoid,0.22264799999273657,0.2737918101618448,True,0.06645314933770424,0,4,0.014552723788591796,0,0.9741288052185854,91,0.7692307692307693,0.11198727938533903
0.0,91,4,11,True,0.044472913606837666,acquisition_fw,0.0,0.21745897545541232,True,0.08894582721367533,0,4,0.006959501694754746,0,0.9855959601739528,91,0.8461538461538461,0.08894582721367533
0.033777048805911314,55,8,11,False,0.0440878196085602,random_equal,0.1651594607040009,0.2155759833254213,True,0.05439859041120909,0,8,0.012843179731060321,0,0.9700396257724878,91,0.7692307692307693,0.0881756392171204
0.0066195639078880375,131,8,11,False,0.054370824796423495,random_equal,0.032367647375134846,0.2658567405639495,True,0.10212208568495895,1,8,0.013028657053995682,0,0.9814352540627145,91,0.6923076923076923,0.10874164959284699
0.0,91,8,11,True,0.05291546606835282,random_equal,0.0,0.2587404805247673,True,0.10583093213670564,2,8,0.011332647683965563,0,0.9758347161821925,91,0.8461538461538461,0.10583093213670564
0.0066195639078880375,131,8,11,False,0.07817526008896938,random_equal,0.032367647375134846,0.3822531645935145,True,0.14973095627005073,3,8,0.014658580277962423,0,0.9467648489356831,91,0.6923076923076923,0.15635052017793877
0.033777048805911314,55,8,11,False,0.11906993321303061,random_equal,0.1651594607040009,0.5822156360825662,True,0.2043628176201499,4,8,0.02050024996307768,0,0.9671435111009381,91,0.8461538461538461,0.23813986642606122
0.0,91,8,11,True,0.06637772746200174,random_equal,0.0,0.32456683037574147,True,0.13275545492400348,5,8,0.021002187605377226,0,0.9271443694209199,91,0.9230769230769231,0.13275545492400348
0.033777048805911314,55,8,11,False,0.05839558235626699,random_equal,0.1651594607040009,0.28553657677071037,True,0.08301411590662267,6,8,0.01277762412043753,0,0.9845337891966123,91,0.7692307692307693,0.11679116471253398
0.0066195639078880375,131,8,11,False,0.08486966168782989,random_equal,0.032367647375134846,0.41498674543881037,True,0.16311975946777174,7,8,0.016638831207359622,0,0.9457835030899516,91,0.6153846153846154,0.16973932337565978
0.0,91,8,11,True,0.050833305776916055,random_equal,0.0,0.2485593521257463,True,0.10166661155383211,8,8,0.013543072984324507,0,0.9698536564431217,91,0.8461538461538461,0.10166661155383211
0.0,91,8,11,True,0.042475733825169976,random_equal,0.0,0.2076933758151192,True,0.08495146765033995,9,8,0.010193152684487249,0,0.9736202506294345,91,0.9230769230769231,0.08495146765033995
0.0,91,8,11,True,0.07075083453349063,random_equal,0.0,0.34594998938641125,True,0.14150166906698125,10,8,0.014615847211378217,0,0.9369392309452962,91,0.8461538461538461,0.14150166906698125
0.0,91,8,11,True,0.11946078927780934,random_equal,0.0,0.584126802959302,True,0.23892157855561869,11,8,0.02770567915352787,0,0.9285605973907072,91,0.6923076923076923,0.23892157855561869
0.04553413004763479,111,8,11,False,0.057005442141047705,random_equal,0.22264799999273657,0.2787392153562229,True,0.06847675423446062,12,8,0.012097024573191768,0,0.9733412966353855,91,0.7692307692307693,0.11401088428209541
0.0,91,8,11,True,0.17315091785585068,random_equal,0.0,0.8466551467477589,True,0.34630183571170137,13,8,0.03417961964950356,0,0.9474107347219041,91,0.6923076923076923,0.34630183571170137
0.0,91,8,11,True,0.04156941435282771,random_equal,0.0,0.20326175018264578,True,0.08313882870565542,14,8,0.010333744615796357,0,0.9730351625085831,91,0.8461538461538461,0.08313882870565542
0.0066195639078880375,131,8,11,False,0.04860975721500149,random_equal,0.032367647375134846,0.23768687823244705,True,0.09059995052211495,15,8,0.012288071179752193,0,0.9744907301441976,91,0.6923076923076923,0.09721951443000298
0.033777048805911314,55,8,11,False,0.042109227960910156,random_equal,0.1651594607040009,0.20590127398781535,True,0.050441407115909,16,8,0.011377770341389527,0,0.9706490329594871,91,0.6923076923076923,0.08421845592182031
0.0066195639078880375,131,8,11,False,0.04187374152125403,random_equal,0.032367647375134846,0.20474981716279209,True,0.07712791913462003,17,8,0.009516321699853031,0,0.9830853742275117,91,0.6923076923076923,0.08374748304250806
0.08634673500469663,61,8,11,False,0.10534146100486669,random_equal,0.42220918319042605,0.5150875965898619,True,0.12433618700503675,18,8,0.023805122085085395,0,0.894139820325017,91,0.5384615384615384,0.21068292200973338
0.04553413004763479,111,8,11,False,0.08159936915594057,random_equal,0.22264799999273657,0.39899601297385223,True,0.11766460826424635,19,8,0.020696677637804018,0,0.9205002574959944,91,0.5384615384615384,0.16319873831188114
0.0,91,8,11,True,0.025756001726406214,random_equal,0.0,0.12593898831919564,True,0.05151200345281243,20,8,0.0073615712318167255,0,0.9836804760814829,91,0.6923076923076923,0.05151200345281243
0.0,91,8,11,True,0.13279805040631965,random_equal,0.0,0.6493419396608746,True,0.2655961008126393,21,8,0.02603125579888353,0,0.9431541828793772,91,0.8461538461538461,0.2655961008126393
0.0066195639078880375,131,8,11,False,0.05497283081359364,random_equal,0.032367647375134846,0.26880036626990467,True,0.10332609771929924,22,8,0.015321342625345246,0,0.949607318608377,91,0.6153846153846154,0.10994566162718727
0.0,91,8,11,True,0.08098401996044508,random_equal,0.0,0.3959871431979087,True,0.16196803992089015,23,8,0.020054807587651782,0,0.9833564602883953,91,0.6153846153846154,0.16196803992089015
0.033777048805911314,55,8,11,False,0.07203951161348421,random_equal,0.1651594607040009,0.35225122703379563,True,0.1103019744210571,24,8,0.01069591620667359,0,0.976519941634241,91,0.6923076923076923,0.14407902322696842
0.0066195639078880375,131,8,11,False,0.04771862992241427,random_equal,0.032367647375134846,0.23332953772268158,True,0.0888176959369405,25,8,0.0163533649433172,0,0.9682643339436942,91,0.6923076923076923,0.09543725984482854
0.0,91,8,11,True,0.032372184488436845,random_equal,0.0,0.15829010292293358,True,0.06474436897687369,26,8,0.006701825288199287,0,0.9886394197756923,91,0.8461538461538461,0.06474436897687369
0.0,91,8,11,True,0.05107112536763736,random_equal,0.0,0.24972221734745575,True,0.10214225073527472,27,8,0.011021280122594197,0,0.9796585317006178,91,0.7692307692307693,0.10214225073527472
0.08634673500469663,61,8,11,False,0.15212182484795292,random_equal,0.42220918319042605,0.7438292995212589,True,0.2178969146912092,28,8,0.029336973785419003,0,0.8806491760128173,91,0.3076923076923077,0.30424364969590584
0.0066195639078880375,131,8,11,False,0.056144708437538396,random_equal,0.032367647375134846,0.2745304902216435,True,0.10566985296718875,29,8,0.015565574828426614,0,0.9205410276951245,91,0.6923076923076923,0.11228941687507679
0.0,91,8,11,True,0.08659170774946215,random_equal,0.0,0.42340702515243817,True,0.1731834154989243,30,8,0.019757411958578063,0,0.9566419661249713,91,0.46153846153846156,0.1731834154989243
0.08634673500469663,61,8,11,False,0.09226840906606022,random_equal,0.42220918319042605,0.45116436219554146,True,0.09819008312742382,31,8,0.013241798251115435,0,0.969627632181277,91,0.6153846153846154,0.18453681813212044
0.0,91,8,11,True,0.06920585828740183,posterior_medoid,0.0,0.3383955270332687,True,0.13841171657480367,0,8,0.016204304615983812,0,0.9827885385671777,91,0.7692307692307693,0.13841171657480367
0.0,91,8,11,True,0.025453615435809623,acquisition_fw,0.0,0.1244604116393267,True,0.05090723087161925,0,8,0.005191446967509637,0,0.9899977111467154,91,0.8461538461538461,0.05090723087161925
0.0,91,16,11,True,0.027869662833471698,random_equal,0.0,0.13627414609333674,True,0.055739325666943396,0,16,0.006884857378881316,0,0.9893153467612724,91,0.9230769230769231,0.055739325666943396
0.0,91,16,11,True,0.012302056994432237,random_equal,0.0,0.0601533044057634,True,0.024604113988864473,1,16,0.004461560536424599,0,0.9952878233005262,91,0.9230769230769231,0.024604113988864473
0.0066195639078880375,131,16,11,False,0.029445228692085545,random_equal,0.032367647375134846,0.14397818231650014,True,0.052270893476283053,2,16,0.007664783597967158,0,0.99652952620737,91,0.9230769230769231,0.05889045738417109
0.0066195639078880375,131,16,11,False,0.044716430541962254,random_equal,0.032367647375134846,0.21864969895255898,True,0.08281329717603647,3,16,0.008539327550868966,0,0.9918760013733118,91,0.6923076923076923,0.08943286108392451
0.0066195639078880375,131,16,11,False,0.03336014203801477,random_equal,0.032367647375134846,0.1631209138390779,True,0.0601007201681415,4,16,0.007423506913165183,0,0.9949931334401463,91,0.8461538461538461,0.06672028407602953
0.033777048805911314,55,16,11,False,0.04484395822945619,random_equal,0.1651594607040009,0.2192732704259685,True,0.05591086765300107,5,16,0.007856581521110061,0,0.9875772487983517,91,0.9230769230769231,0.08968791645891239
0.0,91,16,11,True,0.05339563597216648,random_equal,0.0,0.26108836481791126,True,0.10679127194433297,6,16,0.010559271993804934,0,0.9892216468299379,91,0.9230769230769231,0.10679127194433297
0.033777048805911314,55,16,11,False,0.054993445863580515,random_equal,0.1651594607040009,0.26890116757311455,True,0.07620984292124972,7,16,0.013223306594870738,0,0.9693372339208054,91,0.6923076923076923,0.10998689172716103
0.0066195639078880375,131,16,11,False,0.06446587069464751,random_equal,0.032367647375134846,0.315218434236874,True,0.12231217748140699,8,16,0.015585693494181381,0,0.9733627546349278,91,0.6923076923076923,0.12893174138929503
0.0,91,16,11,True,0.02509257686318167,random_equal,0.0,0.12269504319961448,True,0.05018515372636334,9,16,0.00800570772380973,0,0.9970595387960629,91,0.7692307692307693,0.05018515372636334
0.0,91,16,11,True,0.029395412780815644,random_equal,0.0,0.14373459771302893,True,0.05879082556163129,10,16,0.0065331335322989246,0,0.9933852140077818,91,0.9230769230769231,0.05879082556163129
0.0,91,16,11,True,0.02049179238947621,random_equal,0.0,0.10019861117386714,True,0.04098358477895242,11,16,0.007579899170921975,0,0.9937435626001371,91,0.8461538461538461,0.04098358477895242
0.0,91,16,11,True,0.060543883582290015,random_equal,0.0,0.2960411141552083,True,0.12108776716458003,12,16,0.013301330903035796,0,0.9898346303501945,91,0.8461538461538461,0.12108776716458003
0.0066195639078880375,131,16,11,False,0.023571119100192592,random_equal,0.032367647375134846,0.11525557905154436,True,0.040522674292497146,13,16,0.005597178900454404,0,0.9932815003433279,91,0.9230769230769231,0.047142238200385184
0.0,91,16,11,True,0.04009282527376451,random_equal,0.0,0.19604168020611143,True,0.08018565054752902,14,16,0.009955816411412991,0,0.9877782387273976,91,0.9230769230769231,0.08018565054752902
0.0,91,16,11,True,0.026895483599310377,random_equal,0.0,0.1315107069347634,True,0.053790967198620754,15,16,0.005401209154593797,0,0.9949402037079422,91,0.8461538461538461,0.053790967198620754
0.033777048805911314,55,16,11,False,0.028846595135308545,random_equal,0.1651594607040009,0.1410510469126722,True,0.023916141464705776,16,16,0.008638787378318826,0,0.9836532959487296,91,0.7692307692307693,0.05769319027061709
0.0066195639078880375,131,16,11,False,0.047715811072982964,random_equal,0.032367647375134846,0.2333157544092087,True,0.08881205823807789,17,16,0.010541851537205263,0,0.9836454280155641,91,0.6923076923076923,0.09543162214596593
0.0066195639078880375,131,16,11,False,0.02219468343849601,random_equal,0.032367647375134846,0.10852522872147713,True,0.03776980296910398,18,16,0.005598848348959878,0,0.9920626859693292,91,0.8461538461538461,0.04438936687699202
0.0,91,16,11,True,0.019286578600295354,random_equal,0.0,0.09430548354753349,True,0.03857315720059071,19,16,0.005118955012482012,0,0.993493934538796,91,0.8461538461538461,0.03857315720059071
0.04553413004763479,111,16,11,False,0.06608048579638529,random_equal,0.22264799999273657,0.32311340934200744,True,0.08662684154513578,20,16,0.012670006924276833,0,0.9822306305790797,91,0.6923076923076923,0.13216097159277057
0.0,91,16,11,True,0.023830370298924458,random_equal,0.0,0.11652323829600526,True,0.047660740597848916,21,16,0.006231419907524438,0,0.9934352826733805,91,0.9230769230769231,0.047660740597848916
0.0,91,16,11,True,0.08301728725550492,random_equal,0.0,0.4059291997656333,True,0.16603457451100984,22,16,0.01902746857862784,0,0.9747260528725108,91,0.8461538461538461,0.16603457451100984
0.0066195639078880375,131,16,11,False,0.05200154852932849,random_equal,0.032367647375134846,0.2542717026649689,True,0.09738353315076895,23,16,0.01146115536778954,0,0.9846203364614325,91,0.6153846153846154,0.10400309705865698
0.0,91,16,11,True,0.09224500404517688,random_equal,0.0,0.4510499187860811,True,0.18449000809035376,24,16,0.02060651503629921,0,0.9801227397573814,91,0.7692307692307693,0.18449000809035376
0.0066195639078880375,131,16,11,False,0.046029460435484865,random_equal,0.032367647375134846,0.2250700144261972,True,0.08543935696308169,25,16,0.012409553956896871,0,0.9801906900892651,91,0.6153846153846154,0.09205892087096973
0.0,91,16,11,True,0.05117953813141718,random_equal,0.0,0.2502523226773261,True,0.10235907626283436,26,16,0.010463652804361073,0,0.99428358892195,91,0.9230769230769231,0.10235907626283436
0.0,91,16,11,True,0.02487084795920938,random_equal,0.0,0.12161085652561045,True,0.04974169591841876,27,16,0.00470036561571065,0,0.993435997940032,91,0.8461538461538461,0.04974169591841876
0.0,91,16,11,True,0.03912480102293975,random_equal,0.0,0.19130833703769845,True,0.0782496020458795,28,16,0.010778885022408135,0,0.9869707026779581,91,0.9230769230769231,0.0782496020458795
0.0,91,16,11,True,0.03713944851729775,random_equal,0.0,0.1816005691677659,True,0.0742788970345955,29,16,0.006823039333888214,0,0.9876151579308766,91,0.8461538461538461,0.0742788970345955
0.04553413004763479,111,16,11,False,0.08828865789094073,random_equal,0.22264799999273657,0.4317045934751962,True,0.13104318573424667,30,16,0.023277292973513657,0,0.9317528324559393,91,0.5384615384615384,0.17657731578188146
0.0,91,16,11,True,0.04471416141779311,random_equal,0.0,0.21863860362785492,True,0.08942832283558622,31,16,0.008053293588452897,0,0.9885457198443578,91,0.8461538461538461,0.08942832283558622
0.0,91,16,11,True,0.026527462913413305,posterior_medoid,0.0,0.12971119809194112,True,0.05305492582682661,0,16,0.006725838664790877,0,0.9955481803616386,91,0.8461538461538461,0.05305492582682661
0.0,91,16,11,True,0.02339691011581227,acquisition_fw,0.0,0.11440375028238883,True,0.04679382023162454,0,16,0.004262269182563019,0,0.9924682421606772,91,0.8461538461538461,0.04679382023162454
0.0,91,32,11,True,5.551115123125783e-17,random_equal,0.0,2.714325888296154e-16,True,1.1102230246251565e-16,0,32,9.852437471889716e-18,0,0.9999999999999998,91,1.0,1.1102230246251565e-16
0.0,91,32,11,True,8.326672684688674e-17,random_equal,0.0,4.071488832444231e-16,True,1.6653345369377348e-16,1,32,9.56934523093438e-18,0,0.9999999999999998,91,1.0,1.6653345369377348e-16
0.0,91,32,11,True,5.551115123125783e-17,random_equal,0.0,2.714325888296154e-16,True,1.1102230246251565e-16,2,32,9.270974780863205e-18,0,0.9999999999999998,91,1.0,1.1102230246251565e-16
0.0,91,32,11,True,8.326672684688674e-17,random_equal,0.0,4.071488832444231e-16,True,1.6653345369377348e-16,3,32,1.1386232299676935e-17,0,0.9999999999999998,91,1.0,1.6653345369377348e-16
0.0,91,32,11,True,8.326672684688674e-17,random_equal,0.0,4.071488832444231e-16,True,1.6653345369377348e-16,4,32,1.0170632877134473e-17,0,0.9999999999999998,91,1.0,1.6653345369377348e-16
0.0,91,32,11,True,8.326672684688674e-17,random_equal,0.0,4.071488832444231e-16,True,1.6653345369377348e-16,5,32,1.0800853476112385e-17,0,0.9999999999999998,91,1.0,1.6653345369377348e-16
0.0,91,32,11,True,5.551115123125783e-17,random_equal,0.0,2.714325888296154e-16,True,1.1102230246251565e-16,6,32,9.960871966097675e-18,0,0.9999999999999998,91,1.0,1.1102230246251565e-16
0.0,91,32,11,True,4.163336342344337e-17,random_equal,0.0,2.0357444162221156e-16,True,8.326672684688674e-17,7,32,9.84431197011662e-18,0,0.9999999999999998,91,1.0,8.326672684688674e-17
0.0,91,32,11,True,2.7755575615628914e-17,random_equal,0.0,1.357162944148077e-16,True,5.551115123125783e-17,8,32,8.276529575144593e-18,0,0.9999999999999998,91,1.0,5.551115123125783e-17
0.0,91,32,11,True,5.551115123125783e-17,random_equal,0.0,2.714325888296154e-16,True,1.1102230246251565e-16,9,32,8.999965869396786e-18,0,0.9999999999999998,91,1.0,1.1102230246251565e-16
0.0,91,32,11,True,5.551115123125783e-17,random_equal,0.0,2.714325888296154e-16,True,1.1102230246251565e-16,10,32,1.0182669927457097e-17,0,0.9999999999999998,91,1.0,1.1102230246251565e-16
0.0,91,32,11,True,8.326672684688674e-17,random_equal,0.0,4.071488832444231e-16,True,1.6653345369377348e-16,11,32,1.2078469989430356e-17,0,0.9999999999999998,91,1.0,1.6653345369377348e-16
0.0,91,32,11,True,5.551115123125783e-17,random_equal,0.0,2.714325888296154e-16,True,1.1102230246251565e-16,12,32,8.874392528491848e-18,0,0.9999999999999998,91,1.0,1.1102230246251565e-16
0.0,91,32,11,True,5.551115123125783e-17,random_equal,0.0,2.714325888296154e-16,True,1.1102230246251565e-16,13,32,9.232020098534896e-18,0,0.9999999999999998,91,1.0,1.1102230246251565e-16
0.0,91,32,11,True,5.551115123125783e-17,random_equal,0.0,2.714325888296154e-16,True,1.1102230246251565e-16,14,32,8.500527975800742e-18,0,0.9999999999999998,91,1.0,1.1102230246251565e-16
0.0,91,32,11,True,5.551115123125783e-17,random_equal,0.0,2.714325888296154e-16,True,1.1102230246251565e-16,15,32,8.967919770037404e-18,0,0.9999999999999998,91,1.0,1.1102230246251565e-16
0.0,91,32,11,True,5.551115123125783e-17,random_equal,0.0,2.714325888296154e-16,True,1.1102230246251565e-16,16,32,9.323038942499625e-18,0,0.9999999999999998,91,1.0,1.1102230246251565e-16
0.0,91,32,11,True,5.551115123125783e-17,random_equal,0.0,2.714325888296154e-16,True,1.1102230246251565e-16,17,32,9.66817314734369e-18,0,0.9999999999999998,91,1.0,1.1102230246251565e-16
0.0,91,32,11,True,8.326672684688674e-17,random_equal,0.0,4.071488832444231e-16,True,1.6653345369377348e-16,18,32,1.1600125616953659e-17,0,0.9999999999999998,91,1.0,1.6653345369377348e-16
0.0,91,32,11,True,5.551115123125783e-17,random_equal,0.0,2.714325888296154e-16,True,1.1102230246251565e-16,19,32,1.1336132676778536e-17,0,0.9999999999999998,91,1.0,1.1102230246251565e-16
0.0,91,32,11,True,5.551115123125783e-17,random_equal,0.0,2.714325888296154e-16,True,1.1102230246251565e-16,20,32,1.0221671484118527e-17,0,0.9999999999999998,91,1.0,1.1102230246251565e-16
0.0,91,32,11,True,4.163336342344337e-17,random_equal,0.0,2.0357444162221156e-16,True,8.326672684688674e-17,21,32,8.706978619629774e-18,0,0.9999999999999998,91,1.0,8.326672684688674e-17
0.0,91,32,11,True,5.551115123125783e-17,random_equal,0.0,2.714325888296154e-16,True,1.1102230246251565e-16,22,32,1.1458222720328931e-17,0,0.9999999999999998,91,1.0,1.1102230246251565e-16
0.0,91,32,11,True,4.163336342344337e-17,random_equal,0.0,2.0357444162221156e-16,True,8.326672684688674e-17,23,32,9.495524235262129e-18,0,0.9999999999999998,91,1.0,8.326672684688674e-17
0.0,91,32,11,True,5.551115123125783e-17,random_equal,0.0,2.714325888296154e-16,True,1.1102230246251565e-16,24,32,1.0007793798085107e-17,0,0.9999999999999998,91,1.0,1.1102230246251565e-16
0.0,91,32,11,True,8.326672684688674e-17,random_equal,0.0,4.071488832444231e-16,True,1.6653345369377348e-16,25,32,1.1223841097874734e-17,0,0.9999999999999998,91,1.0,1.6653345369377348e-16
0.0,91,32,11,True,5.551115123125783e-17,random_equal,0.0,2.714325888296154e-16,True,1.1102230246251565e-16,26,32,1.0750551427685871e-17,0,0.9999999999999998,91,1.0,1.1102230246251565e-16
0.0,91,32,11,True,5.551115123125783e-17,random_equal,0.0,2.714325888296154e-16,True,1.1102230246251565e-16,27,32,1.0636817614517822e-17,0,0.9999999999999998,91,1.0,1.1102230246251565e-16
0.0,91,32,11,True,4.163336342344337e-17,random_equal,0.0,2.0357444162221156e-16,True,8.326672684688674e-17,28,32,8.882596377710511e-18,0,0.9999999999999998,91,1.0,8.326672684688674e-17
0.0,91,32,11,True,5.551115123125783e-17,random_equal,0.0,2.714325888296154e-16,True,1.1102230246251565e-16,29,32,1.0633240496167274e-17,0,0.9999999999999998,91,1.0,1.1102230246251565e-16
0.0,91,32,11,True,5.551115123125783e-17,random_equal,0.0,2.714325888296154e-16,True,1.1102230246251565e-16,30,32,9.114884413750605e-18,0,0.9999999999999998,91,1.0,1.1102230246251565e-16
0.0,91,32,11,True,5.551115123125783e-17,random_equal,0.0,2.714325888296154e-16,True,1.1102230246251565e-16,31,32,1.044717049209207e-17,0,0.9999999999999998,91,1.0,1.1102230246251565e-16
0.0,91,32,11,True,5.551115123125783e-17,posterior_medoid,0.0,2.714325888296154e-16,True,1.1102230246251565e-16,0,32,8.574301501870028e-18,0,0.9999999999999998,91,1.0,1.1102230246251565e-16
0.0,91,32,11,True,0.022905163311405435,acquisition_fw,0.0,0.11199925847834066,True,0.04581032662281087,0,17,0.004260655483970106,0,0.9925190260929274,91,0.8461538461538461,0.04581032662281087
