support_count,factor_count,state,record_kind,epsilon,stage,active_factor_count,active_factor_fraction,active_leader,worst_challenger,active_ei_gap,b_struct,max_psi,shadow_full_leader,shadow_full_action_agreement,shadow_full_laplace_ei_regret,cumulative_factor_energy_gradient_calls,cumulative_factor_energy_gradient_work,cumulative_factor_hessian_calls,cumulative_factor_hessian_work,stage_fit_conditioning_seconds,load_solve_seconds,load_solve_iterations,load_solve_relative_residual,cumulative_conditioning_seconds,activated_factor_count_after_stage,certified,full_bank_fallback,peak_rss_bytes,pair_solve_seconds,pair_solve_iterations,pair_solve_relative_residual
500,124718,seed_0_initial,stage,0.02,0,0,0.0,12,77,-0.0017863233459335243,1.9592268652959322,1.9574405419499987,13,False,0.0015692658630459579,0,0,0,0,0.0,0.0007675420492887497,17,6.4170480979571015e-12,0.0009087091311812401,115373,False,False,208355328,0.0006795001681894064,17,6.586460285643116e-12
500,124718,seed_0_initial,stage,0.02,1,115373,0.9250709600859539,13,53,-0.0031558091012957,0.15186790163923647,0.14871209253794077,13,True,0.0,71,8191483,1,115373,0.17406804184429348,0.0008565839380025864,17,7.300608922824769e-12,0.18995300005190074,131,False,False,208355328,0.0006795839872211218,17,6.6972614684372065e-12
500,124718,seed_0_initial,stage,0.02,2,115504,0.926121329719848,13,30,-0.0034298014668565774,0.14839464569592703,0.14496484422907047,13,True,0.0,90,10386059,2,230877,0.05005441699177027,0.000747583108022809,17,7.379625206316458e-12,0.24357904214411974,127,False,False,208355328,0.001373667037114501,17,7.359309553648217e-12
500,124718,seed_0_initial,stage,0.02,3,115631,0.9271396269985086,13,51,-0.0033379617289384447,0.14387497387764236,0.14053701214870393,13,True,0.0,120,13854989,3,346508,0.07152291713282466,0.0007319999858736992,17,7.429815716683633e-12,0.31909345905296504,121,False,False,208355328,0.0006474589463323355,17,6.813552962831953e-12
500,124718,seed_0_initial,stage,0.02,4,115752,0.9281098157443192,13,98,-0.005632174513835136,0.14255760269686985,0.13692542818303471,13,True,0.0,145,16748789,4,462260,0.06000712513923645,0.0007166250143200159,17,7.364485200771395e-12,0.3822466251440346,119,False,False,208355328,0.0006556250154972076,17,6.987396260100331e-12
500,124718,seed_0_initial,stage,0.02,5,115871,0.929063968312513,13,127,-0.002506374864484552,0.13182033916955657,0.12931396430507203,13,True,0.0,169,19529693,5,578131,0.06564558297395706,0.0007178329396992922,17,7.401574796617188e-12,0.4510860841255635,111,False,False,208355328,0.0006433748640120029,17,6.775951701079881e-12
500,124718,seed_0_initial,stage,0.02,6,115982,0.9299539761702401,13,153,-0.0036400011947399953,0.13109385415518005,0.12745385296044004,13,True,0.0,192,22197279,6,694113,0.05690566613338888,0.0007308328058570623,17,7.430830354828373e-12,0.5112271669786423,110,False,False,208355328,0.0006439578719437122,17,6.522813104104167e-12
500,124718,seed_0_initial,stage,0.02,7,116092,0.9308359659391587,13,155,-0.0041518493444202,0.12503657344781494,0.12088472410339474,13,True,0.0,212,24519119,7,810205,0.04650320811197162,0.0007148748263716698,17,7.321732615653838e-12,0.5607054170686752,103,False,False,208355328,0.0007004169747233391,17,6.452471559670653e-12
500,124718,seed_0_initial,stage,0.02,8,116195,0.9316618290864189,13,154,-0.0025587857487075413,0.12089605606601887,0.11833727031731134,13,True,0.0,232,26843019,8,926400,0.04911516699939966,0.0007374580018222332,17,7.368834900303532e-12,0.6133511669468135,0,False,False,208355328,,,
500,124718,seed_0_initial,fallback,0.02,8,124718,1.0,13,,,0.0,,13,True,0.0,299,35199125,9,1051118,0.16421254188753664,0.0,0,0.0,0.7777218341361731,0,False,True,208355328,,,
500,124718,seed_0_after_6_queries,stage,0.02,0,0,0.0,77,46,-3.1092252750465556e-06,2.1487350660974984,2.148731956872223,134,False,2.7154206867123845e-06,0,0,0,0,0.0,0.000704833073541522,17,6.4535320909211954e-12,0.0008292919956147671,115608,False,False,208355328,0.0006532499101012945,17,4.686980233453905e-12
500,124718,seed_0_after_6_queries,stage,0.02,1,115608,0.9269552109559166,134,53,-3.974481579417984e-06,0.1263598002284545,0.12635582574687507,134,True,0.0,90,10404720,1,115608,0.21098458394408226,0.0007374580018222332,17,5.417733861927217e-12,0.22468670806847513,108,False,False,208355328,0.0006597498431801796,17,6.115407970797454e-12
500,124718,seed_0_after_6_queries,stage,0.02,2,115716,0.9278211645472185,134,30,-4.066533057059432e-06,0.12287427480573582,0.12287020827267876,134,True,0.0,112,12950472,2,231324,0.05342266708612442,0.0007505419198423624,17,5.52175640090003e-12,0.2813111669383943,104,False,False,208355328,0.0006544170901179314,17,6.3300498137531495e-12
500,124718,seed_0_after_6_queries,stage,0.02,3,115820,0.9286550457832871,134,51,-4.018978670935046e-06,0.11238500361404656,0.11238098463537563,134,True,0.0,135,15614332,3,347144,0.0559948340523988,0.0006893749814480543,17,5.553489116391063e-12,0.34035479207523167,93,False,False,208355328,0.0006538340821862221,17,5.7014560950073616e-12
500,124718,seed_0_after_6_queries,stage,0.02,4,115913,0.9294007280424638,134,98,-4.590884933569843e-06,0.10945345353724459,0.10944886265231102,134,True,0.0,155,17932592,4,463057,0.050208874978125095,0.0007255419623106718,17,5.481271587334881e-12,0.39355925004929304,91,False,False,208355328,0.0006443748716264963,17,6.293662131550991e-12
500,124718,seed_0_after_6_queries,stage,0.02,5,116004,0.9301303741240238,134,153,-4.145205994580577e-06,0.1056388705252409,0.10563472531924632,134,True,0.0,178,20600684,5,579061,0.055302084190770984,0.0006928329821676016,17,5.479879436253198e-12,0.45212891697883606,88,False,False,208355328,0.000653125112876296,17,6.932648512865293e-12
500,124718,seed_0_after_6_queries,stage,0.02,6,116092,0.9308359659391587,134,9,-3.997986101385051e-06,0.09795490814120936,0.09795091015510797,134,True,0.0,200,23154708,6,695153,0.05481650005094707,0.0006903328467160463,17,5.391763806986428e-12,0.5100919168908149,81,False,False,208355328,0.0006501250900328159,17,6.627543681402758e-12
500,124718,seed_0_after_6_queries,stage,0.02,7,116173,0.9314854311326353,134,127,-3.7150988662531165e-06,0.09148172317027325,0.091478008071407,134,True,0.0,223,25826687,7,811326,0.057276666862890124,0.0006909999065101147,17,5.458046502725651e-12,0.5704261248465627,74,False,False,208355328,0.0006434591487050056,17,5.763881520789365e-12
500,124718,seed_0_after_6_queries,stage,0.02,8,116247,0.9320787697044532,134,155,-4.313790146077847e-06,0.08463969350437316,0.08463537971422708,134,True,0.0,247,28616615,8,927573,0.059321166947484016,0.0007174999918788671,17,5.491537435347167e-12,0.633169624954462,0,False,False,208355328,,,
500,124718,seed_0_after_6_queries,fallback,0.02,8,124718,1.0,134,,,0.0,,134,True,0.0,307,36099695,9,1052291,0.1496880000922829,0.0,0,0.0,0.7830891669727862,0,False,True,208355328,,,
500,124718,seed_0_after_12_queries,stage,0.02,0,0,0.0,133,69,-7.0613866525362e-06,1.7758680277763097,1.7758609663896572,133,True,0.0,0,0,0,0,0.0,0.0007335839327424765,17,6.5095045986266285e-12,0.0008705840446054935,113344,False,False,208355328,0.0006849579513072968,17,9.637591985824306e-12
500,124718,seed_0_after_12_queries,stage,0.02,1,113344,0.9088022578938084,133,53,-1.3520939623172732e-06,0.11939815304395648,0.11939680094999416,133,True,0.0,72,8160768,1,113344,0.1653324579820037,0.0007162499241530895,17,5.003855511204409e-12,0.17949308408424258,101,False,False,208355328,0.0006417909171432257,17,6.984242874382662e-12
500,124718,seed_0_after_12_queries,stage,0.02,2,113445,0.9096120848634519,133,30,-1.4511860040357332e-06,0.1169103464609122,0.11690889527490816,133,True,0.0,95,10770003,2,226789,0.05447170790284872,0.0006944590713828802,17,5.113684371592557e-12,0.2370959590189159,99,False,False,208355328,0.0006404160521924496,17,7.773068783068658e-12
500,124718,seed_0_after_12_queries,stage,0.02,3,113544,0.9104058756554788,133,51,-1.3966693488482204e-06,0.11372306239475583,0.11372166572540697,133,True,0.0,123,13949235,3,340333,0.0660669170320034,0.0007261659484356642,17,5.168355794915153e-12,0.3063145000487566,95,False,False,208355328,0.0007098750211298466,17,8.118060184888447e-12
500,124718,seed_0_after_12_queries,stage,0.02,4,113639,0.9111675940922722,133,98,-1.987153753813167e-06,0.10657635047150521,0.1065743633177514,133,True,0.0,151,17131127,4,453972,0.06833483278751373,0.0007457078900188208,17,5.1944615646310525e-12,0.37797274999320507,88,False,False,208355328,0.0006505418568849564,17,7.754701427893101e-12
500,124718,seed_0_after_12_queries,stage,0.02,5,113727,0.9118731859074071,133,153,-1.5376330939304453e-06,0.09885752714452209,0.09885598951142816,133,True,0.0,176,19974302,5,567699,0.060102124931290746,0.0007141251116991043,17,5.187227906070831e-12,0.4415894169360399,81,False,False,208355328,0.0006450829096138477,17,7.219525726261044e-12
500,124718,seed_0_after_12_queries,stage,0.02,6,113808,0.9125226511008836,133,9,-1.3909731680326853e-06,0.09389907041442522,0.09389767944125718,133,True,0.0,197,22364270,6,681507,0.051112249959260225,0.0007127078715711832,17,5.1270905771203515e-12,0.49622500012628734,77,False,False,208355328,0.0006770000327378511,17,6.4180519031115e-12
500,124718,seed_0_after_12_queries,stage,0.02,7,113885,0.9131400439391266,133,127,-1.0949915724823599e-06,0.07806556877098893,0.07806447377941644,133,True,0.0,220,24983625,7,795392,0.06269941688515246,0.0007433339487761259,17,5.150775005387422e-12,0.5622563750948757,61,False,False,208355328,0.000646041939035058,17,6.872788947151492e-12
500,124718,seed_0_after_12_queries,stage,0.02,8,113946,0.9136291473564361,133,155,-1.717879434234827e-06,0.07283554211459733,0.0728338242351631,133,True,0.0,246,27946221,8,909338,0.064614542061463,0.0007154999766498804,17,5.187871880669482e-12,0.6300399589817971,0,False,False,208355328,,,
500,124718,seed_0_after_12_queries,fallback,0.02,8,124718,1.0,133,,,0.0,,133,True,0.0,316,36676481,9,1034056,0.17565912497229874,0.0,0,0.0,0.8059738751035184,0,False,True,208355328,,,
1000,499361,seed_0_initial,stage,0.02,0,0,0.0,12,77,-0.0017863233459334757,2.113494805002452,2.1117084816565184,13,False,0.0020596752477041007,0,0,0,0,0.0,0.0007917499169707298,17,5.552394399799342e-12,0.0009556252043694258,470619,False,False,288702464,0.0007101660594344139,17,7.986833022803606e-12
1000,499361,seed_0_initial,stage,0.02,1,470619,0.9424424414401605,13,51,-0.0036916894743116192,0.24959747093211995,0.24590578145780834,13,True,0.0,83,39061377,1,470619,0.7610657911282033,0.0007833749987185001,17,8.911742856655234e-12,0.8189504172187299,446,False,False,316276736,0.0006806671153753996,17,8.195742992449132e-12
1000,499361,seed_0_initial,stage,0.02,2,471065,0.9433355828749141,13,30,-0.0038407444861423175,0.19405644779058034,0.19021570330443804,13,True,0.0,107,50366937,2,941684,0.22926095803268254,0.0008102920837700367,17,9.036666653960431e-12,1.0572145420592278,585,False,False,316276736,0.0006958339363336563,17,8.627891033104246e-12
1000,499361,seed_0_initial,stage,0.02,3,471650,0.9445070800483018,13,53,-0.003503290708802384,0.1762242943717719,0.1727210036629695,13,True,0.0,137,64516437,3,1413334,0.2860393750015646,0.0007634579669684172,17,9.209830134696325e-12,1.3509260001592338,1176,False,False,316276736,0.0007018749602138996,17,7.962090774374831e-12
1000,499361,seed_0_initial,stage,0.02,4,472826,0.9468620897507014,13,172,-0.004308747028217978,0.1586016947331805,0.15429294770496252,13,True,0.0,173,81538173,4,1886160,0.3407978331670165,0.0007417912129312754,17,9.340334362864025e-12,1.6993532089982182,644,False,False,316276736,0.000693208072334528,17,8.343701269266057e-12
1000,499361,seed_0_initial,stage,0.02,5,473470,0.9481517379210631,13,154,-0.0030306322778528814,0.15429301223107234,0.15126237995321945,13,True,0.0,214,100950443,5,2359630,0.383722583996132,0.0007634169887751341,17,9.26782259864568e-12,2.0904385840985924,516,False,False,316276736,0.0006897079292684793,17,7.582945518870367e-12
1000,499361,seed_0_initial,stage,0.02,6,473986,0.9491850585047691,13,173,-0.005633363172192752,0.12388343541055648,0.11825007223836373,13,True,0.0,253,119435897,6,2833616,0.39749229117296636,0.0007833328563719988,17,9.350744477459739e-12,2.4957662092056125,203,False,False,316276736,0.0006892909295856953,17,7.626395553432401e-12
1000,499361,seed_0_initial,stage,0.02,7,474189,0.9495915780367309,13,29,-0.0023292790138352004,0.08075710564107852,0.07842782662724332,13,True,0.0,282,133187378,7,3307805,0.2710929580498487,0.0007772089447826147,17,9.358108792711722e-12,2.7742843341547996,149,False,False,316276736,0.0006955408025532961,17,8.52746861947769e-12
1000,499361,seed_0_initial,stage,0.02,8,474338,0.9498899593680724,13,127,-0.002918510704665641,0.07578324752949313,0.07286473682482748,13,True,0.0,315,148840532,8,3782143,0.3128940409515053,0.0007882919162511826,17,9.360481286301969e-12,3.094871792010963,0,False,False,316276736,,,
1000,499361,seed_0_initial,fallback,0.02,8,499361,1.0,13,,,0.0,,13,True,0.0,377,179800914,9,4281504,0.6012256250251085,0.0,0,0.0,3.6968676671385765,0,False,True,316276736,,,
1000,499361,seed_0_after_6_queries,stage,0.02,0,0,0.0,77,78,-3.658817587069255e-06,2.308968305449781,2.3089646466321936,134,False,2.5716118571318206e-06,0,0,0,0,0.0,0.000786124961450696,17,5.726431002742544e-12,0.0009463750757277012,472493,False,False,316276736,0.000713458051905036,17,6.6916785898012964e-12
1000,499361,seed_0_after_6_queries,stage,0.02,1,472493,0.9461952375135423,134,51,-3.5330061808221046e-06,0.22111469225055844,0.2211111592443776,134,True,0.0,88,41579384,1,472493,0.821252082940191,0.0007830001413822174,17,7.28432654162209e-12,0.8780788329895586,397,False,False,316276736,0.0006813330110162497,17,6.713336611452927e-12
1000,499361,seed_0_after_6_queries,stage,0.02,2,472890,0.9469902535440292,134,30,-3.6728991426037385e-06,0.15527040034856407,0.15526672744942147,134,True,0.0,130,61440764,2,945383,0.3945369999855757,0.000761666800826788,17,7.30794211144962e-12,1.2809053750243038,449,False,False,316276736,0.000685832928866148,17,7.374582542324124e-12
1000,499361,seed_0_after_6_queries,stage,0.02,3,473339,0.9478894026565952,134,53,-3.5676257740791968e-06,0.13982673257159373,0.13982316494581964,134,True,0.0,161,76114273,3,1418722,0.30130141600966454,0.0007580420933663845,17,7.492299894326384e-12,1.5894971669185907,929,False,False,316276736,0.0006824592128396034,17,7.082188073845388e-12
1000,499361,seed_0_after_6_queries,stage,0.02,4,474268,0.94974978021912,134,172,-3.8078578945822957e-06,0.1332098940264493,0.13320608616855473,134,True,0.0,195,92239385,4,1892990,0.32901004096493125,0.0007444578222930431,17,7.678608575052933e-12,1.926251291995868,540,False,False,316276736,0.0006880001164972782,17,7.533866745760975e-12
1000,499361,seed_0_after_6_queries,stage,0.02,5,474808,0.9508311622253239,134,154,-3.375404771826436e-06,0.13032726037492245,0.13032388497015063,134,True,0.0,245,115979785,5,2367798,0.4668705831281841,0.0007638330571353436,17,7.607956095595625e-12,2.400772500084713,399,False,False,316276736,0.0006981659680604935,17,7.3577549330258e-12
1000,499361,seed_0_after_6_queries,stage,0.02,6,475207,0.9516301833743525,134,173,-4.129624222117295e-06,0.10508371484479535,0.10507958522057323,134,True,0.0,282,133562444,6,2843005,0.349231667118147,0.0007392498664557934,17,7.67134455841389e-12,2.757920332951471,175,False,False,316276736,0.0007983751129359007,17,7.30843507361033e-12
1000,499361,seed_0_after_6_queries,stage,0.02,7,475382,0.9519806312467334,134,127,-3.419123814696511e-06,0.06683110764958089,0.06682768852576619,134,True,0.0,318,150676196,7,3318387,0.33835745812393725,0.0007437500171363354,17,7.65278430529423e-12,3.1036192500032485,530,False,False,316276736,0.0006980001926422119,17,6.692520140909748e-12
1000,499361,seed_0_after_6_queries,stage,0.02,8,475912,0.9530419876602297,134,186,-4.0054469224693795e-06,0.05935929063505169,0.059355285188129214,134,True,0.0,351,166381292,8,3794299,0.3140952088870108,0.0008044589776545763,17,7.502013598825175e-12,3.425727792084217,0,False,False,316276736,,,
1000,499361,seed_0_after_6_queries,fallback,0.02,8,499361,1.0,134,,,0.0,,134,True,0.0,386,183858927,9,4293660,0.3546942910179496,0.0,0,0.0,3.7808241669554263,0,False,True,316276736,,,
1000,499361,seed_0_after_12_queries,stage,0.02,0,0,0.0,133,78,-7.198578147981168e-06,1.9591885552245891,1.9591813566464409,133,True,0.0,0,0,0,0,0.0,0.0007558329962193966,17,5.74691848605696e-12,0.0009128330275416374,467413,False,False,316276736,0.0007165409624576569,17,8.827130215614489e-12
1000,499361,seed_0_after_12_queries,stage,0.02,1,467413,0.9360222364181424,133,51,-1.1768382310152896e-06,0.22286409265742785,0.22286291581919684,133,True,0.0,74,34588562,1,467413,0.6942165829241276,0.0007955420296639204,17,6.987451165655454e-12,0.7507547079585493,400,False,False,316276736,0.0006758340168744326,17,9.856252754426643e-12
1000,499361,seed_0_after_12_queries,stage,0.02,2,467813,0.9368232601264416,133,30,-1.3173926603137973e-06,0.15625942580428392,0.1562581084116236,133,True,0.0,108,50494204,2,935226,0.3193734160158783,0.0007802499458193779,17,7.026956076154475e-12,1.0785023749340326,550,False,False,316276736,0.0006868748459964991,17,9.24671300927944e-12
1000,499361,seed_0_after_12_queries,stage,0.02,3,468363,0.937924667725353,133,53,-1.2117019956698213e-06,0.1429052207703656,0.14290400906836995,133,True,0.0,156,72975628,3,1403589,0.4433530420064926,0.0007759588770568371,17,7.176654731328055e-12,1.5296870830934495,1105,False,False,316276736,0.000699915923178196,17,8.296832977697392e-12
1000,499361,seed_0_after_12_queries,stage,0.02,4,469468,0.9401374957195295,133,172,-1.457599925253018e-06,0.13538502532357838,0.13538356772365312,133,True,0.0,187,87529136,4,1873057,0.2973149169702083,0.0007532502058893442,17,7.324547516737654e-12,1.8348438749089837,588,False,False,316276736,0.0006977920420467854,17,9.065876164144368e-12
1000,499361,seed_0_after_12_queries,stage,0.02,5,470056,0.9413150005707294,133,154,-1.0224023087569002e-06,0.13186421037478088,0.13186318797247212,133,True,0.0,226,105861320,5,2343113,0.36305945785716176,0.0007608749438077211,17,7.29467580101756e-12,2.2059450829401612,425,False,False,316276736,0.0007688750047236681,17,9.443655152915305e-12
1000,499361,seed_0_after_12_queries,stage,0.02,6,470481,0.9421660882607973,133,173,-1.7810851589806727e-06,0.10673027912564957,0.10672849804049059,133,True,0.0,262,122798636,6,2813594,0.34452366596087813,0.000788999954238534,17,7.364090280481032e-12,2.5585940000601113,178,False,False,316276736,0.0006870001088827848,17,8.819584376293171e-12
1000,499361,seed_0_after_12_queries,stage,0.02,7,470659,0.9425225438109904,133,186,-1.655076870430362e-06,0.06186401085217282,0.06186235577530239,133,True,0.0,296,138801042,7,3284253,0.32777887489646673,0.000765542034059763,17,7.364651359234101e-12,2.8945547500625253,90,False,False,316276736,0.0007235000375658274,18,1.7692955656691125e-12
1000,499361,seed_0_after_12_queries,stage,0.02,8,470749,0.9427027741453577,133,17,-1.7100248214546448e-06,0.0592011729099706,0.05919946288514915,133,True,0.0,320,150099018,8,3755002,0.23153304099105299,0.000747875077649951,17,7.380496442482371e-12,3.1335722079966217,0,False,False,316276736,,,
1000,499361,seed_0_after_12_queries,fallback,0.02,8,499361,1.0,133,,,0.0,,133,True,0.0,391,185553649,9,4254363,0.6876738748978823,0.0,0,0.0,3.821708207949996,0,False,True,316276736,,,
2142,2292440,seed_0_initial,stage,0.02,0,0,0.0,12,24,-0.0018944876028962679,2.729254598540663,2.7273601109377665,10,False,0.003384262097145801,0,0,0,0,0.0,0.0008013751357793808,16,6.587882112229671e-12,0.0011485829018056393,2223464,False,False,317112320,0.0008499159011989832,18,3.258389145657494e-12
2142,2292440,seed_0_initial,stage,0.02,1,2223464,0.9699115353073581,10,187,-0.00522393456021944,0.1803460575586424,0.17512212299842295,10,True,0.0,114,253474896,1,2223464,4.802289792103693,0.0008818330243229866,18,2.380947031828171e-12,5.105809082975611,1787,False,False,337920000,0.0008960829582065344,18,2.6197395377303803e-12
2142,2292440,seed_0_initial,stage,0.02,2,2225251,0.9706910540733891,10,38,-0.0057985990303853555,0.1412371519907301,0.13543855296034474,10,True,0.0,165,366962697,2,4448715,2.187720207963139,0.000869374955072999,18,2.3418216520227946e-12,7.321505083004013,1141,False,False,337920000,0.0008071251213550568,18,2.5700465863252125e-12
2142,2292440,seed_0_initial,stage,0.02,3,2226392,0.9711887770236081,10,84,-0.007083098270077444,0.12807229378532903,0.12098919551525159,10,True,0.0,213,473829513,3,6675107,2.0453996248543262,0.0009347500745207071,18,2.3624002752597047e-12,9.393606040859595,534,False,False,338296832,0.0008968748152256012,18,2.6899697055877415e-12
2142,2292440,seed_0_initial,stage,0.02,4,2226926,0.9714217165989077,10,40,-0.005516994157677115,0.12288922163977445,0.11737222748209733,10,True,0.0,241,536183441,4,8902033,1.3471960409078747,0.0009456248953938484,18,2.3701873657613325e-12,10.768958624918014,598,False,False,338919424,0.0008107088506221771,18,2.881645199106736e-12
2142,2292440,seed_0_initial,stage,0.02,5,2227524,0.9716825740259287,10,119,-0.003408836330184843,0.10008968277391254,0.09668084644372771,10,True,0.0,283,629739449,5,11129557,1.9860859999898821,0.0008830840233713388,18,2.373563974564214e-12,12.787275749957189,1066,False,False,338919424,0.0008180420845746994,18,2.5059090463735275e-12
2142,2292440,seed_0_initial,stage,0.02,6,2228590,0.9721475807436618,10,160,-0.007047678112366019,0.10044352101516081,0.09339584290279479,10,True,0.0,346,770140619,6,13358147,2.7729924579616636,0.0008874158374965191,18,2.35263438540671e-12,15.587762832874432,388,False,False,338919424,0.0008149999193847179,18,2.560668493708657e-12
2142,2292440,seed_0_initial,stage,0.02,7,2228978,0.9723168327197222,10,72,-0.0069145784327646585,0.07679763374427442,0.06988305531150976,10,True,0.0,396,881589519,7,15587125,2.15217304113321,0.0009236249607056379,18,2.3520588365019243e-12,17.77044150000438,255,False,False,338919424,0.0008236248977482319,18,2.4309928535781183e-12
2142,2292440,seed_0_initial,stage,0.02,8,2229233,0.9724280679101743,10,173,-0.007996744545127762,0.07222858785564182,0.06423184331051406,10,True,0.0,438,975217305,8,17816358,1.902281415881589,0.0008896661456674337,18,2.355137584102045e-12,19.70446554105729,0,False,False,338919424,,,
2142,2292440,seed_0_initial,fallback,0.02,8,2292440,1.0,10,,,0.0,,10,True,0.0,515,1151735185,9,20108798,3.6550562081392854,0.0,0,0.0,23.361202207859606,0,False,True,338919424,,,
2142,2292440,seed_0_after_6_queries,stage,0.02,0,0,0.0,77,24,-3.623413884891314e-06,2.761133667897239,2.761130044483354,71,False,2.513394960076205e-06,0,0,0,0,0.0,0.0009275840129703283,16,8.550567403613106e-12,0.0014300409238785505,2222981,False,False,338919424,0.0009383340366184711,18,2.478976106118234e-12
2142,2292440,seed_0_after_6_queries,stage,0.02,1,2222981,0.9697008427701488,71,8,-3.1574978966379342e-06,0.4956193229122262,0.49561616541432957,71,True,0.0,98,217852138,1,2222981,4.4572211659979075,0.0009772919584065676,18,2.9094122437520095e-12,4.833212707890198,10328,False,False,369623040,0.0008760420605540276,17,9.624254306308327e-12
2142,2292440,seed_0_after_6_queries,stage,0.02,2,2233309,0.9742060860916752,71,9,-3.103953211031995e-06,0.3379145630417086,0.33791145908849757,71,True,0.0,168,374183768,2,4456290,3.162521791877225,0.0010103750973939896,18,1.8290576820420985e-12,8.024484790861607,2086,False,False,369623040,0.0008319581393152475,18,2.3056798342620086e-12
2142,2292440,seed_0_after_6_queries,stage,0.02,3,2235395,0.9751160335712167,71,94,-3.9375918078502905e-06,0.09722318019522128,0.09721924260341343,71,True,0.0,210,468070358,3,6691685,1.9210324580781162,0.0009427499026060104,18,1.6635884089449089e-12,9.980537749826908,448,False,False,369623040,0.0008224169723689556,18,2.4975806829453116e-12
2142,2292440,seed_0_after_6_queries,stage,0.02,4,2235843,0.9753114585332658,71,102,-3.877987311082346e-06,0.08995184491415117,0.0899479669268401,71,True,0.0,260,579862508,4,8927528,2.2497647090349346,0.0008880840614438057,18,1.6432870573938131e-12,12.256699790945277,310,False,False,369623040,0.0008049171883612871,18,2.4411739154387247e-12
2142,2292440,seed_0_after_6_queries,stage,0.02,5,2236153,0.975446685627541,71,38,-3.4678902149734676e-06,0.08236722514890367,0.08236375725868869,71,True,0.0,305,680489393,5,11163681,1.998207583790645,0.0009264999534934759,18,1.6243695790882267e-12,14.281031915917993,403,False,False,369623040,0.0008577501866966486,17,9.292344513454242e-12
2142,2292440,seed_0_after_6_queries,stage,0.02,6,2236556,0.9756224808500986,71,84,-3.7766697223970508e-06,0.0754849054551315,0.07548112878540911,71,True,0.0,345,769951633,6,13400237,1.9752538341563195,0.0009455408435314894,18,1.6250262906214303e-12,16.282827832968906,289,False,False,369623040,0.0011070829350501299,18,2.3043480467630428e-12
2142,2292440,seed_0_after_6_queries,stage,0.02,7,2236845,0.9757485473992776,71,40,-3.390946538424532e-06,0.06976743493116201,0.06976404398462359,71,True,0.0,374,834820138,7,15637082,1.390097290975973,0.0011876251082867384,18,1.621596289757736e-12,17.702635082881898,270,False,False,369623040,0.0008271248079836369,18,2.440516315857141e-12
2142,2292440,seed_0_after_6_queries,stage,0.02,8,2237115,0.9758663258362269,71,160,-3.772992781293586e-06,0.06660957529482744,0.06660580230204614,71,True,0.0,414,924304738,8,17874197,1.8205097920726985,0.0008917090017348528,18,1.619814816889941e-12,19.54921349999495,0,False,False,369623040,,,
2142,2292440,seed_0_after_6_queries,fallback,0.02,8,2292440,1.0,71,,,0.0,,71,True,0.0,490,1098530178,9,20166637,3.5382196670398116,0.0,0,0.0,23.093874082900584,0,False,True,369623040,,,
2142,2292440,seed_0_after_12_queries,stage,0.02,0,0,0.0,133,24,-7.163128076212676e-06,2.38773155769122,2.3877243945631434,10,False,1.2449572971333115e-06,0,0,0,0,0.0,0.0008417910430580378,16,8.959035911966675e-12,0.001210582908242941,2210891,False,False,369623040,0.0008445838466286659,18,3.2888587797806624e-12
2142,2292440,seed_0_after_12_queries,stage,0.02,1,2210891,0.9644269860934201,10,8,-2.1183231110917347e-06,0.5266049380305958,0.5266028197074847,10,True,0.0,92,203401972,1,2210891,4.381575042149052,0.0010230420157313347,18,2.895322710419739e-12,4.725264707813039,13098,False,False,378912768,0.0008435409981757402,18,2.362165013290599e-12
2142,2292440,seed_0_after_12_queries,stage,0.02,2,2223989,0.9701405489347594,10,9,-2.1509862227257637e-06,0.3542496532658469,0.35424750227962415,10,True,0.0,163,361305191,2,4434880,3.003333958797157,0.001006874954327941,18,1.8221084499224224e-12,7.761259916936979,2688,False,False,378912768,0.0008348328992724419,18,2.807362145263214e-12
2142,2292440,seed_0_after_12_queries,stage,0.02,3,2226677,0.9713130987070545,10,72,-2.150683674813527e-06,0.21838427306383695,0.21838212238016214,10,True,0.0,211,468185687,3,6661557,2.052526667015627,0.0008922091219574213,18,1.6255650905044213e-12,9.840025207959116,1612,False,False,378912768,0.0008570828940719366,18,2.258324432485602e-12
2142,2292440,seed_0_after_12_queries,stage,0.02,4,2228289,0.972016279597285,10,187,-2.3458778745013e-06,0.09265311187836564,0.09265076600049114,10,True,0.0,253,561773825,4,8889846,1.8386854159180075,0.0012318750377744436,18,1.5938571827485423e-12,11.705731791909784,735,False,False,378912768,0.0008897499646991491,18,2.573849333084338e-12
2142,2292440,seed_0_after_12_queries,stage,0.02,5,2229024,0.9723368986756469,10,188,-2.9644893752177513e-06,0.07466273594147911,0.0746597714521039,10,True,0.0,297,659850881,5,11118870,1.9574726668652147,0.0008961248677223921,18,1.5876873493844877e-12,13.691259582992643,359,False,False,378912768,0.0010154577903449535,18,2.456104988701803e-12
2142,2292440,seed_0_after_12_queries,stage,0.02,6,2229383,0.9724935003751461,10,102,-2.9198856262936e-06,0.07059626225955189,0.07059334237392559,10,True,0.0,343,762402499,6,13348253,2.0035416251048446,0.0009432497899979353,18,1.5713791035495429e-12,15.7217665000353,229,False,False,378912768,0.0008074168581515551,18,2.7655230827154943e-12
2142,2292440,seed_0_after_12_queries,stage,0.02,7,2229612,0.9725933939383364,10,38,-2.5063114488606787e-06,0.06973161628356143,0.06972910997211257,10,True,0.0,384,853816591,7,15577865,1.9223008749540895,0.0008795838803052902,18,1.5572903075796449e-12,17.669512166874483,407,False,False,378912768,0.0008229580707848072,18,2.54669708652097e-12
2142,2292440,seed_0_after_12_queries,stage,0.02,8,2230019,0.9727709340266266,10,84,-2.8182107481686443e-06,0.06496580944260222,0.06496299123185405,10,True,0.0,419,931867256,8,17807884,1.5297964587807655,0.0010229579638689756,18,1.5592887412432817e-12,19.22727429191582,0,False,False,378912768,,,
2142,2292440,seed_0_after_12_queries,fallback,0.02,8,2292440,1.0,10,,,0.0,,10,True,0.0,499,1115262456,9,20100324,3.4742469168268144,0.0,0,0.0,22.702849624911323,0,False,True,378912768,,,
