state_id,grid_size,source_replicate,checkpoint,method,stage,active_count,active_indices,active_mask_semantics,leader_index,challenger_index,sparse_gap,structural_bound,inference_bound,envelope,ess_fraction,proposal,activated_indices,stopped,inference_seconds,challenger_seconds,cumulative_seconds,work
n40_r-2_early_q4,40,-2,early,FULL,0,1600,"[0, 1, 2, 3, 4, 5, 6, 7, 8, 9, 10, 11, 12, 13, 14, 15, 16, 17, 18, 19, 20, 21, 22, 23, 24, 25, 26, 27, 28, 29, 30, 31, 32, 33, 34, 35, 36, 37, 38, 39, 40, 41, 42, 43, 44, 45, 46, 47, 48, 49, 50, 51, 52, 53, 54, 55, 56, 57, 58, 59, 60, 61, 62, 63, 64, 65, 66, 67, 68, 69, 70, 71, 72, 73, 74, 75, 76, 77, 78, 79, 80, 81, 82, 83, 84, 85, 86, 87, 88, 89, 90, 91, 92, 93, 94, 95, 96, 97, 98, 99, 100, 101, 102, 103, 104, 105, 106, 107, 108, 109, 110, 111, 112, 113, 114, 115, 116, 117, 118, 119, 120, 121, 122, 123, 124, 125, 126, 127, 128, 129, 130, 131, 132, 133, 134, 135, 136, 137, 138, 139, 140, 141, 142, 143, 144, 145, 146, 147, 148, 149, 150, 151, 152, 153, 154, 155, 156, 157, 158, 159, 160, 161, 162, 163, 164, 165, 166, 167, 168, 169, 170, 171, 172, 173, 174, 175, 176, 177, 178, 179, 180, 181, 182, 183, 184, 185, 186, 187, 188, 189, 190, 191, 192, 193, 194, 195, 196, 197, 198, 199, 200, 201, 202, 203, 204, 205, 206, 207, 208, 209, 210, 211, 212, 213, 214, 215, 216, 217, 218, 219, 220, 221, 222, 223, 224, 225, 226, 227, 228, 229, 230, 231, 232, 233, 234, 235, 236, 237, 238, 239, 240, 241, 242, 243, 244, 245, 246, 247, 248, 249, 250, 251, 252, 253, 254, 255, 256, 257, 258, 259, 260, 261, 262, 263, 264, 265, 266, 267, 268, 269, 270, 271, 272, 273, 274, 275, 276, 277, 278, 279, 280, 281, 282, 283, 284, 285, 286, 287, 288, 289, 290, 291, 292, 293, 294, 295, 296, 297, 298, 299, 300, 301, 302, 303, 304, 305, 306, 307, 308, 309, 310, 311, 312, 313, 314, 315, 316, 317, 318, 319, 320, 321, 322, 323, 324, 325, 326, 327, 328, 329, 330, 331, 332, 333, 334, 335, 336, 337, 338, 339, 340, 341, 342, 343, 344, 345, 346, 347, 348, 349, 350, 351, 352, 353, 354, 355, 356, 357, 358, 359, 360, 361, 362, 363, 364, 365, 366, 367, 368, 369, 370, 371, 372, 373, 374, 375, 376, 377, 378, 379, 380, 381, 382, 383, 384, 385, 386, 387, 388, 389, 390, 391, 392, 393, 394, 395, 396, 397, 398, 399, 400, 401, 402, 403, 404, 405, 406, 407, 408, 409, 410, 411, 412, 413, 414, 415, 416, 417, 418, 419, 420, 421, 422, 423, 424, 425, 426, 427, 428, 429, 430, 431, 432, 433, 434, 435, 436, 437, 438, 439, 440, 441, 442, 443, 444, 445, 446, 447, 448, 449, 450, 451, 452, 453, 454, 455, 456, 457, 458, 459, 460, 461, 462, 463, 464, 465, 466, 467, 468, 469, 470, 471, 472, 473, 474, 475, 476, 477, 478, 479, 480, 481, 482, 483, 484, 485, 486, 487, 488, 489, 490, 491, 492, 493, 494, 495, 496, 497, 498, 499, 500, 501, 502, 503, 504, 505, 506, 507, 508, 509, 510, 511, 512, 513, 514, 515, 516, 517, 518, 519, 520, 521, 522, 523, 524, 525, 526, 527, 528, 529, 530, 531, 532, 533, 534, 535, 536, 537, 538, 539, 540, 541, 542, 543, 544, 545, 546, 547, 548, 549, 550, 551, 552, 553, 554, 555, 556, 557, 558, 559, 560, 561, 562, 563, 564, 565, 566, 567, 568, 569, 570, 571, 572, 573, 574, 575, 576, 577, 578, 579, 580, 581, 582, 583, 584, 585, 586, 587, 588, 589, 590, 591, 592, 593, 594, 595, 596, 597, 598, 599, 600, 601, 602, 603, 604, 605, 606, 607, 608, 609, 610, 611, 612, 613, 614, 615, 616, 617, 618, 619, 620, 621, 622, 623, 624, 625, 626, 627, 628, 629, 630, 631, 632, 633, 634, 635, 636, 637, 638, 639, 640, 641, 642, 643, 644, 645, 646, 647, 648, 649, 650, 651, 652, 653, 654, 655, 656, 657, 658, 659, 660, 661, 662, 663, 664, 665, 666, 667, 668, 669, 670, 671, 672, 673, 674, 675, 676, 677, 678, 679, 680, 681, 682, 683, 684, 685, 686, 687, 688, 689, 690, 691, 692, 693, 694, 695, 696, 697, 698, 699, 700, 701, 702, 703, 704, 705, 706, 707, 708, 709, 710, 711, 712, 713, 714, 715, 716, 717, 718, 719, 720, 721, 722, 723, 724, 725, 726, 727, 728, 729, 730, 731, 732, 733, 734, 735, 736, 737, 738, 739, 740, 741, 742, 743, 744, 745, 746, 747, 748, 749, 750, 751, 752, 753, 754, 755, 756, 757, 758, 759, 760, 761, 762, 763, 764, 765, 766, 767, 768, 769, 770, 771, 772, 773, 774, 775, 776, 777, 778, 779, 780, 781, 782, 783, 784, 785, 786, 787, 788, 789, 790, 791, 792, 793, 794, 795, 796, 797, 798, 799, 800, 801, 802, 803, 804, 805, 806, 807, 808, 809, 810, 811, 812, 813, 814, 815, 816, 817, 818, 819, 820, 821, 822, 823, 824, 825, 826, 827, 828, 829, 830, 831, 832, 833, 834, 835, 836, 837, 838, 839, 840, 841, 842, 843, 844, 845, 846, 847, 848, 849, 850, 851, 852, 853, 854, 855, 856, 857, 858, 859, 860, 861, 862, 863, 864, 865, 866, 867, 868, 869, 870, 871, 872, 873, 874, 875, 876, 877, 878, 879, 880, 881, 882, 883, 884, 885, 886, 887, 888, 889, 890, 891, 892, 893, 894, 895, 896, 897, 898, 899, 900, 901, 902, 903, 904, 905, 906, 907, 908, 909, 910, 911, 912, 913, 914, 915, 916, 917, 918, 919, 920, 921, 922, 923, 924, 925, 926, 927, 928, 929, 930, 931, 932, 933, 934, 935, 936, 937, 938, 939, 940, 941, 942, 943, 944, 945, 946, 947, 948, 949, 950, 951, 952, 953, 954, 955, 956, 957, 958, 959, 960, 961, 962, 963, 964, 965, 966, 967, 968, 969, 970, 971, 972, 973, 974, 975, 976, 977, 978, 979, 980, 981, 982, 983, 984, 985, 986, 987, 988, 989, 990, 991, 992, 993, 994, 995, 996, 997, 998, 999, 1000, 1001, 1002, 1003, 1004, 1005, 1006, 1007, 1008, 1009, 1010, 1011, 1012, 1013, 1014, 1015, 1016, 1017, 1018, 1019, 1020, 1021, 1022, 1023, 1024, 1025, 1026, 1027, 1028, 1029, 1030, 1031, 1032, 1033, 1034, 1035, 1036, 1037, 1038, 1039, 1040, 1041, 1042, 1043, 1044, 1045, 1046, 1047, 1048, 1049, 1050, 1051, 1052, 1053, 1054, 1055, 1056, 1057, 1058, 1059, 1060, 1061, 1062, 1063, 1064, 1065, 1066, 1067, 1068, 1069, 1070, 1071, 1072, 1073, 1074, 1075, 1076, 1077, 1078, 1079, 1080, 1081, 1082, 1083, 1084, 1085, 1086, 1087, 1088, 1089, 1090, 1091, 1092, 1093, 1094, 1095, 1096, 1097, 1098, 1099, 1100, 1101, 1102, 1103, 1104, 1105, 1106, 1107, 1108, 1109, 1110, 1111, 1112, 1113, 1114, 1115, 1116, 1117, 1118, 1119, 1120, 1121, 1122, 1123, 1124, 1125, 1126, 1127, 1128, 1129, 1130, 1131, 1132, 1133, 1134, 1135, 1136, 1137, 1138, 1139, 1140, 1141, 1142, 1143, 1144, 1145, 1146, 1147, 1148, 1149, 1150, 1151, 1152, 1153, 1154, 1155, 1156, 1157, 1158, 1159, 1160, 1161, 1162, 1163, 1164, 1165, 1166, 1167, 1168, 1169, 1170, 1171, 1172, 1173, 1174, 1175, 1176, 1177, 1178, 1179, 1180, 1181, 1182, 1183, 1184, 1185, 1186, 1187, 1188, 1189, 1190, 1191, 1192, 1193, 1194, 1195, 1196, 1197, 1198, 1199, 1200, 1201, 1202, 1203, 1204, 1205, 1206, 1207, 1208, 1209, 1210, 1211, 1212, 1213, 1214, 1215, 1216, 1217, 1218, 1219, 1220, 1221, 1222, 1223, 1224, 1225, 1226, 1227, 1228, 1229, 1230, 1231, 1232, 1233, 1234, 1235, 1236, 1237, 1238, 1239, 1240, 1241, 1242, 1243, 1244, 1245, 1246, 1247, 1248, 1249, 1250, 1251, 1252, 1253, 1254, 1255, 1256, 1257, 1258, 1259, 1260, 1261, 1262, 1263, 1264, 1265, 1266, 1267, 1268, 1269, 1270, 1271, 1272, 1273, 1274, 1275, 1276, 1277, 1278, 1279, 1280, 1281, 1282, 1283, 1284, 1285, 1286, 1287, 1288, 1289, 1290, 1291, 1292, 1293, 1294, 1295, 1296, 1297, 1298, 1299, 1300, 1301, 1302, 1303, 1304, 1305, 1306, 1307, 1308, 1309, 1310, 1311, 1312, 1313, 1314, 1315, 1316, 1317, 1318, 1319, 1320, 1321, 1322, 1323, 1324, 1325, 1326, 1327, 1328, 1329, 1330, 1331, 1332, 1333, 1334, 1335, 1336, 1337, 1338, 1339, 1340, 1341, 1342, 1343, 1344, 1345, 1346, 1347, 1348, 1349, 1350, 1351, 1352, 1353, 1354, 1355, 1356, 1357, 1358, 1359, 1360, 1361, 1362, 1363, 1364, 1365, 1366, 1367, 1368, 1369, 1370, 1371, 1372, 1373, 1374, 1375, 1376, 1377, 1378, 1379, 1380, 1381, 1382, 1383, 1384, 1385, 1386, 1387, 1388, 1389, 1390, 1391, 1392, 1393, 1394, 1395, 1396, 1397, 1398, 1399, 1400, 1401, 1402, 1403, 1404, 1405, 1406, 1407, 1408, 1409, 1410, 1411, 1412, 1413, 1414, 1415, 1416, 1417, 1418, 1419, 1420, 1421, 1422, 1423, 1424, 1425, 1426, 1427, 1428, 1429, 1430, 1431, 1432, 1433, 1434, 1435, 1436, 1437, 1438, 1439, 1440, 1441, 1442, 1443, 1444, 1445, 1446, 1447, 1448, 1449, 1450, 1451, 1452, 1453, 1454, 1455, 1456, 1457, 1458, 1459, 1460, 1461, 1462, 1463, 1464, 1465, 1466, 1467, 1468, 1469, 1470, 1471, 1472, 1473, 1474, 1475, 1476, 1477, 1478, 1479, 1480, 1481, 1482, 1483, 1484, 1485, 1486, 1487, 1488, 1489, 1490, 1491, 1492, 1493, 1494, 1495, 1496, 1497, 1498, 1499, 1500, 1501, 1502, 1503, 1504, 1505, 1506, 1507, 1508, 1509, 1510, 1511, 1512, 1513, 1514, 1515, 1516, 1517, 1518, 1519, 1520, 1521, 1522, 1523, 1524, 1525, 1526, 1527, 1528, 1529, 1530, 1531, 1532, 1533, 1534, 1535, 1536, 1537, 1538, 1539, 1540, 1541, 1542, 1543, 1544, 1545, 1546, 1547, 1548, 1549, 1550, 1551, 1552, 1553, 1554, 1555, 1556, 1557, 1558, 1559, 1560, 1561, 1562, 1563, 1564, 1565, 1566, 1567, 1568, 1569, 1570, 1571, 1572, 1573, 1574, 1575, 1576, 1577, 1578, 1579, 1580, 1581, 1582, 1583, 1584, 1585, 1586, 1587, 1588, 1589, 1590, 1591, 1592, 1593, 1594, 1595, 1596, 1597, 1598, 1599]",INFERENCE_AND_ENVELOPE_PRE_ACTIVATION,699,700,-0.01050878807661485,0.0,0.08834913274022786,0.07784034466361302,0.18296480105403623,LAPLACE_SNIS,[],True,0.30356866703368723,1.3875076547265053e-05,0.38497474999167025,"{""factor_energy_evaluations"": 6564800, ""factor_gradient_elements"": 54880, ""factor_hessian_elements"": 154272, ""sparse_comparison_solves"": 0}"
n40_r-2_early_q4,40,-2,early,ADAPTIVE_INFLUENCE,0,0,[],INFERENCE_AND_ENVELOPE_PRE_ACTIVATION,699,900,-0.0004284370311221611,0.40877280571404595,0.0393568047889914,0.4477011734719152,1.0,GP_REFERENCE_SNIS,"[900, 699, 860, 901, 899, 940, 659, 700, 698, 739]",False,0.0016327921766787767,0.010412042029201984,0.016244250116869807,"{""factor_energy_evaluations"": 0, ""factor_gradient_elements"": 0, ""factor_hessian_elements"": 0, ""sparse_comparison_solves"": 2}"
n40_r-2_early_q4,40,-2,early,ADAPTIVE_INFLUENCE,1,10,"[659, 698, 699, 700, 739, 860, 899, 900, 901, 940]",INFERENCE_AND_ENVELOPE_PRE_ACTIVATION,699,899,-0.014013781769739863,0.16535291234911215,0.038261228487166905,0.1896003590665392,0.9605558652658541,GP_REFERENCE_SNIS,"[859, 898, 939, 858, 938, 660, 658, 740, 738, 897]",False,0.002127957995980978,0.010055084014311433,0.02845641621388495,"{""factor_energy_evaluations"": 20480, ""factor_gradient_elements"": 0, ""factor_hessian_elements"": 0, ""sparse_comparison_solves"": 4}"
n40_r-2_early_q4,40,-2,early,ADAPTIVE_INFLUENCE,2,20,"[658, 659, 660, 698, 699, 700, 738, 739, 740, 858, 859, 860, 897, 898, 899, 900, 901, 938, 939, 940]",INFERENCE_AND_ENVELOPE_PRE_ACTIVATION,699,700,-0.01101197349989851,0.0988674330137951,0.036151945166461925,0.12400740468035851,0.9213568779294414,GP_REFERENCE_SNIS,"[701, 661, 741, 620, 619, 780, 702, 697, 621, 618]",False,0.0028213749174028635,0.00986166694201529,0.041167750023305416,"{""factor_energy_evaluations"": 61440, ""factor_gradient_elements"": 0, ""factor_hessian_elements"": 0, ""sparse_comparison_solves"": 6}"
n40_r-2_early_q4,40,-2,early,ADAPTIVE_INFLUENCE,3,30,"[618, 619, 620, 621, 658, 659, 660, 661, 697, 698, 699, 700, 701, 702, 738, 739, 740, 741, 780, 858, 859, 860, 897, 898, 899, 900, 901, 938, 939, 940]",INFERENCE_AND_ENVELOPE_PRE_ACTIVATION,699,900,-0.004394345679832955,0.061078246963393173,0.03947384491030583,0.09615774619386605,0.8832280467739224,GP_REFERENCE_SNIS,"[861, 941, 820, 902, 980, 821, 819, 862, 942, 979]",False,0.0036456671077758074,0.009788790950551629,0.05463329120539129,"{""factor_energy_evaluations"": 122880, ""factor_gradient_elements"": 0, ""factor_hessian_elements"": 0, ""sparse_comparison_solves"": 8}"
n40_r-2_early_q4,40,-2,early,ADAPTIVE_INFLUENCE,4,40,"[618, 619, 620, 621, 658, 659, 660, 661, 697, 698, 699, 700, 701, 702, 738, 739, 740, 741, 780, 819, 820, 821, 858, 859, 860, 861, 862, 897, 898, 899, 900, 901, 902, 938, 939, 940, 941, 942, 979, 980]",INFERENCE_AND_ENVELOPE_PRE_ACTIVATION,699,900,-0.004986086496025692,0.028576906658727322,0.03997546528519418,0.0635662854478958,0.8426825419876266,GP_REFERENCE_SNIS,"[981, 657, 737, 779, 778, 781, 818, 903, 1020, 579]",False,0.0037028330843895674,0.009897707961499691,0.06826345808804035,"{""factor_energy_evaluations"": 204800, ""factor_gradient_elements"": 0, ""factor_hessian_elements"": 0, ""sparse_comparison_solves"": 10}"
n40_r-2_early_q4,40,-2,early,ADAPTIVE_INFLUENCE,5,50,"[579, 618, 619, 620, 621, 657, 658, 659, 660, 661, 697, 698, 699, 700, 701, 702, 737, 738, 739, 740, 741, 778, 779, 780, 781, 818, 819, 820, 821, 858, 859, 860, 861, 862, 897, 898, 899, 900, 901, 902, 903, 938, 939, 940, 941, 942, 979, 980, 981, 1020]",INFERENCE_AND_ENVELOPE_PRE_ACTIVATION,699,899,-0.011176906832477875,0.021251464707485398,0.042023622647079505,0.05209818052208703,0.8095786316275103,GP_REFERENCE_SNIS,[],True,0.0042117920238524675,0.005088791949674487,0.07759387511759996,"{""factor_energy_evaluations"": 307200, ""factor_gradient_elements"": 0, ""factor_hessian_elements"": 0, ""sparse_comparison_solves"": 11}"
n40_r-2_early_q4,40,-2,early,DYNAMIC_GEOMETRIC_SHELL,0,0,[],INFERENCE_AND_ENVELOPE_PRE_ACTIVATION,699,900,-0.0004284370311221611,0.40877280571404595,0.0393568047889914,0.4477011734719152,1.0,GP_REFERENCE_SNIS,"[659, 698, 699, 700, 739, 860, 899, 900, 901, 940]",False,0.0017092081252485514,0.01491550006903708,0.020967249991372228,"{""factor_energy_evaluations"": 0, ""factor_gradient_elements"": 0, ""factor_hessian_elements"": 0, ""sparse_comparison_solves"": 1}"
n40_r-2_early_q4,40,-2,early,DYNAMIC_GEOMETRIC_SHELL,1,10,"[659, 698, 699, 700, 739, 860, 899, 900, 901, 940]",INFERENCE_AND_ENVELOPE_PRE_ACTIVATION,699,899,-0.014013781769739863,0.16535291234911215,0.038261228487166905,0.1896003590665392,0.9605558652658541,GP_REFERENCE_SNIS,"[859, 898, 939, 619, 658, 660, 697, 701, 738, 740]",False,0.002356833079829812,0.014990583062171936,0.03834987501613796,"{""factor_energy_evaluations"": 20480, ""factor_gradient_elements"": 0, ""factor_hessian_elements"": 0, ""sparse_comparison_solves"": 2}"
n40_r-2_early_q4,40,-2,early,DYNAMIC_GEOMETRIC_SHELL,2,20,"[619, 658, 659, 660, 697, 698, 699, 700, 701, 738, 739, 740, 859, 860, 898, 899, 900, 901, 939, 940]",INFERENCE_AND_ENVELOPE_PRE_ACTIVATION,699,900,-0.0017125238599807482,0.07565843817789117,0.03856103495450555,0.11250694927241597,0.9202007244937577,GP_REFERENCE_SNIS,"[779, 820, 861, 902, 941, 980, 579, 618, 620, 657]",False,0.0031159589998424053,0.014149792026728392,0.055645417189225554,"{""factor_energy_evaluations"": 61440, ""factor_gradient_elements"": 0, ""factor_hessian_elements"": 0, ""sparse_comparison_solves"": 3}"
n40_r-2_early_q4,40,-2,early,DYNAMIC_GEOMETRIC_SHELL,3,30,"[579, 618, 619, 620, 657, 658, 659, 660, 697, 698, 699, 700, 701, 738, 739, 740, 779, 820, 859, 860, 861, 898, 899, 900, 901, 902, 939, 940, 941, 980]",INFERENCE_AND_ENVELOPE_PRE_ACTIVATION,699,899,-0.013090130935472332,0.05961526858038549,0.03989014575017289,0.08641528339508606,0.8839325770437463,GP_REFERENCE_SNIS,"[819, 858, 897, 938, 979, 661, 696, 702, 737, 741]",False,0.0034384578466415405,0.014071333920583129,0.07317850016988814,"{""factor_energy_evaluations"": 122880, ""factor_gradient_elements"": 0, ""factor_hessian_elements"": 0, ""sparse_comparison_solves"": 4}"
n40_r-2_early_q4,40,-2,early,DYNAMIC_GEOMETRIC_SHELL,4,40,"[579, 618, 619, 620, 657, 658, 659, 660, 661, 696, 697, 698, 699, 700, 701, 702, 737, 738, 739, 740, 741, 779, 819, 820, 858, 859, 860, 861, 897, 898, 899, 900, 901, 902, 938, 939, 940, 941, 979, 980]",INFERENCE_AND_ENVELOPE_PRE_ACTIVATION,699,900,-0.0036949874782294815,0.03011502427482607,0.03990388893269102,0.06632392572928761,0.8457555412253647,GP_REFERENCE_SNIS,"[778, 780, 821, 862, 903, 942, 981, 1020, 539, 578]",False,0.0036334169562906027,0.014437125064432621,0.09127212502062321,"{""factor_energy_evaluations"": 204800, ""factor_gradient_elements"": 0, ""factor_hessian_elements"": 0, ""sparse_comparison_solves"": 5}"
n40_r-2_early_q4,40,-2,early,DYNAMIC_GEOMETRIC_SHELL,5,50,"[539, 578, 579, 618, 619, 620, 657, 658, 659, 660, 661, 696, 697, 698, 699, 700, 701, 702, 737, 738, 739, 740, 741, 778, 779, 780, 819, 820, 821, 858, 859, 860, 861, 862, 897, 898, 899, 900, 901, 902, 903, 938, 939, 940, 941, 942, 979, 980, 981, 1020]",INFERENCE_AND_ENVELOPE_PRE_ACTIVATION,699,899,-0.010315659071801238,0.02314974032850535,0.04204881825628295,0.05488289951298706,0.8087928106461746,GP_REFERENCE_SNIS,[],True,0.004032916855067015,0.004975666990503669,0.10030237515456975,"{""factor_energy_evaluations"": 307200, ""factor_gradient_elements"": 0, ""factor_hessian_elements"": 0, ""sparse_comparison_solves"": 6}"
n40_r-2_early_q4,40,-2,early,STATIC_INFLUENCE,0,0,[],INFERENCE_AND_ENVELOPE_PRE_ACTIVATION,699,900,-0.0004284370311221611,0.40877280571404595,0.0393568047889914,0.4477011734719152,1.0,GP_REFERENCE_SNIS,"[900, 699, 860, 901, 899, 940, 659, 700, 698, 739]",False,0.0015094999689608812,0.009779667016118765,0.015345541993156075,"{""factor_energy_evaluations"": 0, ""factor_gradient_elements"": 0, ""factor_hessian_elements"": 0, ""sparse_comparison_solves"": 2}"
n40_r-2_early_q4,40,-2,early,STATIC_INFLUENCE,1,10,"[659, 698, 699, 700, 739, 860, 899, 900, 901, 940]",INFERENCE_AND_ENVELOPE_PRE_ACTIVATION,699,899,-0.014013781769739863,0.16535291234911215,0.038261228487166905,0.1896003590665392,0.9605558652658541,GP_REFERENCE_SNIS,"[861, 859, 939, 941, 660, 658, 740, 738, 820, 898]",False,0.002123708138242364,0.004870374919846654,0.022361082956194878,"{""factor_energy_evaluations"": 20480, ""factor_gradient_elements"": 0, ""factor_hessian_elements"": 0, ""sparse_comparison_solves"": 3}"
n40_r-2_early_q4,40,-2,early,STATIC_INFLUENCE,2,20,"[658, 659, 660, 698, 699, 700, 738, 739, 740, 820, 859, 860, 861, 898, 899, 900, 901, 939, 940, 941]",INFERENCE_AND_ENVELOPE_PRE_ACTIVATION,699,700,-0.009813947591790124,0.0979468899313365,0.036132694853018725,0.12426563719256511,0.9230544685593836,GP_REFERENCE_SNIS,"[902, 701, 980, 619, 697, 821, 741, 858, 780, 819]",False,0.0024365000426769257,0.004843750037252903,0.029657999984920025,"{""factor_energy_evaluations"": 61440, ""factor_gradient_elements"": 0, ""factor_hessian_elements"": 0, ""sparse_comparison_solves"": 4}"
n40_r-2_early_q4,40,-2,early,STATIC_INFLUENCE,3,30,"[619, 658, 659, 660, 697, 698, 699, 700, 701, 738, 739, 740, 741, 780, 819, 820, 821, 858, 859, 860, 861, 898, 899, 900, 901, 902, 939, 940, 941, 980]",INFERENCE_AND_ENVELOPE_PRE_ACTIVATION,699,899,-0.012386763393277652,0.05326490245045172,0.03992101938295652,0.08079915844013058,0.8789349230446752,GP_REFERENCE_SNIS,"[862, 938, 942, 979, 981, 661, 620, 618, 657, 737]",False,0.003176750149577856,0.004949667025357485,0.03780283289961517,"{""factor_energy_evaluations"": 122880, ""factor_gradient_elements"": 0, ""factor_hessian_elements"": 0, ""sparse_comparison_solves"": 5}"
n40_r-2_early_q4,40,-2,early,STATIC_INFLUENCE,4,40,"[618, 619, 620, 657, 658, 659, 660, 661, 697, 698, 699, 700, 701, 737, 738, 739, 740, 741, 780, 819, 820, 821, 858, 859, 860, 861, 862, 898, 899, 900, 901, 902, 938, 939, 940, 941, 942, 979, 980, 981]",INFERENCE_AND_ENVELOPE_PRE_ACTIVATION,699,899,-0.012643813736822395,0.03308002660466817,0.04112484797200765,0.061561060839853424,0.841545708120906,GP_REFERENCE_SNIS,"[779, 778, 781, 818, 702, 897, 903, 1020, 579, 696]",False,0.003516540862619877,0.004845458082854748,0.0461837078910321,"{""factor_energy_evaluations"": 204800, ""factor_gradient_elements"": 0, ""factor_hessian_elements"": 0, ""sparse_comparison_solves"": 6}"
n40_r-2_early_q4,40,-2,early,STATIC_INFLUENCE,5,50,"[579, 618, 619, 620, 657, 658, 659, 660, 661, 696, 697, 698, 699, 700, 701, 702, 737, 738, 739, 740, 741, 778, 779, 780, 781, 818, 819, 820, 821, 858, 859, 860, 861, 862, 897, 898, 899, 900, 901, 902, 903, 938, 939, 940, 941, 942, 979, 980, 981, 1020]",INFERENCE_AND_ENVELOPE_PRE_ACTIVATION,699,900,-0.005305750779110738,0.016613944276505754,0.04080984459415679,0.052118038091551806,0.8066584214033365,GP_REFERENCE_SNIS,[],True,0.004249291960150003,0.0049085000064224005,0.055361832957714796,"{""factor_energy_evaluations"": 307200, ""factor_gradient_elements"": 0, ""factor_hessian_elements"": 0, ""sparse_comparison_solves"": 7}"
n40_r-2_early_q4,40,-2,early,FIXED_CHALLENGER,0,0,[],INFERENCE_AND_ENVELOPE_PRE_ACTIVATION,699,900,-0.0004284370311221611,0.40877280571404595,0.0393568047889914,0.4477011734719152,1.0,GP_REFERENCE_SNIS,"[900, 699, 860, 901, 899, 940, 659, 700, 698, 739]",False,0.0016356250271201134,0.009755040984600782,0.015682999975979328,"{""factor_energy_evaluations"": 0, ""factor_gradient_elements"": 0, ""factor_hessian_elements"": 0, ""sparse_comparison_solves"": 2}"
n40_r-2_early_q4,40,-2,early,FIXED_CHALLENGER,1,10,"[659, 698, 699, 700, 739, 860, 899, 900, 901, 940]",INFERENCE_AND_ENVELOPE_PRE_ACTIVATION,699,900,-0.0017036895000149882,0.12741839124217463,0.037934616037409795,0.16364931777956945,0.9605558652658541,GP_REFERENCE_SNIS,"[861, 859, 939, 941, 660, 658, 740, 738, 820, 898]",False,0.0021270420402288437,0.009877957869321108,0.027715250151231885,"{""factor_energy_evaluations"": 20480, ""factor_gradient_elements"": 0, ""factor_hessian_elements"": 0, ""sparse_comparison_solves"": 4}"
n40_r-2_early_q4,40,-2,early,FIXED_CHALLENGER,2,20,"[658, 659, 660, 698, 699, 700, 738, 739, 740, 820, 859, 860, 861, 898, 899, 900, 901, 939, 940, 941]",INFERENCE_AND_ENVELOPE_PRE_ACTIVATION,699,900,-0.0039691387353790065,0.0699012433080197,0.038432511326949595,0.10436461589959029,0.9230544685593836,GP_REFERENCE_SNIS,"[902, 701, 980, 619, 697, 821, 741, 858, 780, 819]",False,0.0029908749274909496,0.010187292005866766,0.04092566715553403,"{""factor_energy_evaluations"": 61440, ""factor_gradient_elements"": 0, ""factor_hessian_elements"": 0, ""sparse_comparison_solves"": 6}"
n40_r-2_early_q4,40,-2,early,FIXED_CHALLENGER,3,30,"[619, 658, 659, 660, 697, 698, 699, 700, 701, 738, 739, 740, 741, 780, 819, 820, 821, 858, 859, 860, 861, 898, 899, 900, 901, 902, 939, 940, 941, 980]",INFERENCE_AND_ENVELOPE_PRE_ACTIVATION,699,900,-0.003492537549064028,0.04305121144684977,0.03892956794500642,0.07848824184279216,0.8789349230446752,GP_REFERENCE_SNIS,"[862, 938, 942, 979, 981, 661, 620, 618, 657, 737]",False,0.003121791873127222,0.009816250065341592,0.053886250127106905,"{""factor_energy_evaluations"": 122880, ""factor_gradient_elements"": 0, ""factor_hessian_elements"": 0, ""sparse_comparison_solves"": 8}"
n40_r-2_early_q4,40,-2,early,FIXED_CHALLENGER,4,40,"[618, 619, 620, 657, 658, 659, 660, 661, 697, 698, 699, 700, 701, 737, 738, 739, 740, 741, 780, 819, 820, 821, 858, 859, 860, 861, 862, 898, 899, 900, 901, 902, 938, 939, 940, 941, 942, 979, 980, 981]",INFERENCE_AND_ENVELOPE_PRE_ACTIVATION,699,900,-0.005596805030455865,0.025473800440495874,0.04008124464907835,0.05995824005911836,0.841545708120906,GP_REFERENCE_SNIS,[],True,0.0035149159375578165,0.004897125065326691,0.062317166943103075,"{""factor_energy_evaluations"": 204800, ""factor_gradient_elements"": 0, ""factor_hessian_elements"": 0, ""sparse_comparison_solves"": 9}"
n40_r-2_late_q12,40,-2,late,FULL,0,1600,"[0, 1, 2, 3, 4, 5, 6, 7, 8, 9, 10, 11, 12, 13, 14, 15, 16, 17, 18, 19, 20, 21, 22, 23, 24, 25, 26, 27, 28, 29, 30, 31, 32, 33, 34, 35, 36, 37, 38, 39, 40, 41, 42, 43, 44, 45, 46, 47, 48, 49, 50, 51, 52, 53, 54, 55, 56, 57, 58, 59, 60, 61, 62, 63, 64, 65, 66, 67, 68, 69, 70, 71, 72, 73, 74, 75, 76, 77, 78, 79, 80, 81, 82, 83, 84, 85, 86, 87, 88, 89, 90, 91, 92, 93, 94, 95, 96, 97, 98, 99, 100, 101, 102, 103, 104, 105, 106, 107, 108, 109, 110, 111, 112, 113, 114, 115, 116, 117, 118, 119, 120, 121, 122, 123, 124, 125, 126, 127, 128, 129, 130, 131, 132, 133, 134, 135, 136, 137, 138, 139, 140, 141, 142, 143, 144, 145, 146, 147, 148, 149, 150, 151, 152, 153, 154, 155, 156, 157, 158, 159, 160, 161, 162, 163, 164, 165, 166, 167, 168, 169, 170, 171, 172, 173, 174, 175, 176, 177, 178, 179, 180, 181, 182, 183, 184, 185, 186, 187, 188, 189, 190, 191, 192, 193, 194, 195, 196, 197, 198, 199, 200, 201, 202, 203, 204, 205, 206, 207, 208, 209, 210, 211, 212, 213, 214, 215, 216, 217, 218, 219, 220, 221, 222, 223, 224, 225, 226, 227, 228, 229, 230, 231, 232, 233, 234, 235, 236, 237, 238, 239, 240, 241, 242, 243, 244, 245, 246, 247, 248, 249, 250, 251, 252, 253, 254, 255, 256, 257, 258, 259, 260, 261, 262, 263, 264, 265, 266, 267, 268, 269, 270, 271, 272, 273, 274, 275, 276, 277, 278, 279, 280, 281, 282, 283, 284, 285, 286, 287, 288, 289, 290, 291, 292, 293, 294, 295, 296, 297, 298, 299, 300, 301, 302, 303, 304, 305, 306, 307, 308, 309, 310, 311, 312, 313, 314, 315, 316, 317, 318, 319, 320, 321, 322, 323, 324, 325, 326, 327, 328, 329, 330, 331, 332, 333, 334, 335, 336, 337, 338, 339, 340, 341, 342, 343, 344, 345, 346, 347, 348, 349, 350, 351, 352, 353, 354, 355, 356, 357, 358, 359, 360, 361, 362, 363, 364, 365, 366, 367, 368, 369, 370, 371, 372, 373, 374, 375, 376, 377, 378, 379, 380, 381, 382, 383, 384, 385, 386, 387, 388, 389, 390, 391, 392, 393, 394, 395, 396, 397, 398, 399, 400, 401, 402, 403, 404, 405, 406, 407, 408, 409, 410, 411, 412, 413, 414, 415, 416, 417, 418, 419, 420, 421, 422, 423, 424, 425, 426, 427, 428, 429, 430, 431, 432, 433, 434, 435, 436, 437, 438, 439, 440, 441, 442, 443, 444, 445, 446, 447, 448, 449, 450, 451, 452, 453, 454, 455, 456, 457, 458, 459, 460, 461, 462, 463, 464, 465, 466, 467, 468, 469, 470, 471, 472, 473, 474, 475, 476, 477, 478, 479, 480, 481, 482, 483, 484, 485, 486, 487, 488, 489, 490, 491, 492, 493, 494, 495, 496, 497, 498, 499, 500, 501, 502, 503, 504, 505, 506, 507, 508, 509, 510, 511, 512, 513, 514, 515, 516, 517, 518, 519, 520, 521, 522, 523, 524, 525, 526, 527, 528, 529, 530, 531, 532, 533, 534, 535, 536, 537, 538, 539, 540, 541, 542, 543, 544, 545, 546, 547, 548, 549, 550, 551, 552, 553, 554, 555, 556, 557, 558, 559, 560, 561, 562, 563, 564, 565, 566, 567, 568, 569, 570, 571, 572, 573, 574, 575, 576, 577, 578, 579, 580, 581, 582, 583, 584, 585, 586, 587, 588, 589, 590, 591, 592, 593, 594, 595, 596, 597, 598, 599, 600, 601, 602, 603, 604, 605, 606, 607, 608, 609, 610, 611, 612, 613, 614, 615, 616, 617, 618, 619, 620, 621, 622, 623, 624, 625, 626, 627, 628, 629, 630, 631, 632, 633, 634, 635, 636, 637, 638, 639, 640, 641, 642, 643, 644, 645, 646, 647, 648, 649, 650, 651, 652, 653, 654, 655, 656, 657, 658, 659, 660, 661, 662, 663, 664, 665, 666, 667, 668, 669, 670, 671, 672, 673, 674, 675, 676, 677, 678, 679, 680, 681, 682, 683, 684, 685, 686, 687, 688, 689, 690, 691, 692, 693, 694, 695, 696, 697, 698, 699, 700, 701, 702, 703, 704, 705, 706, 707, 708, 709, 710, 711, 712, 713, 714, 715, 716, 717, 718, 719, 720, 721, 722, 723, 724, 725, 726, 727, 728, 729, 730, 731, 732, 733, 734, 735, 736, 737, 738, 739, 740, 741, 742, 743, 744, 745, 746, 747, 748, 749, 750, 751, 752, 753, 754, 755, 756, 757, 758, 759, 760, 761, 762, 763, 764, 765, 766, 767, 768, 769, 770, 771, 772, 773, 774, 775, 776, 777, 778, 779, 780, 781, 782, 783, 784, 785, 786, 787, 788, 789, 790, 791, 792, 793, 794, 795, 796, 797, 798, 799, 800, 801, 802, 803, 804, 805, 806, 807, 808, 809, 810, 811, 812, 813, 814, 815, 816, 817, 818, 819, 820, 821, 822, 823, 824, 825, 826, 827, 828, 829, 830, 831, 832, 833, 834, 835, 836, 837, 838, 839, 840, 841, 842, 843, 844, 845, 846, 847, 848, 849, 850, 851, 852, 853, 854, 855, 856, 857, 858, 859, 860, 861, 862, 863, 864, 865, 866, 867, 868, 869, 870, 871, 872, 873, 874, 875, 876, 877, 878, 879, 880, 881, 882, 883, 884, 885, 886, 887, 888, 889, 890, 891, 892, 893, 894, 895, 896, 897, 898, 899, 900, 901, 902, 903, 904, 905, 906, 907, 908, 909, 910, 911, 912, 913, 914, 915, 916, 917, 918, 919, 920, 921, 922, 923, 924, 925, 926, 927, 928, 929, 930, 931, 932, 933, 934, 935, 936, 937, 938, 939, 940, 941, 942, 943, 944, 945, 946, 947, 948, 949, 950, 951, 952, 953, 954, 955, 956, 957, 958, 959, 960, 961, 962, 963, 964, 965, 966, 967, 968, 969, 970, 971, 972, 973, 974, 975, 976, 977, 978, 979, 980, 981, 982, 983, 984, 985, 986, 987, 988, 989, 990, 991, 992, 993, 994, 995, 996, 997, 998, 999, 1000, 1001, 1002, 1003, 1004, 1005, 1006, 1007, 1008, 1009, 1010, 1011, 1012, 1013, 1014, 1015, 1016, 1017, 1018, 1019, 1020, 1021, 1022, 1023, 1024, 1025, 1026, 1027, 1028, 1029, 1030, 1031, 1032, 1033, 1034, 1035, 1036, 1037, 1038, 1039, 1040, 1041, 1042, 1043, 1044, 1045, 1046, 1047, 1048, 1049, 1050, 1051, 1052, 1053, 1054, 1055, 1056, 1057, 1058, 1059, 1060, 1061, 1062, 1063, 1064, 1065, 1066, 1067, 1068, 1069, 1070, 1071, 1072, 1073, 1074, 1075, 1076, 1077, 1078, 1079, 1080, 1081, 1082, 1083, 1084, 1085, 1086, 1087, 1088, 1089, 1090, 1091, 1092, 1093, 1094, 1095, 1096, 1097, 1098, 1099, 1100, 1101, 1102, 1103, 1104, 1105, 1106, 1107, 1108, 1109, 1110, 1111, 1112, 1113, 1114, 1115, 1116, 1117, 1118, 1119, 1120, 1121, 1122, 1123, 1124, 1125, 1126, 1127, 1128, 1129, 1130, 1131, 1132, 1133, 1134, 1135, 1136, 1137, 1138, 1139, 1140, 1141, 1142, 1143, 1144, 1145, 1146, 1147, 1148, 1149, 1150, 1151, 1152, 1153, 1154, 1155, 1156, 1157, 1158, 1159, 1160, 1161, 1162, 1163, 1164, 1165, 1166, 1167, 1168, 1169, 1170, 1171, 1172, 1173, 1174, 1175, 1176, 1177, 1178, 1179, 1180, 1181, 1182, 1183, 1184, 1185, 1186, 1187, 1188, 1189, 1190, 1191, 1192, 1193, 1194, 1195, 1196, 1197, 1198, 1199, 1200, 1201, 1202, 1203, 1204, 1205, 1206, 1207, 1208, 1209, 1210, 1211, 1212, 1213, 1214, 1215, 1216, 1217, 1218, 1219, 1220, 1221, 1222, 1223, 1224, 1225, 1226, 1227, 1228, 1229, 1230, 1231, 1232, 1233, 1234, 1235, 1236, 1237, 1238, 1239, 1240, 1241, 1242, 1243, 1244, 1245, 1246, 1247, 1248, 1249, 1250, 1251, 1252, 1253, 1254, 1255, 1256, 1257, 1258, 1259, 1260, 1261, 1262, 1263, 1264, 1265, 1266, 1267, 1268, 1269, 1270, 1271, 1272, 1273, 1274, 1275, 1276, 1277, 1278, 1279, 1280, 1281, 1282, 1283, 1284, 1285, 1286, 1287, 1288, 1289, 1290, 1291, 1292, 1293, 1294, 1295, 1296, 1297, 1298, 1299, 1300, 1301, 1302, 1303, 1304, 1305, 1306, 1307, 1308, 1309, 1310, 1311, 1312, 1313, 1314, 1315, 1316, 1317, 1318, 1319, 1320, 1321, 1322, 1323, 1324, 1325, 1326, 1327, 1328, 1329, 1330, 1331, 1332, 1333, 1334, 1335, 1336, 1337, 1338, 1339, 1340, 1341, 1342, 1343, 1344, 1345, 1346, 1347, 1348, 1349, 1350, 1351, 1352, 1353, 1354, 1355, 1356, 1357, 1358, 1359, 1360, 1361, 1362, 1363, 1364, 1365, 1366, 1367, 1368, 1369, 1370, 1371, 1372, 1373, 1374, 1375, 1376, 1377, 1378, 1379, 1380, 1381, 1382, 1383, 1384, 1385, 1386, 1387, 1388, 1389, 1390, 1391, 1392, 1393, 1394, 1395, 1396, 1397, 1398, 1399, 1400, 1401, 1402, 1403, 1404, 1405, 1406, 1407, 1408, 1409, 1410, 1411, 1412, 1413, 1414, 1415, 1416, 1417, 1418, 1419, 1420, 1421, 1422, 1423, 1424, 1425, 1426, 1427, 1428, 1429, 1430, 1431, 1432, 1433, 1434, 1435, 1436, 1437, 1438, 1439, 1440, 1441, 1442, 1443, 1444, 1445, 1446, 1447, 1448, 1449, 1450, 1451, 1452, 1453, 1454, 1455, 1456, 1457, 1458, 1459, 1460, 1461, 1462, 1463, 1464, 1465, 1466, 1467, 1468, 1469, 1470, 1471, 1472, 1473, 1474, 1475, 1476, 1477, 1478, 1479, 1480, 1481, 1482, 1483, 1484, 1485, 1486, 1487, 1488, 1489, 1490, 1491, 1492, 1493, 1494, 1495, 1496, 1497, 1498, 1499, 1500, 1501, 1502, 1503, 1504, 1505, 1506, 1507, 1508, 1509, 1510, 1511, 1512, 1513, 1514, 1515, 1516, 1517, 1518, 1519, 1520, 1521, 1522, 1523, 1524, 1525, 1526, 1527, 1528, 1529, 1530, 1531, 1532, 1533, 1534, 1535, 1536, 1537, 1538, 1539, 1540, 1541, 1542, 1543, 1544, 1545, 1546, 1547, 1548, 1549, 1550, 1551, 1552, 1553, 1554, 1555, 1556, 1557, 1558, 1559, 1560, 1561, 1562, 1563, 1564, 1565, 1566, 1567, 1568, 1569, 1570, 1571, 1572, 1573, 1574, 1575, 1576, 1577, 1578, 1579, 1580, 1581, 1582, 1583, 1584, 1585, 1586, 1587, 1588, 1589, 1590, 1591, 1592, 1593, 1594, 1595, 1596, 1597, 1598, 1599]",INFERENCE_AND_ENVELOPE_PRE_ACTIVATION,739,939,-0.007557708259831764,0.0,0.04380965705249152,0.036251948792659756,0.12754965437092305,LAPLACE_SNIS,[],True,0.3011751670856029,2.1124957129359245e-05,0.38779120799154043,"{""factor_energy_evaluations"": 6564800, ""factor_gradient_elements"": 54880, ""factor_hessian_elements"": 154272, ""sparse_comparison_solves"": 0}"
n40_r-2_late_q12,40,-2,late,ADAPTIVE_INFLUENCE,0,0,[],INFERENCE_AND_ENVELOPE_PRE_ACTIVATION,739,740,-0.010701652841202017,0.2867019388794184,0.015922638907500463,0.29192292494571687,1.0,GP_REFERENCE_SNIS,"[740, 739, 741, 780, 738, 779, 700, 699, 781, 742]",False,0.0015829161275178194,0.010763957863673568,0.01667262497358024,"{""factor_energy_evaluations"": 0, ""factor_gradient_elements"": 0, ""factor_hessian_elements"": 0, ""sparse_comparison_solves"": 2}"
n40_r-2_late_q12,40,-2,late,ADAPTIVE_INFLUENCE,1,10,"[699, 700, 738, 739, 740, 741, 742, 779, 780, 781]",INFERENCE_AND_ENVELOPE_PRE_ACTIVATION,660,1023,-0.06315173773384318,0.340114520084214,0.01188703991092234,0.28884982226129313,0.9699256462494313,GP_REFERENCE_SNIS,"[1023, 660, 1024, 1063, 983, 1022, 661, 620, 1064, 984]",False,0.002148709027096629,0.010675624944269657,0.0295262080617249,"{""factor_energy_evaluations"": 20480, ""factor_gradient_elements"": 0, ""factor_hessian_elements"": 0, ""sparse_comparison_solves"": 4}"
n40_r-2_late_q12,40,-2,late,ADAPTIVE_INFLUENCE,2,20,"[620, 660, 661, 699, 700, 738, 739, 740, 741, 742, 779, 780, 781, 983, 984, 1022, 1023, 1024, 1063, 1064]",INFERENCE_AND_ENVELOPE_PRE_ACTIVATION,739,815,-0.06075551376669024,0.22589863820126946,0.011244843156408134,0.17638796759098735,0.9271542339291304,GP_REFERENCE_SNIS,"[815, 816, 775, 855, 814, 776, 856, 774, 854, 817]",False,0.0026373749133199453,0.009969291975721717,0.04216066584922373,"{""factor_energy_evaluations"": 61440, ""factor_gradient_elements"": 0, ""factor_hessian_elements"": 0, ""sparse_comparison_solves"": 6}"
n40_r-2_late_q12,40,-2,late,ADAPTIVE_INFLUENCE,3,30,"[620, 660, 661, 699, 700, 738, 739, 740, 741, 742, 774, 775, 776, 779, 780, 781, 814, 815, 816, 817, 854, 855, 856, 983, 984, 1022, 1023, 1024, 1063, 1064]",INFERENCE_AND_ENVELOPE_PRE_ACTIVATION,739,538,-0.060469057817757535,0.2225157453160595,0.011590479912901856,0.17363716741120383,0.88439178691603,GP_REFERENCE_SNIS,"[538, 578, 539, 498, 537, 577, 499, 579, 497, 618]",False,0.003088291035965085,0.00983795803040266,0.05511154094710946,"{""factor_energy_evaluations"": 122880, ""factor_gradient_elements"": 0, ""factor_hessian_elements"": 0, ""sparse_comparison_solves"": 8}"
n40_r-2_late_q12,40,-2,late,ADAPTIVE_INFLUENCE,4,40,"[497, 498, 499, 537, 538, 539, 577, 578, 579, 618, 620, 660, 661, 699, 700, 738, 739, 740, 741, 742, 774, 775, 776, 779, 780, 781, 814, 815, 816, 817, 854, 855, 856, 983, 984, 1022, 1023, 1024, 1063, 1064]",INFERENCE_AND_ENVELOPE_PRE_ACTIVATION,739,1018,-0.06246939621579631,0.221719135083304,0.011785625779253883,0.17103536464676156,0.8468819835600823,GP_REFERENCE_SNIS,"[1018, 1058, 1019, 978, 1017, 1059, 1057, 977, 979, 1098]",False,0.0036664579529315233,0.009694332955405116,0.06849549990147352,"{""factor_energy_evaluations"": 204800, ""factor_gradient_elements"": 0, ""factor_hessian_elements"": 0, ""sparse_comparison_solves"": 10}"
n40_r-2_late_q12,40,-2,late,ADAPTIVE_INFLUENCE,5,50,"[497, 498, 499, 537, 538, 539, 577, 578, 579, 618, 620, 660, 661, 699, 700, 738, 739, 740, 741, 742, 774, 775, 776, 779, 780, 781, 814, 815, 816, 817, 854, 855, 856, 977, 978, 979, 983, 984, 1017, 1018, 1019, 1022, 1023, 1024, 1057, 1058, 1059, 1063, 1064, 1098]",INFERENCE_AND_ENVELOPE_PRE_ACTIVATION,739,655,-0.061422498510650604,0.21966203692760702,0.012090454553131501,0.17032999297008794,0.8097360636303973,GP_REFERENCE_SNIS,"[655, 656, 695, 654, 615, 696, 616, 694, 614, 657]",False,0.003845833009108901,0.00982449995353818,0.08218945795670152,"{""factor_energy_evaluations"": 307200, ""factor_gradient_elements"": 0, ""factor_hessian_elements"": 0, ""sparse_comparison_solves"": 12}"
n40_r-2_late_q12,40,-2,late,ADAPTIVE_INFLUENCE,6,60,"[497, 498, 499, 537, 538, 539, 577, 578, 579, 614, 615, 616, 618, 620, 654, 655, 656, 657, 660, 661, 694, 695, 696, 699, 700, 738, 739, 740, 741, 742, 774, 775, 776, 779, 780, 781, 814, 815, 816, 817, 854, 855, 856, 977, 978, 979, 983, 984, 1017, 1018, 1019, 1022, 1023, 1024, 1057, 1058, 1059, 1063, 1064, 1098]",INFERENCE_AND_ENVELOPE_PRE_ACTIVATION,739,863,-0.06082141159452844,0.21928442899891987,0.01189284576625882,0.17035586317065024,0.7806097998992942,GP_REFERENCE_SNIS,"[863, 823, 864, 862, 903, 822, 824, 904, 902, 783]",False,0.004383125109598041,0.009688416961580515,0.0962844998575747,"{""factor_energy_evaluations"": 430080, ""factor_gradient_elements"": 0, ""factor_hessian_elements"": 0, ""sparse_comparison_solves"": 14}"
n40_r-2_late_q12,40,-2,late,ADAPTIVE_INFLUENCE,7,70,"[497, 498, 499, 537, 538, 539, 577, 578, 579, 614, 615, 616, 618, 620, 654, 655, 656, 657, 660, 661, 694, 695, 696, 699, 700, 738, 739, 740, 741, 742, 774, 775, 776, 779, 780, 781, 783, 814, 815, 816, 817, 822, 823, 824, 854, 855, 856, 862, 863, 864, 902, 903, 904, 977, 978, 979, 983, 984, 1017, 1018, 1019, 1022, 1023, 1024, 1057, 1058, 1059, 1063, 1064, 1098]",INFERENCE_AND_ENVELOPE_PRE_ACTIVATION,739,663,-0.059921961645555064,0.2130719011043048,0.012016079892953993,0.16516601935170372,0.7454108493229268,GP_REFERENCE_SNIS,"[663, 703, 662, 664, 623, 702, 704, 622, 624, 743]",False,0.00484137493185699,0.009684458142146468,0.11083341599442065,"{""factor_energy_evaluations"": 573440, ""factor_gradient_elements"": 0, ""factor_hessian_elements"": 0, ""sparse_comparison_solves"": 16}"
n40_r-2_late_q12,40,-2,late,ADAPTIVE_INFLUENCE,8,80,"[497, 498, 499, 537, 538, 539, 577, 578, 579, 614, 615, 616, 618, 620, 622, 623, 624, 654, 655, 656, 657, 660, 661, 662, 663, 664, 694, 695, 696, 699, 700, 702, 703, 704, 738, 739, 740, 741, 742, 743, 774, 775, 776, 779, 780, 781, 783, 814, 815, 816, 817, 822, 823, 824, 854, 855, 856, 862, 863, 864, 902, 903, 904, 977, 978, 979, 983, 984, 1017, 1018, 1019, 1022, 1023, 1024, 1057, 1058, 1059, 1063, 1064, 1098]",INFERENCE_AND_ENVELOPE_PRE_ACTIVATION,739,935,-0.05971158416099406,0.20410965266245434,0.01232176769120938,0.15671983619266966,0.7208079948795334,GP_REFERENCE_SNIS,"[935, 895, 936, 934, 975, 896, 894, 976, 974, 937]",False,0.0053389170207083225,0.009672500193119049,0.12587091606110334,"{""factor_energy_evaluations"": 737280, ""factor_gradient_elements"": 0, ""factor_hessian_elements"": 0, ""sparse_comparison_solves"": 18}"
n40_r-2_late_q12,40,-2,late,ADAPTIVE_INFLUENCE,9,90,"[497, 498, 499, 537, 538, 539, 577, 578, 579, 614, 615, 616, 618, 620, 622, 623, 624, 654, 655, 656, 657, 660, 661, 662, 663, 664, 694, 695, 696, 699, 700, 702, 703, 704, 738, 739, 740, 741, 742, 743, 774, 775, 776, 779, 780, 781, 783, 814, 815, 816, 817, 822, 823, 824, 854, 855, 856, 862, 863, 864, 894, 895, 896, 902, 903, 904, 934, 935, 936, 937, 974, 975, 976, 977, 978, 979, 983, 984, 1017, 1018, 1019, 1022, 1023, 1024, 1057, 1058, 1059, 1063, 1064, 1098]",INFERENCE_AND_ENVELOPE_PRE_ACTIVATION,739,541,-0.059585635800058184,0.20088788099887045,0.012583171478810525,0.1538854166776228,0.6845631189132145,GP_REFERENCE_SNIS,"[541, 540, 581, 501, 542, 580, 500, 582, 502, 621]",False,0.00588575005531311,0.009752833051607013,0.14153462485410273,"{""factor_energy_evaluations"": 921600, ""factor_gradient_elements"": 0, ""factor_hessian_elements"": 0, ""sparse_comparison_solves"": 20}"
n40_r-2_late_q12,40,-2,late,ADAPTIVE_INFLUENCE,10,100,"[497, 498, 499, 500, 501, 502, 537, 538, 539, 540, 541, 542, 577, 578, 579, 580, 581, 582, 614, 615, 616, 618, 620, 621, 622, 623, 624, 654, 655, 656, 657, 660, 661, 662, 663, 664, 694, 695, 696, 699, 700, 702, 703, 704, 738, 739, 740, 741, 742, 743, 774, 775, 776, 779, 780, 781, 783, 814, 815, 816, 817, 822, 823, 824, 854, 855, 856, 862, 863, 864, 894, 895, 896, 902, 903, 904, 934, 935, 936, 937, 974, 975, 976, 977, 978, 979, 983, 984, 1017, 1018, 1019, 1022, 1023, 1024, 1057, 1058, 1059, 1063, 1064, 1098]",INFERENCE_AND_ENVELOPE_PRE_ACTIVATION,739,981,-0.057726705318335333,0.1858040070471182,0.013035769216357166,0.14111307094514,0.6706149058916061,GP_REFERENCE_SNIS,"[981, 1021, 982, 980, 941, 1020, 942, 1061, 901, 778]",False,0.00624354206956923,0.009590249974280596,0.1573912079911679,"{""factor_energy_evaluations"": 1126400, ""factor_gradient_elements"": 0, ""factor_hessian_elements"": 0, ""sparse_comparison_solves"": 22}"
n40_r-2_late_q12,40,-2,late,ADAPTIVE_INFLUENCE,11,110,"[497, 498, 499, 500, 501, 502, 537, 538, 539, 540, 541, 542, 577, 578, 579, 580, 581, 582, 614, 615, 616, 618, 620, 621, 622, 623, 624, 654, 655, 656, 657, 660, 661, 662, 663, 664, 694, 695, 696, 699, 700, 702, 703, 704, 738, 739, 740, 741, 742, 743, 774, 775, 776, 778, 779, 780, 781, 783, 814, 815, 816, 817, 822, 823, 824, 854, 855, 856, 862, 863, 864, 894, 895, 896, 901, 902, 903, 904, 934, 935, 936, 937, 941, 942, 974, 975, 976, 977, 978, 979, 980, 981, 982, 983, 984, 1017, 1018, 1019, 1020, 1021, 1022, 1023, 1024, 1057, 1058, 1059, 1061, 1063, 1064, 1098]",INFERENCE_AND_ENVELOPE_PRE_ACTIVATION,739,898,-0.0363797664128387,0.15016728996657164,0.015162807110278339,0.12895033066401126,0.6401798927592242,GP_REFERENCE_SNIS,"[898, 897, 938, 858, 899, 857, 818, 737, 939, 698]",False,0.00676575000397861,0.009733499959111214,0.17391579085960984,"{""factor_energy_evaluations"": 1351680, ""factor_gradient_elements"": 0, ""factor_hessian_elements"": 0, ""sparse_comparison_solves"": 24}"
n40_r-2_late_q12,40,-2,late,ADAPTIVE_INFLUENCE,12,120,"[497, 498, 499, 500, 501, 502, 537, 538, 539, 540, 541, 542, 577, 578, 579, 580, 581, 582, 614, 615, 616, 618, 620, 621, 622, 623, 624, 654, 655, 656, 657, 660, 661, 662, 663, 664, 694, 695, 696, 698, 699, 700, 702, 703, 704, 737, 738, 739, 740, 741, 742, 743, 774, 775, 776, 778, 779, 780, 781, 783, 814, 815, 816, 817, 818, 822, 823, 824, 854, 855, 856, 857, 858, 862, 863, 864, 894, 895, 896, 897, 898, 899, 901, 902, 903, 904, 934, 935, 936, 937, 938, 939, 941, 942, 974, 975, 976, 977, 978, 979, 980, 981, 982, 983, 984, 1017, 1018, 1019, 1020, 1021, 1022, 1023, 1024, 1057, 1058, 1059, 1061, 1063, 1064, 1098]",INFERENCE_AND_ENVELOPE_PRE_ACTIVATION,739,575,-0.060226331366465644,0.13283832100837467,0.012895633877728845,0.08550762351963787,0.6164314223132766,GP_REFERENCE_SNIS,"[575, 576, 574, 535, 573, 536, 534, 617, 613, 697]",False,0.007315624970942736,0.009835000149905682,0.19109550002031028,"{""factor_energy_evaluations"": 1597440, ""factor_gradient_elements"": 0, ""factor_hessian_elements"": 0, ""sparse_comparison_solves"": 26}"
n40_r-2_late_q12,40,-2,late,ADAPTIVE_INFLUENCE,13,130,"[497, 498, 499, 500, 501, 502, 534, 535, 536, 537, 538, 539, 540, 541, 542, 573, 574, 575, 576, 577, 578, 579, 580, 581, 582, 613, 614, 615, 616, 617, 618, 620, 621, 622, 623, 624, 654, 655, 656, 657, 660, 661, 662, 663, 664, 694, 695, 696, 697, 698, 699, 700, 702, 703, 704, 737, 738, 739, 740, 741, 742, 743, 774, 775, 776, 778, 779, 780, 781, 783, 814, 815, 816, 817, 818, 822, 823, 824, 854, 855, 856, 857, 858, 862, 863, 864, 894, 895, 896, 897, 898, 899, 901, 902, 903, 904, 934, 935, 936, 937, 938, 939, 941, 942, 974, 975, 976, 977, 978, 979, 980, 981, 982, 983, 984, 1017, 1018, 1019, 1020, 1021, 1022, 1023, 1024, 1057, 1058, 1059, 1061, 1063, 1064, 1098]",INFERENCE_AND_ENVELOPE_PRE_ACTIVATION,739,821,-0.05382828888051265,0.12033629615501608,0.014738717355673149,0.08124672463017657,0.5939386993628268,GP_REFERENCE_SNIS,"[821, 820, 861, 782, 819, 860, 701, 777, 736, 658]",False,0.007765792077407241,0.009765457827597857,0.20865258295089006,"{""factor_energy_evaluations"": 1863680, ""factor_gradient_elements"": 0, ""factor_hessian_elements"": 0, ""sparse_comparison_solves"": 28}"
n40_r-2_late_q12,40,-2,late,ADAPTIVE_INFLUENCE,14,140,"[497, 498, 499, 500, 501, 502, 534, 535, 536, 537, 538, 539, 540, 541, 542, 573, 574, 575, 576, 577, 578, 579, 580, 581, 582, 613, 614, 615, 616, 617, 618, 620, 621, 622, 623, 624, 654, 655, 656, 657, 658, 660, 661, 662, 663, 664, 694, 695, 696, 697, 698, 699, 700, 701, 702, 703, 704, 736, 737, 738, 739, 740, 741, 742, 743, 774, 775, 776, 777, 778, 779, 780, 781, 782, 783, 814, 815, 816, 817, 818, 819, 820, 821, 822, 823, 824, 854, 855, 856, 857, 858, 860, 861, 862, 863, 864, 894, 895, 896, 897, 898, 899, 901, 902, 903, 904, 934, 935, 936, 937, 938, 939, 941, 942, 974, 975, 976, 977, 978, 979, 980, 981, 982, 983, 984, 1017, 1018, 1019, 1020, 1021, 1022, 1023, 1024, 1057, 1058, 1059, 1061, 1063, 1064, 1098]",INFERENCE_AND_ENVELOPE_PRE_ACTIVATION,739,583,-0.0601581306006211,0.10409503300367424,0.013878977371935169,0.05781587977498832,0.5715148133669119,GP_REFERENCE_SNIS,[],True,0.008321749977767467,0.004941041115671396,0.22194162500090897,"{""factor_energy_evaluations"": 2150400, ""factor_gradient_elements"": 0, ""factor_hessian_elements"": 0, ""sparse_comparison_solves"": 29}"
n40_r-2_late_q12,40,-2,late,DYNAMIC_GEOMETRIC_SHELL,0,0,[],INFERENCE_AND_ENVELOPE_PRE_ACTIVATION,739,740,-0.010701652841202017,0.2867019388794184,0.015922638907500463,0.29192292494571687,1.0,GP_REFERENCE_SNIS,"[699, 700, 738, 739, 740, 741, 779, 780, 659, 660]",False,0.0016028748359531164,0.014414625009521842,0.02025745902210474,"{""factor_energy_evaluations"": 0, ""factor_gradient_elements"": 0, ""factor_hessian_elements"": 0, ""sparse_comparison_solves"": 1}"
n40_r-2_late_q12,40,-2,late,DYNAMIC_GEOMETRIC_SHELL,1,10,"[659, 660, 699, 700, 738, 739, 740, 741, 779, 780]",INFERENCE_AND_ENVELOPE_PRE_ACTIVATION,739,1023,-0.06183916011176601,0.2279577125877526,0.01110273625355767,0.17722128872954426,0.9747308413887584,GP_REFERENCE_SNIS,"[983, 1022, 1023, 1024, 1063, 698, 737, 778, 819, 943]",False,0.002194250002503395,0.014298832975327969,0.03677079197950661,"{""factor_energy_evaluations"": 20480, ""factor_gradient_elements"": 0, ""factor_hessian_elements"": 0, ""sparse_comparison_solves"": 2}"
n40_r-2_late_q12,40,-2,late,DYNAMIC_GEOMETRIC_SHELL,2,20,"[659, 660, 698, 699, 700, 737, 738, 739, 740, 741, 778, 779, 780, 819, 943, 983, 1022, 1023, 1024, 1063]",INFERENCE_AND_ENVELOPE_PRE_ACTIVATION,739,538,-0.059317432534958206,0.21612595194743034,0.011170939255741115,0.16797945866821326,0.9322226519543133,GP_REFERENCE_SNIS,"[498, 537, 538, 539, 578, 458, 497, 499, 536, 540]",False,0.0027136250864714384,0.014187249820679426,0.05369104188866913,"{""factor_energy_evaluations"": 61440, ""factor_gradient_elements"": 0, ""factor_hessian_elements"": 0, ""sparse_comparison_solves"": 3}"
n40_r-2_late_q12,40,-2,late,DYNAMIC_GEOMETRIC_SHELL,3,30,"[458, 497, 498, 499, 536, 537, 538, 539, 540, 578, 659, 660, 698, 699, 700, 737, 738, 739, 740, 741, 778, 779, 780, 819, 943, 983, 1022, 1023, 1024, 1063]",INFERENCE_AND_ENVELOPE_PRE_ACTIVATION,739,895,-0.0604740203396584,0.2168978995452827,0.011472056357546678,0.16789593556317098,0.8887265444886613,GP_REFERENCE_SNIS,"[855, 894, 895, 896, 935, 815, 854, 856, 893, 897]",False,0.0031653749756515026,0.014164583059027791,0.07104149996303022,"{""factor_energy_evaluations"": 122880, ""factor_gradient_elements"": 0, ""factor_hessian_elements"": 0, ""sparse_comparison_solves"": 4}"
n40_r-2_late_q12,40,-2,late,DYNAMIC_GEOMETRIC_SHELL,4,40,"[458, 497, 498, 499, 536, 537, 538, 539, 540, 578, 659, 660, 698, 699, 700, 737, 738, 739, 740, 741, 778, 779, 780, 815, 819, 854, 855, 856, 893, 894, 895, 896, 897, 935, 943, 983, 1022, 1023, 1024, 1063]",INFERENCE_AND_ENVELOPE_PRE_ACTIVATION,739,823,-0.060612703737153203,0.21501580959330888,0.011653113932581052,0.16605621978873675,0.8518109026165638,GP_REFERENCE_SNIS,"[783, 822, 823, 824, 863, 743, 782, 784, 821, 825]",False,0.0035908331628888845,0.01414770889095962,0.08880049991421402,"{""factor_energy_evaluations"": 204800, ""factor_gradient_elements"": 0, ""factor_hessian_elements"": 0, ""sparse_comparison_solves"": 5}"
n40_r-2_late_q12,40,-2,late,DYNAMIC_GEOMETRIC_SHELL,5,50,"[458, 497, 498, 499, 536, 537, 538, 539, 540, 578, 659, 660, 698, 699, 700, 737, 738, 739, 740, 741, 743, 778, 779, 780, 782, 783, 784, 815, 819, 821, 822, 823, 824, 825, 854, 855, 856, 863, 893, 894, 895, 896, 897, 935, 943, 983, 1022, 1023, 1024, 1063]",INFERENCE_AND_ENVELOPE_PRE_ACTIVATION,739,655,-0.05960577474242988,0.21354204687959824,0.011564645305605109,0.16550091744277348,0.8149242679057858,GP_REFERENCE_SNIS,"[615, 654, 655, 656, 695, 575, 614, 616, 653, 657]",False,0.004052791045978665,0.013923582853749394,0.10679862485267222,"{""factor_energy_evaluations"": 307200, ""factor_gradient_elements"": 0, ""factor_hessian_elements"": 0, ""sparse_comparison_solves"": 6}"
n40_r-2_late_q12,40,-2,late,DYNAMIC_GEOMETRIC_SHELL,6,60,"[458, 497, 498, 499, 536, 537, 538, 539, 540, 575, 578, 614, 615, 616, 653, 654, 655, 656, 657, 659, 660, 695, 698, 699, 700, 737, 738, 739, 740, 741, 743, 778, 779, 780, 782, 783, 784, 815, 819, 821, 822, 823, 824, 825, 854, 855, 856, 863, 893, 894, 895, 896, 897, 935, 943, 983, 1022, 1023, 1024, 1063]",INFERENCE_AND_ENVELOPE_PRE_ACTIVATION,660,1018,-0.05895530446559637,0.2657233683536211,0.01178413343675882,0.21855219732478354,0.7724434390472391,GP_REFERENCE_SNIS,"[620, 661, 978, 1017, 1018, 1019, 1058, 580, 619, 621]",False,0.004701040918007493,0.013990874867886305,0.12551374989561737,"{""factor_energy_evaluations"": 430080, ""factor_gradient_elements"": 0, ""factor_hessian_elements"": 0, ""sparse_comparison_solves"": 7}"
n40_r-2_late_q12,40,-2,late,DYNAMIC_GEOMETRIC_SHELL,7,70,"[458, 497, 498, 499, 536, 537, 538, 539, 540, 575, 578, 580, 614, 615, 616, 619, 620, 621, 653, 654, 655, 656, 657, 659, 660, 661, 695, 698, 699, 700, 737, 738, 739, 740, 741, 743, 778, 779, 780, 782, 783, 784, 815, 819, 821, 822, 823, 824, 825, 854, 855, 856, 863, 893, 894, 895, 896, 897, 935, 943, 978, 983, 1017, 1018, 1019, 1022, 1023, 1024, 1058, 1063]",INFERENCE_AND_ENVELOPE_PRE_ACTIVATION,660,663,-0.059094587486644735,0.20923250881469108,0.012133199998436248,0.16227112132648258,0.741930967612162,GP_REFERENCE_SNIS,"[623, 662, 663, 664, 703, 583, 622, 624, 658, 665]",False,0.005045457975938916,0.013923291116952896,0.1445066670421511,"{""factor_energy_evaluations"": 573440, ""factor_gradient_elements"": 0, ""factor_hessian_elements"": 0, ""sparse_comparison_solves"": 8}"
n40_r-2_late_q12,40,-2,late,DYNAMIC_GEOMETRIC_SHELL,8,80,"[458, 497, 498, 499, 536, 537, 538, 539, 540, 575, 578, 580, 583, 614, 615, 616, 619, 620, 621, 622, 623, 624, 653, 654, 655, 656, 657, 658, 659, 660, 661, 662, 663, 664, 665, 695, 698, 699, 700, 703, 737, 738, 739, 740, 741, 743, 778, 779, 780, 782, 783, 784, 815, 819, 821, 822, 823, 824, 825, 854, 855, 856, 863, 893, 894, 895, 896, 897, 935, 943, 978, 983, 1017, 1018, 1019, 1022, 1023, 1024, 1058, 1063]",INFERENCE_AND_ENVELOPE_PRE_ACTIVATION,660,939,-0.005285369477517555,0.13594055086044113,0.017494981893819816,0.14815016327674338,0.7186868255766833,GP_REFERENCE_SNIS,"[899, 938, 939, 940, 979, 701, 859, 898, 900, 937]",False,0.005281041841953993,0.013850916177034378,0.16366141685284674,"{""factor_energy_evaluations"": 737280, ""factor_gradient_elements"": 0, ""factor_hessian_elements"": 0, ""sparse_comparison_solves"": 9}"
n40_r-2_late_q12,40,-2,late,DYNAMIC_GEOMETRIC_SHELL,9,90,"[458, 497, 498, 499, 536, 537, 538, 539, 540, 575, 578, 580, 583, 614, 615, 616, 619, 620, 621, 622, 623, 624, 653, 654, 655, 656, 657, 658, 659, 660, 661, 662, 663, 664, 665, 695, 698, 699, 700, 701, 703, 737, 738, 739, 740, 741, 743, 778, 779, 780, 782, 783, 784, 815, 819, 821, 822, 823, 824, 825, 854, 855, 856, 859, 863, 893, 894, 895, 896, 897, 898, 899, 900, 935, 937, 938, 939, 940, 943, 978, 979, 983, 1017, 1018, 1019, 1022, 1023, 1024, 1058, 1063]",INFERENCE_AND_ENVELOPE_PRE_ACTIVATION,660,901,-0.030382606926104692,0.14901541588037842,0.01564498080137375,0.13427778975564747,0.6936336273067474,GP_REFERENCE_SNIS,"[861, 901, 902, 941, 860, 862, 903, 942, 981, 579]",False,0.005966708064079285,0.013816958060488105,0.18346795882098377,"{""factor_energy_evaluations"": 921600, ""factor_gradient_elements"": 0, ""factor_hessian_elements"": 0, ""sparse_comparison_solves"": 10}"
n40_r-2_late_q12,40,-2,late,DYNAMIC_GEOMETRIC_SHELL,10,100,"[458, 497, 498, 499, 536, 537, 538, 539, 540, 575, 578, 579, 580, 583, 614, 615, 616, 619, 620, 621, 622, 623, 624, 653, 654, 655, 656, 657, 658, 659, 660, 661, 662, 663, 664, 665, 695, 698, 699, 700, 701, 703, 737, 738, 739, 740, 741, 743, 778, 779, 780, 782, 783, 784, 815, 819, 821, 822, 823, 824, 825, 854, 855, 856, 859, 860, 861, 862, 863, 893, 894, 895, 896, 897, 898, 899, 900, 901, 902, 903, 935, 937, 938, 939, 940, 941, 942, 943, 978, 979, 981, 983, 1017, 1018, 1019, 1022, 1023, 1024, 1058, 1063]",INFERENCE_AND_ENVELOPE_PRE_ACTIVATION,660,776,-0.05905063736180799,0.1800871302328204,0.012854755283470045,0.13389124815448247,0.6656246254473335,GP_REFERENCE_SNIS,"[736, 775, 776, 777, 816, 696, 735, 774, 817, 581]",False,0.006431875051930547,0.013653957983478904,0.2035745419561863,"{""factor_energy_evaluations"": 1126400, ""factor_gradient_elements"": 0, ""factor_hessian_elements"": 0, ""sparse_comparison_solves"": 11}"
n40_r-2_late_q12,40,-2,late,DYNAMIC_GEOMETRIC_SHELL,11,110,"[458, 497, 498, 499, 536, 537, 538, 539, 540, 575, 578, 579, 580, 581, 583, 614, 615, 616, 619, 620, 621, 622, 623, 624, 653, 654, 655, 656, 657, 658, 659, 660, 661, 662, 663, 664, 665, 695, 696, 698, 699, 700, 701, 703, 735, 736, 737, 738, 739, 740, 741, 743, 774, 775, 776, 777, 778, 779, 780, 782, 783, 784, 815, 816, 817, 819, 821, 822, 823, 824, 825, 854, 855, 856, 859, 860, 861, 862, 863, 893, 894, 895, 896, 897, 898, 899, 900, 901, 902, 903, 935, 937, 938, 939, 940, 941, 942, 943, 978, 979, 981, 983, 1017, 1018, 1019, 1022, 1023, 1024, 1058, 1063]",INFERENCE_AND_ENVELOPE_PRE_ACTIVATION,739,976,-0.059168869617031584,0.16166714754249914,0.013197418826573703,0.11569569675204126,0.6375437910257479,GP_REFERENCE_SNIS,"[936, 975, 976, 977, 1016, 974, 1015, 1056, 697, 742]",False,0.006969208130612969,0.013746708864346147,0.2243117089383304,"{""factor_energy_evaluations"": 1351680, ""factor_gradient_elements"": 0, ""factor_hessian_elements"": 0, ""sparse_comparison_solves"": 12}"
n40_r-2_late_q12,40,-2,late,DYNAMIC_GEOMETRIC_SHELL,12,120,"[458, 497, 498, 499, 536, 537, 538, 539, 540, 575, 578, 579, 580, 581, 583, 614, 615, 616, 619, 620, 621, 622, 623, 624, 653, 654, 655, 656, 657, 658, 659, 660, 661, 662, 663, 664, 665, 695, 696, 697, 698, 699, 700, 701, 703, 735, 736, 737, 738, 739, 740, 741, 742, 743, 774, 775, 776, 777, 778, 779, 780, 782, 783, 784, 815, 816, 817, 819, 821, 822, 823, 824, 825, 854, 855, 856, 859, 860, 861, 862, 863, 893, 894, 895, 896, 897, 898, 899, 900, 901, 902, 903, 935, 936, 937, 938, 939, 940, 941, 942, 943, 974, 975, 976, 977, 978, 979, 981, 983, 1015, 1016, 1017, 1018, 1019, 1022, 1023, 1024, 1056, 1058, 1063]",INFERENCE_AND_ENVELOPE_PRE_ACTIVATION,739,1020,-0.05967770405648508,0.15378838248397803,0.013019857130866301,0.10713053555835925,0.6216736160453513,GP_REFERENCE_SNIS,"[980, 1020, 1021, 1060, 1059, 1061, 1100, 781, 818, 820]",False,0.007362042088061571,0.013581834034994245,0.24527762504294515,"{""factor_energy_evaluations"": 1597440, ""factor_gradient_elements"": 0, ""factor_hessian_elements"": 0, ""sparse_comparison_solves"": 13}"
n40_r-2_late_q12,40,-2,late,DYNAMIC_GEOMETRIC_SHELL,13,130,"[458, 497, 498, 499, 536, 537, 538, 539, 540, 575, 578, 579, 580, 581, 583, 614, 615, 616, 619, 620, 621, 622, 623, 624, 653, 654, 655, 656, 657, 658, 659, 660, 661, 662, 663, 664, 665, 695, 696, 697, 698, 699, 700, 701, 703, 735, 736, 737, 738, 739, 740, 741, 742, 743, 774, 775, 776, 777, 778, 779, 780, 781, 782, 783, 784, 815, 816, 817, 818, 819, 820, 821, 822, 823, 824, 825, 854, 855, 856, 859, 860, 861, 862, 863, 893, 894, 895, 896, 897, 898, 899, 900, 901, 902, 903, 935, 936, 937, 938, 939, 940, 941, 942, 943, 974, 975, 976, 977, 978, 979, 980, 981, 983, 1015, 1016, 1017, 1018, 1019, 1020, 1021, 1022, 1023, 1024, 1056, 1058, 1059, 1060, 1061, 1063, 1100]",INFERENCE_AND_ENVELOPE_PRE_ACTIVATION,739,542,-0.05866435671855796,0.14756089512607526,0.013454340974723701,0.102350879382241,0.5855870448109863,GP_REFERENCE_SNIS,"[502, 541, 542, 543, 582, 462, 501, 503, 544, 422]",False,0.007770332973450422,0.013623833889141679,0.2666957089677453,"{""factor_energy_evaluations"": 1863680, ""factor_gradient_elements"": 0, ""factor_hessian_elements"": 0, ""sparse_comparison_solves"": 14}"
n40_r-2_late_q12,40,-2,late,DYNAMIC_GEOMETRIC_SHELL,14,140,"[422, 458, 462, 497, 498, 499, 501, 502, 503, 536, 537, 538, 539, 540, 541, 542, 543, 544, 575, 578, 579, 580, 581, 582, 583, 614, 615, 616, 619, 620, 621, 622, 623, 624, 653, 654, 655, 656, 657, 658, 659, 660, 661, 662, 663, 664, 665, 695, 696, 697, 698, 699, 700, 701, 703, 735, 736, 737, 738, 739, 740, 741, 742, 743, 774, 775, 776, 777, 778, 779, 780, 781, 782, 783, 784, 815, 816, 817, 818, 819, 820, 821, 822, 823, 824, 825, 854, 855, 856, 859, 860, 861, 862, 863, 893, 894, 895, 896, 897, 898, 899, 900, 901, 902, 903, 935, 936, 937, 938, 939, 940, 941, 942, 943, 974, 975, 976, 977, 978, 979, 980, 981, 983, 1015, 1016, 1017, 1018, 1019, 1020, 1021, 1022, 1023, 1024, 1056, 1058, 1059, 1060, 1061, 1063, 1100]",INFERENCE_AND_ENVELOPE_PRE_ACTIVATION,739,577,-0.05916579804327385,0.1179565194708703,0.014321314288741192,0.07311203571633765,0.5629632424134918,GP_REFERENCE_SNIS,"[576, 577, 617, 618, 457, 496, 535, 574, 417, 456]",False,0.008222708012908697,0.013717208988964558,0.2886576249729842,"{""factor_energy_evaluations"": 2150400, ""factor_gradient_elements"": 0, ""factor_hessian_elements"": 0, ""sparse_comparison_solves"": 15}"
n40_r-2_late_q12,40,-2,late,DYNAMIC_GEOMETRIC_SHELL,15,150,"[417, 422, 456, 457, 458, 462, 496, 497, 498, 499, 501, 502, 503, 535, 536, 537, 538, 539, 540, 541, 542, 543, 544, 574, 575, 576, 577, 578, 579, 580, 581, 582, 583, 614, 615, 616, 617, 618, 619, 620, 621, 622, 623, 624, 653, 654, 655, 656, 657, 658, 659, 660, 661, 662, 663, 664, 665, 695, 696, 697, 698, 699, 700, 701, 703, 735, 736, 737, 738, 739, 740, 741, 742, 743, 774, 775, 776, 777, 778, 779, 780, 781, 782, 783, 784, 815, 816, 817, 818, 819, 820, 821, 822, 823, 824, 825, 854, 855, 856, 859, 860, 861, 862, 863, 893, 894, 895, 896, 897, 898, 899, 900, 901, 902, 903, 935, 936, 937, 938, 939, 940, 941, 942, 943, 974, 975, 976, 977, 978, 979, 980, 981, 983, 1015, 1016, 1017, 1018, 1019, 1020, 1021, 1022, 1023, 1024, 1056, 1058, 1059, 1060, 1061, 1063, 1100]",INFERENCE_AND_ENVELOPE_PRE_ACTIVATION,739,858,-0.04698599644429798,0.08337932444525227,0.016222862661862434,0.052616190662816725,0.539971028845878,GP_REFERENCE_SNIS,[],True,0.008795665809884667,0.004891624907031655,0.30236937501467764,"{""factor_energy_evaluations"": 2457600, ""factor_gradient_elements"": 0, ""factor_hessian_elements"": 0, ""sparse_comparison_solves"": 16}"
n40_r-2_late_q12,40,-2,late,STATIC_INFLUENCE,0,0,[],INFERENCE_AND_ENVELOPE_PRE_ACTIVATION,739,740,-0.010701652841202017,0.2867019388794184,0.015922638907500463,0.29192292494571687,1.0,GP_REFERENCE_SNIS,"[740, 739, 741, 780, 738, 779, 700, 699, 781, 742]",False,0.0016172078903764486,0.010202375007793307,0.016257124952971935,"{""factor_energy_evaluations"": 0, ""factor_gradient_elements"": 0, ""factor_hessian_elements"": 0, ""sparse_comparison_solves"": 2}"
n40_r-2_late_q12,40,-2,late,STATIC_INFLUENCE,1,10,"[699, 700, 738, 739, 740, 741, 742, 779, 780, 781]",INFERENCE_AND_ENVELOPE_PRE_ACTIVATION,660,1023,-0.06315173773384318,0.340114520084214,0.01188703991092234,0.28884982226129313,0.9699256462494313,GP_REFERENCE_SNIS,"[701, 820, 778, 737, 698, 782, 821, 702, 777, 697]",False,0.002285416005179286,0.005075207911431789,0.023641792125999928,"{""factor_energy_evaluations"": 20480, ""factor_gradient_elements"": 0, ""factor_hessian_elements"": 0, ""sparse_comparison_solves"": 3}"
n40_r-2_late_q12,40,-2,late,STATIC_INFLUENCE,2,20,"[697, 698, 699, 700, 701, 702, 737, 738, 739, 740, 741, 742, 777, 778, 779, 780, 781, 782, 820, 821]",INFERENCE_AND_ENVELOPE_PRE_ACTIVATION,660,1023,-0.06376532228162216,0.3356820483071964,0.012251307199949343,0.2841680332255236,0.9263286396165531,GP_REFERENCE_SNIS,"[819, 818, 743, 661, 736, 822, 658, 783, 703, 817]",False,0.0026303750928491354,0.004935791017487645,0.031230458058416843,"{""factor_energy_evaluations"": 61440, ""factor_gradient_elements"": 0, ""factor_hessian_elements"": 0, ""sparse_comparison_solves"": 4}"
n40_r-2_late_q12,40,-2,late,STATIC_INFLUENCE,3,30,"[658, 661, 697, 698, 699, 700, 701, 702, 703, 736, 737, 738, 739, 740, 741, 742, 743, 777, 778, 779, 780, 781, 782, 783, 817, 818, 819, 820, 821, 822]",INFERENCE_AND_ENVELOPE_PRE_ACTIVATION,660,1023,-0.06340436562104777,0.31822923248642176,0.012204178332336366,0.26702904519771037,0.8837659008886378,GP_REFERENCE_SNIS,"[662, 776, 696, 660, 861, 657, 860, 823, 862, 744]",False,0.0035695829428732395,0.005010874941945076,0.03983308305032551,"{""factor_energy_evaluations"": 122880, ""factor_gradient_elements"": 0, ""factor_hessian_elements"": 0, ""sparse_comparison_solves"": 5}"
n40_r-2_late_q12,40,-2,late,STATIC_INFLUENCE,4,40,"[657, 658, 660, 661, 662, 696, 697, 698, 699, 700, 701, 702, 703, 736, 737, 738, 739, 740, 741, 742, 743, 744, 776, 777, 778, 779, 780, 781, 782, 783, 817, 818, 819, 820, 821, 822, 823, 860, 861, 862]",INFERENCE_AND_ENVELOPE_PRE_ACTIVATION,739,1023,-0.061108555277259634,0.2093292688699263,0.011508756113410653,0.15972946970607732,0.8536281015489771,GP_REFERENCE_SNIS,"[621, 858, 735, 663, 618, 816, 656, 784, 620, 704]",False,0.003560332814231515,0.0047906250692903996,0.04820462502539158,"{""factor_energy_evaluations"": 204800, ""factor_gradient_elements"": 0, ""factor_hessian_elements"": 0, ""sparse_comparison_solves"": 6}"
n40_r-2_late_q12,40,-2,late,STATIC_INFLUENCE,5,50,"[618, 620, 621, 656, 657, 658, 660, 661, 662, 663, 696, 697, 698, 699, 700, 701, 702, 703, 704, 735, 736, 737, 738, 739, 740, 741, 742, 743, 744, 776, 777, 778, 779, 780, 781, 782, 783, 784, 816, 817, 818, 819, 820, 821, 822, 823, 858, 860, 861, 862]",INFERENCE_AND_ENVELOPE_PRE_ACTIVATION,739,1023,-0.06143754981263255,0.20867109271154444,0.011777306471249983,0.15901084937016186,0.8138520159209333,GP_REFERENCE_SNIS,"[622, 857, 775, 695, 659, 617, 859, 863, 901, 824]",False,0.004290542099624872,0.0050409999676048756,0.057560708140954375,"{""factor_energy_evaluations"": 307200, ""factor_gradient_elements"": 0, ""factor_hessian_elements"": 0, ""sparse_comparison_solves"": 7}"
n40_r-2_late_q12,40,-2,late,STATIC_INFLUENCE,6,60,"[617, 618, 620, 621, 622, 656, 657, 658, 659, 660, 661, 662, 663, 695, 696, 697, 698, 699, 700, 701, 702, 703, 704, 735, 736, 737, 738, 739, 740, 741, 742, 743, 744, 775, 776, 777, 778, 779, 780, 781, 782, 783, 784, 816, 817, 818, 819, 820, 821, 822, 823, 824, 857, 858, 859, 860, 861, 862, 863, 901]",INFERENCE_AND_ENVELOPE_PRE_ACTIVATION,739,1023,-0.060380165471937065,0.20787750616378936,0.011650400614255787,0.1591477413061081,0.7877335466557912,GP_REFERENCE_SNIS,"[902, 619, 664, 623, 856, 815, 655, 616, 745, 581]",False,0.004604041809216142,0.005128666991367936,0.06731995800510049,"{""factor_energy_evaluations"": 430080, ""factor_gradient_elements"": 0, ""factor_hessian_elements"": 0, ""sparse_comparison_solves"": 8}"
n40_r-2_late_q12,40,-2,late,STATIC_INFLUENCE,7,70,"[581, 616, 617, 618, 619, 620, 621, 622, 623, 655, 656, 657, 658, 659, 660, 661, 662, 663, 664, 695, 696, 697, 698, 699, 700, 701, 702, 703, 704, 735, 736, 737, 738, 739, 740, 741, 742, 743, 744, 745, 775, 776, 777, 778, 779, 780, 781, 782, 783, 784, 815, 816, 817, 818, 819, 820, 821, 822, 823, 824, 856, 857, 858, 859, 860, 861, 862, 863, 901, 902]",INFERENCE_AND_ENVELOPE_PRE_ACTIVATION,739,1023,-0.06101777126179033,0.20724752110560304,0.012194445232118852,0.15842419507593156,0.7529711708644284,GP_REFERENCE_SNIS,"[734, 898, 785, 578, 580, 705, 582, 897, 864, 774]",False,0.004905791021883488,0.004841833841055632,0.07709216699004173,"{""factor_energy_evaluations"": 573440, ""factor_gradient_elements"": 0, ""factor_hessian_elements"": 0, ""sparse_comparison_solves"": 9}"
n40_r-2_late_q12,40,-2,late,STATIC_INFLUENCE,8,80,"[578, 580, 581, 582, 616, 617, 618, 619, 620, 621, 622, 623, 655, 656, 657, 658, 659, 660, 661, 662, 663, 664, 695, 696, 697, 698, 699, 700, 701, 702, 703, 704, 705, 734, 735, 736, 737, 738, 739, 740, 741, 742, 743, 744, 745, 774, 775, 776, 777, 778, 779, 780, 781, 782, 783, 784, 785, 815, 816, 817, 818, 819, 820, 821, 822, 823, 824, 856, 857, 858, 859, 860, 861, 862, 863, 864, 897, 898, 901, 902]",INFERENCE_AND_ENVELOPE_PRE_ACTIVATION,739,1023,-0.06065975919468357,0.20700121225148838,0.01240931823472993,0.15875077129153473,0.7167761980292559,GP_REFERENCE_SNIS,"[694, 577, 903, 579, 825, 624, 855, 615, 941, 665]",False,0.005544000072404742,0.005444416077807546,0.08810729207471013,"{""factor_energy_evaluations"": 737280, ""factor_gradient_elements"": 0, ""factor_hessian_elements"": 0, ""sparse_comparison_solves"": 10}"
n40_r-2_late_q12,40,-2,late,STATIC_INFLUENCE,9,90,"[577, 578, 579, 580, 581, 582, 615, 616, 617, 618, 619, 620, 621, 622, 623, 624, 655, 656, 657, 658, 659, 660, 661, 662, 663, 664, 665, 694, 695, 696, 697, 698, 699, 700, 701, 702, 703, 704, 705, 734, 735, 736, 737, 738, 739, 740, 741, 742, 743, 744, 745, 774, 775, 776, 777, 778, 779, 780, 781, 782, 783, 784, 785, 815, 816, 817, 818, 819, 820, 821, 822, 823, 824, 825, 855, 856, 857, 858, 859, 860, 861, 862, 863, 864, 897, 898, 901, 902, 903, 941]",INFERENCE_AND_ENVELOPE_PRE_ACTIVATION,739,1023,-0.06010399025866085,0.2055714878560673,0.012502156259555574,0.15796965385696204,0.6909843092153841,GP_REFERENCE_SNIS,"[896, 583, 814, 654, 942, 576, 746, 541, 904, 733]",False,0.006060292012989521,0.004901666892692447,0.09909704211167991,"{""factor_energy_evaluations"": 921600, ""factor_gradient_elements"": 0, ""factor_hessian_elements"": 0, ""sparse_comparison_solves"": 11}"
n40_r-2_late_q12,40,-2,late,STATIC_INFLUENCE,10,100,"[541, 576, 577, 578, 579, 580, 581, 582, 583, 615, 616, 617, 618, 619, 620, 621, 622, 623, 624, 654, 655, 656, 657, 658, 659, 660, 661, 662, 663, 664, 665, 694, 695, 696, 697, 698, 699, 700, 701, 702, 703, 704, 705, 733, 734, 735, 736, 737, 738, 739, 740, 741, 742, 743, 744, 745, 746, 774, 775, 776, 777, 778, 779, 780, 781, 782, 783, 784, 785, 814, 815, 816, 817, 818, 819, 820, 821, 822, 823, 824, 825, 855, 856, 857, 858, 859, 860, 861, 862, 863, 864, 896, 897, 898, 901, 902, 903, 904, 941, 942]",INFERENCE_AND_ENVELOPE_PRE_ACTIVATION,739,1018,-0.05954348253489378,0.20308023095603986,0.012835665825718622,0.1563724142468647,0.6595483465835684,GP_REFERENCE_SNIS,"[865, 786, 540, 538, 938, 706, 943, 773, 693, 937]",False,0.006591249955818057,0.00547420815564692,0.1111933330539614,"{""factor_energy_evaluations"": 1126400, ""factor_gradient_elements"": 0, ""factor_hessian_elements"": 0, ""sparse_comparison_solves"": 12}"
n40_r-2_late_q12,40,-2,late,STATIC_INFLUENCE,11,110,"[538, 540, 541, 576, 577, 578, 579, 580, 581, 582, 583, 615, 616, 617, 618, 619, 620, 621, 622, 623, 624, 654, 655, 656, 657, 658, 659, 660, 661, 662, 663, 664, 665, 693, 694, 695, 696, 697, 698, 699, 700, 701, 702, 703, 704, 705, 706, 733, 734, 735, 736, 737, 738, 739, 740, 741, 742, 743, 744, 745, 746, 773, 774, 775, 776, 777, 778, 779, 780, 781, 782, 783, 784, 785, 786, 814, 815, 816, 817, 818, 819, 820, 821, 822, 823, 824, 825, 855, 856, 857, 858, 859, 860, 861, 862, 863, 864, 865, 896, 897, 898, 901, 902, 903, 904, 937, 938, 941, 942, 943]",INFERENCE_AND_ENVELOPE_PRE_ACTIVATION,739,1019,-0.05940023027152669,0.19972965861172254,0.013540188132474379,0.15386961647267022,0.6255457773227606,GP_REFERENCE_SNIS,"[542, 539, 537, 625, 900, 895, 584, 854, 614, 826]",False,0.007707666140049696,0.005129416007548571,0.12405791715718806,"{""factor_energy_evaluations"": 1351680, ""factor_gradient_elements"": 0, ""factor_hessian_elements"": 0, ""sparse_comparison_solves"": 13}"
n40_r-2_late_q12,40,-2,late,STATIC_INFLUENCE,12,120,"[537, 538, 539, 540, 541, 542, 576, 577, 578, 579, 580, 581, 582, 583, 584, 614, 615, 616, 617, 618, 619, 620, 621, 622, 623, 624, 625, 654, 655, 656, 657, 658, 659, 660, 661, 662, 663, 664, 665, 693, 694, 695, 696, 697, 698, 699, 700, 701, 702, 703, 704, 705, 706, 733, 734, 735, 736, 737, 738, 739, 740, 741, 742, 743, 744, 745, 746, 773, 774, 775, 776, 777, 778, 779, 780, 781, 782, 783, 784, 785, 786, 814, 815, 816, 817, 818, 819, 820, 821, 822, 823, 824, 825, 826, 854, 855, 856, 857, 858, 859, 860, 861, 862, 863, 864, 865, 895, 896, 897, 898, 900, 901, 902, 903, 904, 937, 938, 941, 942, 943]",INFERENCE_AND_ENVELOPE_PRE_ACTIVATION,739,1019,-0.059915133638328635,0.1996805786220825,0.013622014770675752,0.15338745975442963,0.602657746025324,GP_REFERENCE_SNIS,"[575, 666, 936, 813, 653, 905, 981, 536, 982, 944]",False,0.007395541062578559,0.00598975014872849,0.13746995804831386,"{""factor_energy_evaluations"": 1597440, ""factor_gradient_elements"": 0, ""factor_hessian_elements"": 0, ""sparse_comparison_solves"": 14}"
n40_r-2_late_q12,40,-2,late,STATIC_INFLUENCE,13,130,"[536, 537, 538, 539, 540, 541, 542, 575, 576, 577, 578, 579, 580, 581, 582, 583, 584, 614, 615, 616, 617, 618, 619, 620, 621, 622, 623, 624, 625, 653, 654, 655, 656, 657, 658, 659, 660, 661, 662, 663, 664, 665, 666, 693, 694, 695, 696, 697, 698, 699, 700, 701, 702, 703, 704, 705, 706, 733, 734, 735, 736, 737, 738, 739, 740, 741, 742, 743, 744, 745, 746, 773, 774, 775, 776, 777, 778, 779, 780, 781, 782, 783, 784, 785, 786, 813, 814, 815, 816, 817, 818, 819, 820, 821, 822, 823, 824, 825, 826, 854, 855, 856, 857, 858, 859, 860, 861, 862, 863, 864, 865, 895, 896, 897, 898, 900, 901, 902, 903, 904, 905, 936, 937, 938, 941, 942, 943, 944, 981, 982]",INFERENCE_AND_ENVELOPE_PRE_ACTIVATION,739,1019,-0.05841200195747304,0.19739260117933896,0.013384379422173288,0.15236497864403922,0.5782183172387177,GP_REFERENCE_SNIS,"[899, 866, 747, 501, 585, 894, 787, 732, 500, 574]",False,0.00782849988900125,0.005177333019673824,0.15050683310255408,"{""factor_energy_evaluations"": 1863680, ""factor_gradient_elements"": 0, ""factor_hessian_elements"": 0, ""sparse_comparison_solves"": 15}"
n40_r-2_late_q12,40,-2,late,STATIC_INFLUENCE,14,140,"[500, 501, 536, 537, 538, 539, 540, 541, 542, 574, 575, 576, 577, 578, 579, 580, 581, 582, 583, 584, 585, 614, 615, 616, 617, 618, 619, 620, 621, 622, 623, 624, 625, 653, 654, 655, 656, 657, 658, 659, 660, 661, 662, 663, 664, 665, 666, 693, 694, 695, 696, 697, 698, 699, 700, 701, 702, 703, 704, 705, 706, 732, 733, 734, 735, 736, 737, 738, 739, 740, 741, 742, 743, 744, 745, 746, 747, 773, 774, 775, 776, 777, 778, 779, 780, 781, 782, 783, 784, 785, 786, 787, 813, 814, 815, 816, 817, 818, 819, 820, 821, 822, 823, 824, 825, 826, 854, 855, 856, 857, 858, 859, 860, 861, 862, 863, 864, 865, 866, 894, 895, 896, 897, 898, 899, 900, 901, 902, 903, 904, 905, 936, 937, 938, 941, 942, 943, 944, 981, 982]",INFERENCE_AND_ENVELOPE_PRE_ACTIVATION,739,1019,-0.059751171369817946,0.1971659123450311,0.014241342550983572,0.15165608352619675,0.5599910330657465,GP_REFERENCE_SNIS,"[498, 707, 626, 983, 935, 853, 499, 978, 613, 772]",False,0.008245708188042045,0.0050496249459683895,0.16383004211820662,"{""factor_energy_evaluations"": 2150400, ""factor_gradient_elements"": 0, ""factor_hessian_elements"": 0, ""sparse_comparison_solves"": 16}"
n40_r-2_late_q12,40,-2,late,STATIC_INFLUENCE,15,150,"[498, 499, 500, 501, 536, 537, 538, 539, 540, 541, 542, 574, 575, 576, 577, 578, 579, 580, 581, 582, 583, 584, 585, 613, 614, 615, 616, 617, 618, 619, 620, 621, 622, 623, 624, 625, 626, 653, 654, 655, 656, 657, 658, 659, 660, 661, 662, 663, 664, 665, 666, 693, 694, 695, 696, 697, 698, 699, 700, 701, 702, 703, 704, 705, 706, 707, 732, 733, 734, 735, 736, 737, 738, 739, 740, 741, 742, 743, 744, 745, 746, 747, 772, 773, 774, 775, 776, 777, 778, 779, 780, 781, 782, 783, 784, 785, 786, 787, 813, 814, 815, 816, 817, 818, 819, 820, 821, 822, 823, 824, 825, 826, 853, 854, 855, 856, 857, 858, 859, 860, 861, 862, 863, 864, 865, 866, 894, 895, 896, 897, 898, 899, 900, 901, 902, 903, 904, 905, 935, 936, 937, 938, 941, 942, 943, 944, 978, 981, 982, 983]",INFERENCE_AND_ENVELOPE_PRE_ACTIVATION,739,1019,-0.0586122060623122,0.19074240502366435,0.01466302289503654,0.14679322185638868,0.5063488360216273,GP_REFERENCE_SNIS,"[692, 977, 502, 497, 939, 543, 827, 945, 940, 544]",False,0.008990042144432664,0.004962125094607472,0.17781362496316433,"{""factor_energy_evaluations"": 2457600, ""factor_gradient_elements"": 0, ""factor_hessian_elements"": 0, ""sparse_comparison_solves"": 17}"
n40_r-2_late_q12,40,-2,late,STATIC_INFLUENCE,16,160,"[497, 498, 499, 500, 501, 502, 536, 537, 538, 539, 540, 541, 542, 543, 544, 574, 575, 576, 577, 578, 579, 580, 581, 582, 583, 584, 585, 613, 614, 615, 616, 617, 618, 619, 620, 621, 622, 623, 624, 625, 626, 653, 654, 655, 656, 657, 658, 659, 660, 661, 662, 663, 664, 665, 666, 692, 693, 694, 695, 696, 697, 698, 699, 700, 701, 702, 703, 704, 705, 706, 707, 732, 733, 734, 735, 736, 737, 738, 739, 740, 741, 742, 743, 744, 745, 746, 747, 772, 773, 774, 775, 776, 777, 778, 779, 780, 781, 782, 783, 784, 785, 786, 787, 813, 814, 815, 816, 817, 818, 819, 820, 821, 822, 823, 824, 825, 826, 827, 853, 854, 855, 856, 857, 858, 859, 860, 861, 862, 863, 864, 865, 866, 894, 895, 896, 897, 898, 899, 900, 901, 902, 903, 904, 905, 935, 936, 937, 938, 939, 940, 941, 942, 943, 944, 945, 977, 978, 981, 982, 983]",INFERENCE_AND_ENVELOPE_PRE_ACTIVATION,739,1019,-0.05984871955096567,0.18526525193125531,0.015170777420191517,0.14058730980048117,0.49792262896478096,GP_REFERENCE_SNIS,"[667, 906, 812, 976, 652, 984, 496, 586, 1021, 980]",False,0.009414250031113625,0.0050598750822246075,0.19231449998915195,"{""factor_energy_evaluations"": 2785280, ""factor_gradient_elements"": 0, ""factor_hessian_elements"": 0, ""sparse_comparison_solves"": 18}"
n40_r-2_late_q12,40,-2,late,STATIC_INFLUENCE,17,170,"[496, 497, 498, 499, 500, 501, 502, 536, 537, 538, 539, 540, 541, 542, 543, 544, 574, 575, 576, 577, 578, 579, 580, 581, 582, 583, 584, 585, 586, 613, 614, 615, 616, 617, 618, 619, 620, 621, 622, 623, 624, 625, 626, 652, 653, 654, 655, 656, 657, 658, 659, 660, 661, 662, 663, 664, 665, 666, 667, 692, 693, 694, 695, 696, 697, 698, 699, 700, 701, 702, 703, 704, 705, 706, 707, 732, 733, 734, 735, 736, 737, 738, 739, 740, 741, 742, 743, 744, 745, 746, 747, 772, 773, 774, 775, 776, 777, 778, 779, 780, 781, 782, 783, 784, 785, 786, 787, 812, 813, 814, 815, 816, 817, 818, 819, 820, 821, 822, 823, 824, 825, 826, 827, 853, 854, 855, 856, 857, 858, 859, 860, 861, 862, 863, 864, 865, 866, 894, 895, 896, 897, 898, 899, 900, 901, 902, 903, 904, 905, 906, 935, 936, 937, 938, 939, 940, 941, 942, 943, 944, 945, 976, 977, 978, 980, 981, 982, 983, 984, 1021]",INFERENCE_AND_ENVELOPE_PRE_ACTIVATION,739,1019,-0.060339494067877926,0.17528462757157712,0.016244788255115845,0.13118992175881505,0.46315268159465156,GP_REFERENCE_SNIS,"[1022, 867, 934, 893, 979, 573, 545, 748, 535, 627]",False,0.01013241708278656,0.005090832943096757,0.20756341703236103,"{""factor_energy_evaluations"": 3133440, ""factor_gradient_elements"": 0, ""factor_hessian_elements"": 0, ""sparse_comparison_solves"": 19}"
n40_r-2_late_q12,40,-2,late,STATIC_INFLUENCE,18,180,"[496, 497, 498, 499, 500, 501, 502, 535, 536, 537, 538, 539, 540, 541, 542, 543, 544, 545, 573, 574, 575, 576, 577, 578, 579, 580, 581, 582, 583, 584, 585, 586, 613, 614, 615, 616, 617, 618, 619, 620, 621, 622, 623, 624, 625, 626, 627, 652, 653, 654, 655, 656, 657, 658, 659, 660, 661, 662, 663, 664, 665, 666, 667, 692, 693, 694, 695, 696, 697, 698, 699, 700, 701, 702, 703, 704, 705, 706, 707, 732, 733, 734, 735, 736, 737, 738, 739, 740, 741, 742, 743, 744, 745, 746, 747, 748, 772, 773, 774, 775, 776, 777, 778, 779, 780, 781, 782, 783, 784, 785, 786, 787, 812, 813, 814, 815, 816, 817, 818, 819, 820, 821, 822, 823, 824, 825, 826, 827, 853, 854, 855, 856, 857, 858, 859, 860, 861, 862, 863, 864, 865, 866, 867, 893, 894, 895, 896, 897, 898, 899, 900, 901, 902, 903, 904, 905, 906, 934, 935, 936, 937, 938, 939, 940, 941, 942, 943, 944, 945, 976, 977, 978, 979, 980, 981, 982, 983, 984, 1021, 1022]",INFERENCE_AND_ENVELOPE_PRE_ACTIVATION,739,1018,-0.06070327580062007,0.15933037073060938,0.015549759237222047,0.11417685416721135,0.45492359453518205,GP_REFERENCE_SNIS,"[461, 460, 852, 788, 612, 731, 975, 1023, 708, 458]",False,0.010566958924755454,0.005198959028348327,0.22336312499828637,"{""factor_energy_evaluations"": 3502080, ""factor_gradient_elements"": 0, ""factor_hessian_elements"": 0, ""sparse_comparison_solves"": 20}"
n40_r-2_late_q12,40,-2,late,STATIC_INFLUENCE,19,190,"[458, 460, 461, 496, 497, 498, 499, 500, 501, 502, 535, 536, 537, 538, 539, 540, 541, 542, 543, 544, 545, 573, 574, 575, 576, 577, 578, 579, 580, 581, 582, 583, 584, 585, 586, 612, 613, 614, 615, 616, 617, 618, 619, 620, 621, 622, 623, 624, 625, 626, 627, 652, 653, 654, 655, 656, 657, 658, 659, 660, 661, 662, 663, 664, 665, 666, 667, 692, 693, 694, 695, 696, 697, 698, 699, 700, 701, 702, 703, 704, 705, 706, 707, 708, 731, 732, 733, 734, 735, 736, 737, 738, 739, 740, 741, 742, 743, 744, 745, 746, 747, 748, 772, 773, 774, 775, 776, 777, 778, 779, 780, 781, 782, 783, 784, 785, 786, 787, 788, 812, 813, 814, 815, 816, 817, 818, 819, 820, 821, 822, 823, 824, 825, 826, 827, 852, 853, 854, 855, 856, 857, 858, 859, 860, 861, 862, 863, 864, 865, 866, 867, 893, 894, 895, 896, 897, 898, 899, 900, 901, 902, 903, 904, 905, 906, 934, 935, 936, 937, 938, 939, 940, 941, 942, 943, 944, 945, 975, 976, 977, 978, 979, 980, 981, 982, 983, 984, 1021, 1022, 1023]",INFERENCE_AND_ENVELOPE_PRE_ACTIVATION,739,1018,-0.0609760171110985,0.15897263145232546,0.01584395653445507,0.11384057087568203,0.4377196483082167,GP_REFERENCE_SNIS,"[459, 771, 946, 691, 1018, 462, 985, 1017, 534, 457]",False,0.011049916967749596,0.005071541992947459,0.23951308312825859,"{""factor_energy_evaluations"": 3891200, ""factor_gradient_elements"": 0, ""factor_hessian_elements"": 0, ""sparse_comparison_solves"": 21}"
n40_r-2_late_q12,40,-2,late,STATIC_INFLUENCE,20,200,"[457, 458, 459, 460, 461, 462, 496, 497, 498, 499, 500, 501, 502, 534, 535, 536, 537, 538, 539, 540, 541, 542, 543, 544, 545, 573, 574, 575, 576, 577, 578, 579, 580, 581, 582, 583, 584, 585, 586, 612, 613, 614, 615, 616, 617, 618, 619, 620, 621, 622, 623, 624, 625, 626, 627, 652, 653, 654, 655, 656, 657, 658, 659, 660, 661, 662, 663, 664, 665, 666, 667, 691, 692, 693, 694, 695, 696, 697, 698, 699, 700, 701, 702, 703, 704, 705, 706, 707, 708, 731, 732, 733, 734, 735, 736, 737, 738, 739, 740, 741, 742, 743, 744, 745, 746, 747, 748, 771, 772, 773, 774, 775, 776, 777, 778, 779, 780, 781, 782, 783, 784, 785, 786, 787, 788, 812, 813, 814, 815, 816, 817, 818, 819, 820, 821, 822, 823, 824, 825, 826, 827, 852, 853, 854, 855, 856, 857, 858, 859, 860, 861, 862, 863, 864, 865, 866, 867, 893, 894, 895, 896, 897, 898, 899, 900, 901, 902, 903, 904, 905, 906, 934, 935, 936, 937, 938, 939, 940, 941, 942, 943, 944, 945, 946, 975, 976, 977, 978, 979, 980, 981, 982, 983, 984, 985, 1017, 1018, 1021, 1022, 1023]",INFERENCE_AND_ENVELOPE_PRE_ACTIVATION,739,1019,-0.059942131741423155,0.13441653824508615,0.016603027521128137,0.09107743402479113,0.42088447416187935,GP_REFERENCE_SNIS,"[503, 828, 907, 668, 1020, 504, 811, 651, 933, 1024]",False,0.011170374928042293,0.005144333932548761,0.2558546250220388,"{""factor_energy_evaluations"": 4300800, ""factor_gradient_elements"": 0, ""factor_hessian_elements"": 0, ""sparse_comparison_solves"": 22}"
n40_r-2_late_q12,40,-2,late,STATIC_INFLUENCE,21,210,"[457, 458, 459, 460, 461, 462, 496, 497, 498, 499, 500, 501, 502, 503, 504, 534, 535, 536, 537, 538, 539, 540, 541, 542, 543, 544, 545, 573, 574, 575, 576, 577, 578, 579, 580, 581, 582, 583, 584, 585, 586, 612, 613, 614, 615, 616, 617, 618, 619, 620, 621, 622, 623, 624, 625, 626, 627, 651, 652, 653, 654, 655, 656, 657, 658, 659, 660, 661, 662, 663, 664, 665, 666, 667, 668, 691, 692, 693, 694, 695, 696, 697, 698, 699, 700, 701, 702, 703, 704, 705, 706, 707, 708, 731, 732, 733, 734, 735, 736, 737, 738, 739, 740, 741, 742, 743, 744, 745, 746, 747, 748, 771, 772, 773, 774, 775, 776, 777, 778, 779, 780, 781, 782, 783, 784, 785, 786, 787, 788, 811, 812, 813, 814, 815, 816, 817, 818, 819, 820, 821, 822, 823, 824, 825, 826, 827, 828, 852, 853, 854, 855, 856, 857, 858, 859, 860, 861, 862, 863, 864, 865, 866, 867, 893, 894, 895, 896, 897, 898, 899, 900, 901, 902, 903, 904, 905, 906, 907, 933, 934, 935, 936, 937, 938, 939, 940, 941, 942, 943, 944, 945, 946, 975, 976, 977, 978, 979, 980, 981, 982, 983, 984, 985, 1017, 1018, 1020, 1021, 1022, 1023, 1024]",INFERENCE_AND_ENVELOPE_PRE_ACTIVATION,739,1019,-0.06059817600196754,0.11620734414380988,0.01642230783416353,0.07203147597600587,0.41857228693346055,GP_REFERENCE_SNIS,"[546, 1016, 587, 1019, 892, 456, 974, 572, 868, 533]",False,0.011623708065599203,0.005040666088461876,0.27254262496717274,"{""factor_energy_evaluations"": 4730880, ""factor_gradient_elements"": 0, ""factor_hessian_elements"": 0, ""sparse_comparison_solves"": 23}"
n40_r-2_late_q12,40,-2,late,STATIC_INFLUENCE,22,220,"[456, 457, 458, 459, 460, 461, 462, 496, 497, 498, 499, 500, 501, 502, 503, 504, 533, 534, 535, 536, 537, 538, 539, 540, 541, 542, 543, 544, 545, 546, 572, 573, 574, 575, 576, 577, 578, 579, 580, 581, 582, 583, 584, 585, 586, 587, 612, 613, 614, 615, 616, 617, 618, 619, 620, 621, 622, 623, 624, 625, 626, 627, 651, 652, 653, 654, 655, 656, 657, 658, 659, 660, 661, 662, 663, 664, 665, 666, 667, 668, 691, 692, 693, 694, 695, 696, 697, 698, 699, 700, 701, 702, 703, 704, 705, 706, 707, 708, 731, 732, 733, 734, 735, 736, 737, 738, 739, 740, 741, 742, 743, 744, 745, 746, 747, 748, 771, 772, 773, 774, 775, 776, 777, 778, 779, 780, 781, 782, 783, 784, 785, 786, 787, 788, 811, 812, 813, 814, 815, 816, 817, 818, 819, 820, 821, 822, 823, 824, 825, 826, 827, 828, 852, 853, 854, 855, 856, 857, 858, 859, 860, 861, 862, 863, 864, 865, 866, 867, 868, 892, 893, 894, 895, 896, 897, 898, 899, 900, 901, 902, 903, 904, 905, 906, 907, 933, 934, 935, 936, 937, 938, 939, 940, 941, 942, 943, 944, 945, 946, 974, 975, 976, 977, 978, 979, 980, 981, 982, 983, 984, 985, 1016, 1017, 1018, 1019, 1020, 1021, 1022, 1023, 1024]",INFERENCE_AND_ENVELOPE_PRE_ACTIVATION,739,740,-0.00270565871476063,5.446566045858298e-06,0.021818093359524685,0.019117881210809914,0.406764716336806,GP_REFERENCE_SNIS,[],True,0.012312500039115548,0.005078542046248913,0.28996191709302366,"{""factor_energy_evaluations"": 5181440, ""factor_gradient_elements"": 0, ""factor_hessian_elements"": 0, ""sparse_comparison_solves"": 24}"
n40_r-2_late_q12,40,-2,late,FIXED_CHALLENGER,0,0,[],INFERENCE_AND_ENVELOPE_PRE_ACTIVATION,739,740,-0.010701652841202017,0.2867019388794184,0.015922638907500463,0.29192292494571687,1.0,GP_REFERENCE_SNIS,"[740, 739, 741, 780, 738, 779, 700, 699, 781, 742]",False,0.0015460839495062828,0.009676957968622446,0.015546042006462812,"{""factor_energy_evaluations"": 0, ""factor_gradient_elements"": 0, ""factor_hessian_elements"": 0, ""sparse_comparison_solves"": 2}"
n40_r-2_late_q12,40,-2,late,FIXED_CHALLENGER,1,10,"[699, 700, 738, 739, 740, 741, 742, 779, 780, 781]",INFERENCE_AND_ENVELOPE_PRE_ACTIVATION,660,740,-0.008785095922430585,0.15140182578645567,0.016001336742872085,0.15861806660689715,0.9699256462494313,GP_REFERENCE_SNIS,"[660, 661, 620, 701, 659, 621, 662, 580, 619, 820]",False,0.0020697079598903656,0.009629666805267334,0.02726541692391038,"{""factor_energy_evaluations"": 20480, ""factor_gradient_elements"": 0, ""factor_hessian_elements"": 0, ""sparse_comparison_solves"": 4}"
n40_r-2_late_q12,40,-2,late,FIXED_CHALLENGER,2,20,"[580, 619, 620, 621, 659, 660, 661, 662, 699, 700, 701, 738, 739, 740, 741, 742, 779, 780, 781, 820]",INFERENCE_AND_ENVELOPE_PRE_ACTIVATION,739,740,-0.007511878959980995,0.02870438433778589,0.014933901840978894,0.03612640721878378,0.9341690861574001,GP_REFERENCE_SNIS,[],True,0.0024582501500844955,0.004887124989181757,0.03463000012561679,"{""factor_energy_evaluations"": 61440, ""factor_gradient_elements"": 0, ""factor_hessian_elements"": 0, ""sparse_comparison_solves"": 5}"
