action_index,action,is_leader,is_maximizer,active_acquisition,estimated_gap,lambda_q,b_infer,b_struct,psi
0,-0.58,False,False,0.18204196455486732,-0.13605050576971828,1.2844428667860168,0.005220780439106624,0.09491408027889175,-0.0359156450517199
1,-0.5787,False,False,0.1819064469070775,-0.1361860234175081,1.290644391057139,0.0052459873186374625,0.09398160059081234,-0.0369584355080583
2,-0.5773999999999999,False,False,0.18175999358962727,-0.13633247673495832,1.2972418177010263,0.005272803393420947,0.09305877026551727,-0.038000903076020096
3,-0.5761,False,False,0.181601624001575,-0.1364908463230106,1.3042321048734868,0.005301216299496745,0.09214548948877935,-0.039044140534734484
4,-0.5748,False,False,0.18148738274941695,-0.13660508757516865,1.30917008227085,0.005321287332994259,0.09124165947925898,-0.040042140762915415
5,-0.5735,False,False,0.18169138106181612,-0.13640108926276948,1.3010592726459476,0.005288319921729821,0.09034718247782149,-0.04076558686321817
6,-0.5721999999999999,False,False,0.1818825935909482,-0.1362098767336374,1.2933294947658298,0.005256901262170336,0.08946196173696219,-0.04149101373450487
7,-0.5709,False,False,0.18206382422821485,-0.13602864609637075,1.2859843879858615,0.0052270461469358515,0.0885859015103429,-0.04221569843909201
8,-0.5696,False,False,0.18223550146621215,-0.13585696885837345,1.279027519380328,0.005198769074850827,0.08771890704243555,-0.04293929274108706
9,-0.5682999999999999,False,False,0.1823978668775323,-0.1356946034470533,1.2724623695087374,0.005172084193089469,0.08686088455827297,-0.04366163469569086
10,-0.567,False,False,0.18255110320026935,-0.13554136712431625,1.2662923180821188,0.005147005238914594,0.08601174125330707,-0.04438262063209458
11,-0.5657,False,False,0.18269535316095692,-0.13539711716362868,1.2605206296270641,0.005123545481407306,0.08517138528337001,-0.04510218639885136
12,-0.5644,False,False,0.1828307289948595,-0.1352617413297261,1.255150439251449,0.005101717663609971,0.08433972575474084,-0.04582029791137528
13,-0.5630999999999999,False,False,0.18295732001138293,-0.13513515031320267,1.2501847386208562,0.005081533945525626,0.08351667271431422,-0.04653694365336282
14,-0.5618,False,False,0.18307519831994812,-0.13501727200463748,1.2456263622586268,0.005063005848432788,0.08270213713987097,-0.04725212901633373
15,-0.5605,False,False,0.18318442293621098,-0.1349080473883746,1.2414779742849382,0.005046144200984777,0.08189603093044924,-0.04796587225694059
16,-0.5591999999999999,False,False,0.1832850426521741,-0.1348074276724115,1.237742055711268,0.005030959087566445,0.08109826689681544,-0.048678201688029596
17,-0.5579,False,False,0.18337709801254518,-0.13471537231204042,1.2344208924058722,0.005017459799378349,0.08030875875203408,-0.049389153760627996
18,-0.5566,False,False,0.1834606226506429,-0.1346318476739427,1.2315165638434564,0.005005654788708362,0.07952742110213451,-0.05009877178309982
19,-0.5552999999999999,False,False,0.18353564416189821,-0.13455682616268738,1.2290309327479716,0.004995551626833506,0.07875416943687485,-0.05080710509897901
20,-0.5539999999999999,False,False,0.18360218464019984,-0.13449028568438576,1.226965635731412,0.004987156965970171,0.07798892012060114,-0.051514208597814456
21,-0.5527,False,False,0.18366026096652235,-0.13443220935806324,1.2253220750236786,0.004980476505659087,0.07723159038320118,-0.05222014246920298
22,-0.5514,False,False,0.1837098849145048,-0.1343825854100808,1.224101411379092,0.004975514963932958,0.07648209831115242,-0.05292497213499543
23,-0.5500999999999999,False,False,0.18375106312004671,-0.13434140720453888,1.2233045582340902,0.004972276053569685,0.0757403628386615,-0.0536287683123077
24,-0.5488,False,False,0.18378379694951194,-0.13430867337507366,1.2229321771782313,0.0049707624636836775,0.07500630373889686,-0.054331607172493135
25,-0.5475,False,False,0.183808082292744,-0.1342843880318416,1.222984674787027,0.004970975846852511,0.07427984161531043,-0.05503357056967864
26,-0.5462,False,False,0.18382390930223605,-0.13426856102234955,1.2234622008506175,0.00497291681191715,0.07356089789305087,-0.05573474631738154
27,-0.5448999999999999,False,False,0.18383126209814543,-0.13426120822644017,1.2243646480171444,0.0049765849225323925,0.07284939481046412,-0.05643522849344365
28,-0.5436,False,False,0.18383011846000977,-0.13426235186457583,1.2256916528541215,0.004981978701480946,0.07214525541068331,-0.05713511775241156
29,-0.5423,False,False,0.18382044952936433,-0.13427202079522127,1.2274425983155444,0.004989095640701304,0.07144840353330431,-0.05783452162121566
30,-0.5409999999999999,False,False,0.18380221955125164,-0.13429025077333395,1.2296166175871148,0.004997932216917152,0.07075876380614876,-0.05853355475026803
31,-0.5397,False,False,0.1837753856827516,-0.134317084641834,1.2322125992671638,0.0050084839126958765,0.07007626163711161,-0.05923233909202652
32,-0.5384,False,False,0.18373989788344053,-0.13435257244114507,1.2352291938268773,0.005020745242706977,0.06940082320609284,-0.059931003992345244
33,-0.5370999999999999,False,False,0.1836956988543856,-0.1343967714702,1.2386648212805222,0.005034709784898666,0.06873237545701315,-0.06062968622828817
34,-0.5357999999999999,False,False,0.18364272386093528,-0.13444974646365032,1.2425176799847655,0.005050370216263813,0.0680708460899124,-0.06132853015747411
35,-0.5345,False,False,0.18358089995498605,-0.13451157036959954,1.2467857564760791,0.0050677183528253225,0.06741616355312938,-0.06202768846364484
36,-0.5332,False,False,0.18351014337111524,-0.13458232695347036,1.2514668362467187,0.005086745193436462,0.0667682570355626,-0.06272732472447129
37,-0.5318999999999999,False,False,0.18343035218039896,-0.13466211814418663,1.2565585153530283,0.005107440966964284,0.06612705645901157,-0.06342762071821079
38,-0.5306,False,False,0.18334138744187278,-0.1347510828827128,1.2620582127448423,0.005129795182404037,0.06549249247059681,-0.06412879522971197
39,-0.5293,False,False,0.18324302748294416,-0.13484944284164144,1.2679631832016005,0.0051537966814596435,0.06486449643525861,-0.06483114972492317
40,-0.5279999999999999,False,False,0.1831348628523834,-0.1349576074722022,1.274270530759357,0.005179433693119476,0.06424300042833372,-0.06553517335074902
41,-0.5267,False,False,0.18301609494915047,-0.13507637537543513,1.2809772225131613,0.005206693889757878,0.0636279372282079,-0.06624174425746933
42,-0.5254,False,False,0.1828859392380669,-0.1352065310865187,1.28808010268116,0.0052355644443004825,0.06301924030904618,-0.06695172633317203
43,-0.5241,False,False,0.1830053056614138,-0.1350871646631718,1.284412680953548,0.005220657744973808,0.062416843833596226,-0.06744966308460179
44,-0.5227999999999999,False,False,0.18322963881626247,-0.13486283150832312,1.2761648636779634,0.005187133448789702,0.06182068264606764,-0.06785501541346578
45,-0.5215,False,False,0.1834432283275479,-0.1346492419970377,1.2682997736455408,0.005155164795878085,0.06123069226508551,-0.06826338493607412
46,-0.5202,False,False,0.18364705997823016,-0.13444541034635543,1.260821356803788,0.005124767825041536,0.060646808876715155,-0.06867383364459874
47,-0.5188999999999999,False,False,0.18384175766450206,-0.13425071266008354,1.2537334897475703,0.005095958293190046,0.06006896932755976,-0.06908578503933374
48,-0.5176,False,False,0.18402770503152052,-0.13406476529306507,1.2470399642605854,0.005068751612507896,0.05949711111793063,-0.06949890256262656
49,-0.5163,False,False,0.18420516680067076,-0.13388730352391484,1.2407444716782412,0.005043162786894589,0.058931172395086245,-0.069912968341934
50,-0.5149999999999999,False,False,0.18437434543453746,-0.13371812489004814,1.2348505871785294,0.005019206348113123,0.05837109194654244,-0.07032782659539258
51,-0.5136999999999999,False,False,0.18453540849804576,-0.13355706182653984,1.229361754115317,0.004996896292110676,0.05781680919345217,-0.070743356340977
52,-0.5124,False,False,0.18468850252146354,-0.13340396780312205,1.224281268515182,0.004976246016004026,0.057268264184052294,-0.07115945760306575
53,-0.5111,False,False,0.18483376024451556,-0.13325871008007004,1.2196122638643145,0.004957268256243998,0.05672539758717998,-0.07157604423664607
54,-0.5097999999999999,False,False,0.18497130447754645,-0.13312116584703915,1.2153576963158002,0.004939975028488588,0.05618815068585469,-0.07199304013269586
55,-0.5085,False,False,0.1851012501996853,-0.1329912201249003,1.2115203304496909,0.004924377569722977,0.05565646537092793,-0.0724103771842494
56,-0.5072,False,False,0.1852237057339257,-0.1328687645906599,1.2081027257184274,0.00491048628316523,0.055130284134797786,-0.07282799417269689
57,-0.5059,False,False,0.18533877344109614,-0.13275369688348945,1.2051072237083258,0.004898310686489003,0.05460955006518868,-0.07324583613181178
58,-0.5045999999999999,False,False,0.18544655016559242,-0.13264592015899318,1.202535936343864,0.004887859363878372,0.054094206838995906,-0.07366385395611891
59,-0.5033,False,False,0.185547127554315,-0.1325453427702706,1.200390735155396,0.0048791399224051004,0.053584198716193944,-0.07408200413167157
60,-0.502,False,False,0.18564059231059027,-0.13245187801399533,1.1986732417226829,0.0048721589531851624,0.05307947053380684,-0.07450024852700332
61,-0.5006999999999999,False,False,0.18572702641286762,-0.13236544391171798,1.197384819396367,0.004866921997729627,0.05257996769994246,-0.07491855421404589
62,-0.49939999999999996,False,False,0.18580650731070114,-0.13228596301388446,1.1965265663873146,0.004863433519855421,0.0520856361878872,-0.07533689330614185
63,-0.4981,False,False,0.18587910810061573,-0.13221336222396987,1.1960993102998594,0.004861696883465001,0.051596422530262975,-0.0757552428102419
64,-0.49679999999999996,False,False,0.18594489767760466,-0.13214757264698093,1.1961036041695865,0.004861714336441431,0.0511122738132435,-0.07617358449729601
65,-0.49549999999999994,False,False,0.18600394085132504,-0.13208852947326055,1.1965397240497078,0.0048634870008378945,0.05063313767083165,-0.07659190480159102
66,-0.4942,False,False,0.186056298407299,-0.1320361719172866,1.1974076681726196,0.004867014869469742,0.05015896227919503,-0.07701019476862181
67,-0.49289999999999995,False,False,0.18610202708042253,-0.13199044324416306,1.198707157695238,0.004872296808944004,0.049689696351061144,-0.07742845008415793
68,-0.4916,False,False,0.1861411793881905,-0.1319512909363951,1.2004376390185483,0.004879330569087484,0.04922528913016973,-0.07784667123713788
69,-0.49029999999999996,False,False,0.18617380324062802,-0.13191866708395758,1.2025982876538512,0.004888112798661617,0.04876569038578295,-0.07826486389951302
70,-0.489,False,False,0.1861999411972089,-0.1318925291273767,1.2051880135907989,0.00489863906718152,0.04831085040725254,-0.07868303965294264
71,-0.48769999999999997,False,False,0.18621962916830426,-0.13187284115628134,1.2082054681058467,0.004910903892589811,0.04786071999864311,-0.07910121726504843
72,-0.48639999999999994,False,False,0.1862328942420736,-0.131859576082512,1.211649051934488,0.00492490077447369,0.04741525047341076,-0.07951942483462755
73,-0.4851,False,False,0.18623975112262361,-0.13185271920196198,1.2155169247169124,0.004940622232458009,0.04697439364913736,-0.07993770332036662
74,-0.48379999999999995,False,False,0.18624019632278596,-0.13185227400179964,1.2198070156147198,0.00495805984935825,0.046538101842319046,-0.08035611231012235
75,-0.4825,False,False,0.1862341986356474,-0.13185827168893818,1.2245170349862498,0.004977204318636379,0.046106327863208715,-0.08077473950709309
76,-0.48119999999999996,False,False,0.18622168336299544,-0.13187078696159016,1.229644487000041,0.004998045495669844,0.04567902501071164,-0.08119371645520868
77,-0.4799,False,False,0.1862025068582236,-0.131889963466362,1.235186683060037,0.005020572452320024,0.04525614706733501,-0.08161324394670698
78,-0.47859999999999997,False,False,0.18617642401366685,-0.13191604631091874,1.2411407559123644,0.005044773534271009,0.044837648294188015,-0.08203362448245971
79,-0.47729999999999995,False,False,0.18614311822401666,-0.13194935210056893,1.2475036743018066,0.005070636420602695,0.04442348342603539,-0.08245523225393084
80,-0.476,False,False,0.18610295096015392,-0.13198951936443168,1.2542722580464465,0.005098148185063572,0.04401360766640126,-0.08287776351296686
81,-0.47469999999999996,False,False,0.18613894331384023,-0.13195352701074536,1.2576322567881235,0.00511180532479285,0.04360797668272396,-0.08323374500322855
82,-0.47339999999999993,False,False,0.18643491518439764,-0.13165755514018795,1.248674707395253,0.0050753962326783465,0.04320654660156068,-0.08337561230594892
83,-0.47209999999999996,False,False,0.18672576958806153,-0.13136670073652407,1.240096870719135,0.005040530530912579,0.04280927400384263,-0.08351689620176886
84,-0.4708,False,False,0.18700920064900947,-0.13108326967557613,1.2319032598287272,0.005007226563434966,0.0424161159201783,-0.08365992719196286
85,-0.4695,False,False,0.18728590536132683,-0.13080656496325876,1.2240983463859596,0.004975502505880829,0.04202702982620614,-0.0838040326311718
86,-0.46819999999999995,False,False,0.18755654165443827,-0.13053592867014732,1.2166865436731855,0.004945376296594313,0.04164197363799473,-0.08394857873555828
87,-0.4669,False,False,0.1878215756532289,-0.1302708946713567,1.2096721891518556,0.00491686556573592,0.041260905707491594,-0.08409312339812917
88,-0.46559999999999996,False,False,0.188081347052706,-0.1300111232718796,1.2030595266581894,0.004889987562914563,0.040883784818017695,-0.08423735089094736
89,-0.46429999999999993,False,False,0.18833612286469864,-0.12975634745988696,1.196852688353797,0.004864759083823583,0.04051057017981005,-0.08438101819625332
90,-0.46299999999999997,False,False,0.18858612792298238,-0.12950634240160322,1.1910556765605844,0.004841196396406427,0.04014122142560958,-0.08452392457958721
91,-0.4617,False,False,0.1888315609427231,-0.1292609093818625,1.1856723456195517,0.004819315167119439,0.0397756986062949,-0.08466589560844816
92,-0.4604,False,False,0.18907260297520567,-0.12901986734937992,1.1807063839219505,0.004799130387895228,0.03941396218656157,-0.08480677477492313
93,-0.45909999999999995,False,False,0.18930942203854378,-0.1287830482860418,1.1761612962683983,0.004780656304439055,0.0390559730406457,-0.08494641894095706
94,-0.4578,False,False,0.1895421758298826,-0.128550294494703,1.1720403867166391,0.0047639063465113925,0.03870169244809244,-0.08508469570009919
95,-0.45649999999999996,False,False,0.18977101345230993,-0.12832145687227567,1.1683467420814664,0.00474889306086127,0.03835108208956733,-0.08522148172184707
96,-0.45519999999999994,False,False,0.1899960766132377,-0.1280963937113479,1.1650832162506424,0.004735628047476347,0.0380041040427123,-0.08535666162115925
97,-0.45389999999999997,False,False,0.19021750052224518,-0.12787496980234042,1.1622524154782703,0.004724121899805965,0.03766072077804352,-0.08549012712449094
98,-0.4526,False,False,0.19043541460703112,-0.12765705571755448,1.1598566848119312,0.00471438414959253,0.03732089515489229,-0.08562177641306964
99,-0.4513,False,False,0.190649943113644,-0.1274425272109416,1.1578980958019085,0.004706423216914098,0.03698459041738793,-0.08575151357663957
100,-0.44999999999999996,False,False,0.1908612056317441,-0.1272312646928415,1.1563784356300484,0.004700246365997258,0.03665177019048216,-0.08587924813636208
101,-0.4487,False,False,0.1910693175733185,-0.1270231527512671,1.1552991977823388,0.004695859667304645,0.03632239847601483,-0.08600489460794764
102,-0.44739999999999996,False,False,0.19127439062771945,-0.12681807969686615,1.1546615743733497,0.004693267966336663,0.03599643964882018,-0.0861283720817093
103,-0.44609999999999994,False,False,0.19147653321455224,-0.12661593711003336,1.154466450212509,0.0046924748595131086,0.035673858452873616,-0.08624960379764664
104,-0.4448,False,False,0.19167585095831038,-0.1264166193662752,1.1547143986821444,0.004693482677418951,0.035354619997478645,-0.08636851669137761
105,-0.4435,False,False,0.19187244721558872,-0.12622002310899688,1.155405679475706,0.004696292475611055,0.03503868975349264,-0.08648504087989319
106,-0.4421999999999999,False,False,0.19206642369936613,-0.12602604662521946,1.156540238222033,0.004700904033090963,0.03472603354959235,-0.08659910904253615
107,-0.44089999999999996,False,False,0.19225788126907342,-0.12583458905551217,1.1581177079984402,0.004707315858455026,0.03441661756857803,-0.08671065562847913
108,-0.4396,False,False,0.19244692099635982,-0.12564554932822578,1.1601374127122692,0.004715525203639148,0.03411040834371553,-0.0868196157808711
109,-0.43829999999999997,False,False,0.19263364568541672,-0.12545882463916888,1.1625983723078728,0.004725528085083232,0.03380737275511653,-0.08692592379896913
110,-0.43699999999999994,False,False,0.19281816214201936,-0.12527430818256624,1.165499309734281,0.004737319312052136,0.033507478026156355,-0.08702951084435775
111,-0.4357,False,False,0.19300058468090406,-0.12509188564368154,1.1688386595884845,0.004750892521767398,0.033210691719928825,-0.08713030140198531
112,-0.43439999999999995,False,False,0.1931810407018228,-0.1249114296227628,1.1726145783307467,0.004766240220928659,0.03291698173573759,-0.08722820766609657
113,-0.43309999999999993,False,False,0.19335967978692284,-0.12473279053766276,1.1768249559520187,0.004783353833137345,0.03262631630562457,-0.08732312039890085
114,-0.43179999999999996,False,False,0.19353668899300225,-0.12455578133158335,1.1814674289596159,0.0048022237516785965,0.03233866399093338,-0.08741489358897137
115,-0.4305,False,False,0.19371231966773922,-0.12438015065684638,1.1865393945360407,0.004822839397071591,0.032053993678909265,-0.08750331758086552
116,-0.42919999999999997,False,False,0.19388693766646073,-0.12420553265812487,1.1920380257173426,0.004845189278763903,0.03177227457933378,-0.08758806880002719
117,-0.42789999999999995,False,False,0.19406112664180586,-0.12403134368277974,1.1979602874317041,0.0048692610603223736,0.031493476221194444,-0.08766860640126292
118,-0.4266,False,False,0.19423591734168577,-0.12385655298289983,1.2043029532360494,0.004895041627461163,0.031217568449389062,-0.08774394290604959
119,-0.42529999999999996,False,False,0.19441317777825662,-0.12367929254632898,1.2110626225882395,0.004922517158246778,0.030944521421463998,-0.08781225396661821
120,-0.42399999999999993,False,False,0.19483745169908484,-0.12325501862550076,1.205029854067918,0.004897996207802823,0.030674305604386592,-0.08768271681331134
121,-0.42269999999999996,False,False,0.19533696310993043,-0.12275550721465517,1.1954140036637775,0.004858911367991356,0.030406891771350645,-0.08748970407531317
122,-0.4214,False,False,0.1958367857849614,-0.12225568453962421,1.1861774766224853,0.004821368335950452,0.0301422509986152,-0.08729206520505856
123,-0.4201,False,False,0.19633605995482004,-0.12175641036976556,1.1773256767986027,0.004785389076330248,0.029880354662376395,-0.08709066663105891
124,-0.41879999999999995,False,False,0.19683461051898365,-0.12125785980560194,1.1688640000435118,0.004750995521250945,0.029621174435671072,-0.08688568984867993
125,-0.4175,False,False,0.19733250106802971,-0.12075996925655588,1.1607978144916207,0.004718209490173602,0.02936468228531329,-0.086677077481069
126,-0.41619999999999996,False,False,0.19782987445220374,-0.12026259587238186,1.1531324399385487,0.004687052606080158,0.029110850468862033,-0.08646469279743968
127,-0.41489999999999994,False,False,0.19832689533520992,-0.11976557498937568,1.1458731264185211,0.004657546208398543,0.02885965153162054,-0.08624837724935659
128,-0.41359999999999997,False,False,0.19882373005680487,-0.11926874026778073,1.139025032107662,0.004629711263187821,0.028611058303666892,-0.08602797070092601
129,-0.4123,False,False,0.19932054023050513,-0.11877193009408046,1.1325932006991632,0.004603568271176705,0.028365043896915205,-0.08580331792598855
130,-0.411,False,False,0.19981748106900996,-0.11827498925557564,1.1265825384148913,0.004579137174324321,0.0281215817022074,-0.08557427037904393
131,-0.40969999999999995,False,False,0.20031470109852256,-0.11777776922606303,1.1209977908354318,0.004556437261642998,0.02788064538643515,-0.08534068657798488
132,-0.4084,False,False,0.2008123421168632,-0.1172801282077224,1.1158435197463015,0.00453548707508677,0.027642208889691676,-0.08510243224294395
133,-0.40709999999999996,False,False,0.20131053906597152,-0.11678193125861408,1.1111240802115778,0.004516304316364239,0.02740624642245297,-0.08485938051979687
134,-0.40579999999999994,False,False,0.20180941977020342,-0.11628305055438218,1.1068435980969682,0.0044989057555782554,0.027172732462788653,-0.08461141233601527
135,-0.40449999999999997,False,False,0.20230910457258688,-0.11578336575199871,1.1030059482718604,0.0044833071426253895,0.026941641753601135,-0.0843584168557722
136,-0.4032,False,False,0.20280970591228328,-0.11528276441230231,1.0996147337237592,0.0044695231223039235,0.026712949299894005,-0.08410029199010438
137,-0.4019,False,False,0.2033113278772094,-0.1147811424473762,1.0966732658183145,0.004457567154078235,0.02648663036606854,-0.08383694492722943
138,-0.40059999999999996,False,False,0.20381406575376854,-0.11427840457081706,1.094184545933642,0.004447451437429175,0.026262660473248226,-0.08356829266013965
139,-0.3993,False,False,0.20431800558653493,-0.11377446473805067,1.0921512486886427,0.00443918684368345,0.026041015396631104,-0.08329426249773611
140,-0.39799999999999996,False,False,0.2048232237557958,-0.11326924656878978,1.090575706971544,0.004432782855160233,0.02582167116286965,-0.0830147925507599
141,-0.39669999999999994,False,False,0.20532978658007353,-0.11276268374451207,1.0894598989569744,0.004428247512400426,0.025604604047477594,-0.08272983218463405
142,-0.3954,False,False,0.20583774995398688,-0.11225472037059872,1.0888054372778389,0.004425587370154376,0.025389790572264228,-0.08243934242818012
143,-0.3941,False,False,0.20634715903940584,-0.11174531128517975,1.0886135604924319,0.004424807462698874,0.02517720750279466,-0.08214329631968623
144,-0.3928,False,False,0.2068580480407844,-0.1112344222838012,1.0888851269581625,0.004425911278936144,0.024966831845876752,-0.08184167915898831
145,-0.39149999999999996,False,False,0.20737044011594777,-0.11072203020863783,1.0896206111915727,0.004428900747598668,0.024758640847074444,-0.08153448861396473
146,-0.3902,False,False,0.20788434750517873,-0.11020812281940687,1.0908201027607705,0.004433776232747347,0.02455261198824635,-0.08122173459841317
147,-0.38889999999999997,False,False,0.20839977201084947,-0.10969269831373613,1.092483307721758,0.004440536539609633,0.02434872298511015,-0.08090343878901635
148,-0.38759999999999994,False,False,0.2089167060393561,-0.10917576428522949,1.0946095525752466,0.004449178930662511,0.024146951784832598,-0.08057963356973437
149,-0.3863,False,False,0.20943513455101806,-0.10865733577356754,1.0971977906862824,0.0044596991517258724,0.023947276563643934,-0.08025036005819774
150,-0.385,False,False,0.20995503850342476,-0.10813743182116084,1.1002466110761804,0.004472091467698444,0.023749675724477563,-0.07991566462898483
151,-0.38369999999999993,False,False,0.2104764008339716,-0.107616069490614,1.1037542494656238,0.004486348707443867,0.02355412789463407,-0.07957559288853606
152,-0.38239999999999996,False,False,0.21099921696283602,-0.10709325336174957,1.1077186014200793,0.00450246231722189,0.023360611923469568,-0.07923017912105812
153,-0.3811,False,False,0.21152351374232808,-0.10656895658225751,1.112137237424399,0.004520422421961004,0.023169106880107995,-0.07887942728018851
154,-0.37979999999999997,False,False,0.21204938473239018,-0.10604308559219541,1.117007419693186,0.004540217893586293,0.022979592051177094,-0.07852327564743203
155,-0.37849999999999995,False,False,0.21257705782436742,-0.10551541250021818,1.122326120507416,0.004561836425550953,0.0227920469385682,-0.07816152913609903
156,-0.3772,False,False,0.21310703855299262,-0.10498543177159297,1.128090041856185,0.004585264612672658,0.022606451257219197,-0.07779371590170112
157,-0.37589999999999996,False,False,0.213640556084642,-0.1044519142399436,1.1342956361552996,0.004610488035346892,0.022422784932920176,-0.07741864127167654
158,-0.37459999999999993,False,False,0.21427871141898697,-0.10381375890559863,1.135315817730933,0.00461463469235448,0.022241028100142522,-0.07695809611310162
159,-0.37329999999999997,False,False,0.2151463993177577,-0.1029460710068279,1.1240708418197058,0.004568928065930168,0.02206116109988989,-0.07631598184100785
160,-0.372,False,False,0.21602077337802716,-0.10207169694655843,1.1131927684519674,0.004524712761285623,0.02188316447757228,-0.07566381970770053
161,-0.3707,False,False,0.216899490202739,-0.1011929801218466,1.1026885028415023,0.0044820168455353806,0.021707018980901487,-0.07500394429540974
162,-0.36939999999999995,False,False,0.21778142482228155,-0.10031104550230405,1.0925650554827182,0.004440868813720376,0.02153270555780879,-0.07433747113077488
163,-0.3681,False,False,0.21866604365344924,-0.09942642667113635,1.0828295212706793,0.004401297503938691,0.021360205354384508,-0.07366492381281314
164,-0.36679999999999996,False,False,0.21955310506479614,-0.09853936525978946,1.0734890566026603,0.004363332004271913,0.02118949971283844,-0.0729865335426791
165,-0.36549999999999994,False,False,0.22044251287997968,-0.09764995744460592,1.0645508544830564,0.004327001551595902,0.02102057016948194,-0.07230238572352807
166,-0.36419999999999997,False,False,0.22133423951864897,-0.09675823080593662,1.0560221176846052,0.00429233542249118,0.02085339845273096,-0.07161249693071449
167,-0.3629,False,False,0.2222282845603588,-0.09586418576422678,1.0479100300531345,0.004259362816607453,0.020687966481129628,-0.07091685646648971
168,-0.3616,False,False,0.2231246523673435,-0.0949678179572421,1.0402217260800728,0.004228112732987226,0.020524256361394613,-0.07021544886286026
169,-0.36029999999999995,False,False,0.22402334032209179,-0.09406913000249381,1.0329642589060704,0.004198613840012484,0.020362250386479767,-0.06950826577600157
170,-0.359,False,False,0.22492433299871856,-0.09316813732586704,1.0261445669596416,0.004170894339803232,0.020201931033660903,-0.0687953119524029
171,-0.35769999999999996,False,False,0.22582759957340026,-0.09226487075118533,1.0197694394757253,0.004144981828063318,0.020043280962640526,-0.06807660796048148
172,-0.35639999999999994,False,False,0.22673309291769644,-0.09135937740688915,1.0138454811794562,0.004120903150533165,0.019886283013672325,-0.06735219124268366
173,-0.35509999999999997,False,False,0.227640749494879,-0.0904517208297066,1.0083790764590128,0.004098684257365778,0.01973092020570505,-0.06662211636663577
174,-0.3538,False,False,0.22855048958095642,-0.08954198074362918,1.0033763533868505,0.004078350056886495,0.019577175734545947,-0.06588645495219675
175,-0.3525,False,False,0.229462217565306,-0.0886302527592796,0.998843147979564,0.0040599242703226795,0.019425032971043085,-0.06514529551791384
176,-0.35119999999999996,False,False,0.23037582221629707,-0.08771664810828853,0.9947849691117231,0.004043429289191574,0.01927447545928687,-0.06439874335981008
177,-0.3499,False,False,0.2312911768663435,-0.08680129345824208,0.9912069645169036,0.0040288860371071825,0.01912548691483009,-0.0636469205063048
178,-0.34859999999999997,False,False,0.23220813950421001,-0.08588433082037558,0.9881138883187149,0.004016313837806036,0.01897805122292647,-0.06288996575964306
179,-0.34729999999999994,False,False,0.23312655277578012,-0.08496591754880548,0.9855100705348255,0.0040057302911924424,0.018832152436787875,-0.062128034820825156
180,-0.346,False,False,0.23404624389721204,-0.08404622642737355,0.9833993889871593,0.003997151159163929,0.018687774775859388,-0.061361300492350244
181,-0.3447,False,False,0.23496702448204423,-0.08312544584254136,0.981785244031138,0.003990590262895054,0.01854490262411239,-0.06058995295553392
182,-0.3434,False,False,0.23588869027997522,-0.08220378004461038,0.9806705364860853,0.003986059393132744,0.0184035205283557,-0.05981420012312193
183,-0.34209999999999996,False,False,0.2368110208227049,-0.08128144950188071,0.9800576491080156,0.0039835682348900985,0.018263613196564017,-0.059034268070426596
184,-0.3408,False,False,0.23773377897483106,-0.08035869134975454,0.9799484318958229,0.003983124307721539,0.01812516549622393,-0.05825040154580908
185,-0.33949999999999997,False,False,0.2386567104001874,-0.07943575992439819,0.9803441914634948,0.003984732922524828,0.017988162452697173,-0.05746286454917619
186,-0.33819999999999995,False,False,0.23957954298346035,-0.07851292734112525,0.981245684645958,0.00398839715555122,0.017852589247601042,-0.056671940937972995
187,-0.3369,False,False,0.24050198630349276,-0.07759048402109284,0.9826531164362962,0.003994117840021025,0.017718431217205483,-0.055877934963866324
188,-0.3356,False,False,0.24142373135085143,-0.07666873897373416,0.9845661422794614,0.004001893575446684,0.01758567385084714,-0.05508117154744034
189,-0.33429999999999993,False,False,0.24234445083114714,-0.07574801949343846,0.9869838746743259,0.004011720754467645,0.017454302789359832,-0.05428199594961097
190,-0.33299999999999996,False,False,0.2432638006130551,-0.07482866971153049,0.9899048939642413,0.004023593606709958,0.017324303823521514,-0.05348077228129902
191,-0.3317,False,False,0.24418142322318998,-0.07391104710139562,0.9933272631282635,0.004037504258907075,0.017195662892517265,-0.05267787994997128
192,-0.33039999999999997,False,False,0.2450969551212535,-0.07299551520333208,0.9972485463228079,0.0040534428102647554,0.01706836608241862,-0.05187370631064871
193,-0.32909999999999995,False,False,0.246010043001166,-0.0720824273234196,1.0016658308684294,0.00407139742182911,0.016942399624678427,-0.051068630276912066
194,-0.3278,False,False,0.2469203925354985,-0.0711720777890871,1.0065757523299925,0.004091354418428126,0.016817749894641885,-0.05026297347601709
195,-0.32649999999999996,False,False,0.24782794900915872,-0.07026452131542688,1.0119745223017151,0.004113298401607489,0.016694403410072656,-0.04945681950374674
196,-0.3252,False,False,0.2487325243641138,-0.06935994596047179,1.017857958482011,0.004137212371873586,0.0165723468296947,-0.0486503867589035
197,-0.32389999999999997,False,False,0.24995894381577757,-0.06813352650880802,1.0068902113903622,0.004092632577039716,0.01645156695174932,-0.047589326980018984
198,-0.3226,False,False,0.25123970149175634,-0.06685276883282926,0.9931095184141744,0.004036619207984663,0.016332050712567152,-0.04648409891227744
199,-0.3213,False,False,0.2525151560109969,-0.06557731431358871,0.979663948520511,0.003981967989072041,0.016213785185155233,-0.04538156113936143
200,-0.31999999999999995,False,False,0.25378504524613565,-0.06430742507844994,0.9665629559522344,0.003928717348267373,0.016096757577798885,-0.04428195015238369
201,-0.3187,False,False,0.2550491834117972,-0.06304328691278838,0.9552023863599479,0.003882540876710542,0.01598095523267796,-0.04317979080339988
202,-0.31739999999999996,False,False,0.2563073542715536,-0.061785116053031996,0.9474084159164782,0.0038508612983607013,0.015866365624497898,-0.0420678891301734
203,-0.3161,False,False,0.25755930375824754,-0.06053316656633806,0.9401320242822458,0.003821285484524516,0.015752976359135057,-0.040958904722678484
204,-0.31479999999999997,False,False,0.2588047429132044,-0.05928772741138122,0.9333821329988932,0.003793849697936046,0.015640775172295812,-0.03985310254114936
205,-0.31349999999999995,False,False,0.26004335098811915,-0.05804911933646645,0.927167290482662,0.0037685886847139815,0.015529749928190523,-0.038750780723561945
206,-0.3122,False,False,0.2612747783515768,-0.05681769197300879,0.921495607853436,0.003745535413530673,0.015419888618220566,-0.03765226794125755
207,-0.31089999999999995,False,False,0.2624986492188293,-0.05559382110575628,0.9163746952265733,0.00372472081666223,0.01531117935967943,-0.03655792092941462
208,-0.3096,False,False,0.2637145640909647,-0.054377906233620876,0.911811599425219,0.003706173536812336,0.015203610394467812,-0.03546812230234073
209,-0.30829999999999996,False,False,0.264922101817324,-0.05317036850726159,0.9078127441177788,0.0036899196837934457,0.015097170087821622,-0.03438327873564652
210,-0.307,False,False,0.2661208212695258,-0.0519716490550598,0.9075286802012986,0.0036887650700874065,0.014991846927053371,-0.033291037057919026
211,-0.30569999999999997,False,False,0.2673102626686448,-0.05078220765594077,0.9075286802012986,0.0036887650700874065,0.014887629520307482,-0.03220581306554588
212,-0.30439999999999995,False,False,0.2684899486297205,-0.04960252169486512,0.9075286802012986,0.0036887650700874065,0.01478450659532755,-0.031129250029450165
213,-0.3031,False,False,0.2696593849897538,-0.048433085334831816,0.9075286802012986,0.0036887650700874065,0.014682466998237456,-0.030061853266506955
214,-0.30179999999999996,False,False,0.27081806147741105,-0.04727440884717454,0.9075286802012986,0.0036887650700874065,0.01458149969233496,-0.02900414408475218
215,-0.3005,False,False,0.2719654522716983,-0.04612701805288727,0.9075286802012986,0.0036887650700874065,0.014481593756897818,-0.02795665922590205
216,-0.29919999999999997,False,False,0.2731010164864022,-0.04499145383818337,0.9075286802012986,0.0036887650700874065,0.014382738386002613,-0.026919950382093355
217,-0.2979,False,False,0.2742241986084163,-0.043868271716169305,0.9075286802012986,0.0036887650700874065,0.014284922887356128,-0.025894583758725772
218,-0.2966,False,False,0.2753344289113566,-0.042758041413228975,0.9075286802012986,0.0036887650700874065,0.014188136681138566,-0.024881139662003005
219,-0.29529999999999995,False,False,0.27643112386066687,-0.041661346463918725,0.9075286802012986,0.0036887650700874065,0.014092369298859576,-0.023880212094971744
220,-0.294,False,False,0.2775136865218688,-0.04057878380271679,0.9075286802012986,0.0036887650700874065,0.013997610382225772,-0.022892408350403612
221,-0.29269999999999996,False,False,0.27858150697851897,-0.03951096334606663,0.9075286802012986,0.0036887650700874065,0.013903849682020235,-0.02191834859395899
222,-0.2914,False,False,0.2796339627588699,-0.03845850756571567,0.9086851642689648,0.0036934657458081712,0.013811077056994305,-0.020953964762913196
223,-0.29009999999999997,False,False,0.2806704192572426,-0.037422051067342976,0.9128147643699847,0.0037102510275721506,0.013719282472770433,-0.019992517567000392
224,-0.28879999999999995,False,False,0.28169023011277405,-0.03640224021181154,0.9175071809070329,0.0037293239479037977,0.01362845600075682,-0.019044460263150924
225,-0.2875,False,False,0.2826927374661418,-0.03539973285844378,0.9227558412576262,0.0037506577915479753,0.013538587817073792,-0.01811048724982201
226,-0.28619999999999995,False,False,0.2836772719395839,-0.03441519838500168,0.928553563190093,0.0037742233654159208,0.013449668201490949,-0.01719130681809481
227,-0.2849,False,False,0.2846431520505189,-0.03344931827406672,0.9348926153765056,0.0037999892445477117,0.013361687536375946,-0.01628764149314306
228,-0.28359999999999996,False,False,0.2855896825210217,-0.032502787803563915,0.9417647800960178,0.0038279220269779052,0.013274636305654354,-0.015400229470931658
229,-0.2823,False,False,0.2865161504585685,-0.03157631986601711,0.949161417132651,0.003857986593456174,0.013188505093780148,-0.014529828178780789
230,-0.28099999999999997,False,False,0.28742181731055233,-0.030670653014033267,0.9570735279238797,0.0038901463681873397,0.013103284584717467,-0.013677222061128461
231,-0.27969999999999995,False,False,0.28830590184286686,-0.029786568481718734,0.9654918190887134,0.0039243635770492965,0.013018965560933023,-0.012843239343736414
232,-0.2784,False,False,0.2891675430258137,-0.028924927298771885,0.9744067645518862,0.003960599500104634,0.012935538902398961,-0.01202878889626829
233,-0.27709999999999996,False,False,0.2900057243936976,-0.028086745930888002,0.9838086655794805,0.00399881471562302,0.012852995585606552,-0.011234935629658431
234,-0.2758,False,False,0.2908190903404664,-0.027273379984119217,0.9936877081463875,0.004038969333258498,0.012771326682590256,-0.010463083968270464
235,-0.27449999999999997,False,False,0.2917791546323746,-0.026313315692211015,0.9960342047107188,0.004048506965239082,0.012637837332468494,-0.009626971394503437
236,-0.2732,False,False,0.29299071907669044,-0.025101751247895154,0.9860464537701882,0.004007910488673746,0.012420901129728868,-0.008672939629492539
237,-0.2719,False,False,0.2941764176073593,-0.0239160527172263,0.9765335690165022,0.0039692441657676976,0.012204792605007704,-0.0077420159464508965
238,-0.27059999999999995,False,False,0.29533625263706786,-0.022756217687517732,0.9675053832570166,0.003932547963209709,0.011989488383796277,-0.006834181340511747
239,-0.2693,False,False,0.2964698490446926,-0.021622621279893006,0.9589716268155765,0.0038978614311313666,0.01177496517858016,-0.005949794670181481
240,-0.26799999999999996,False,False,0.29757678076712984,-0.020515689557455752,0.950941870851766,0.003865223472720994,0.011561199786320326,-0.005089266298414431
241,-0.2667,False,False,0.29865658508054194,-0.01943588524404366,0.9434254678934698,0.0038346721025107277,0.011348169085943525,-0.004253044055589407
242,-0.26539999999999997,False,False,0.2997087766000183,-0.018383693724567274,0.9364314901376484,0.0038062441955922155,0.011135850035841562,-0.003441599493133496
243,-0.2641,False,False,0.3007328563392513,-0.01735961398533431,0.9299686661801496,0.0037799752304469407,0.010924219671378979,-0.0026554190835083903
244,-0.2628,False,False,0.3017283176826479,-0.01636415264193769,0.9240453169359686,0.0037558990284860096,0.010713255102409223,-0.0018949985110424585
245,-0.26149999999999995,False,False,0.3026946504886555,-0.015397819835930082,0.9186692916021704,0.003734047493763359,0.010502933510798874,-0.0011608388313678487
246,-0.2602,False,False,0.3036313440132657,-0.014461126311319905,0.9138479045920553,0.003714450356636695,0.010293232147959531,-0.00045344380672367873
247,-0.25889999999999996,False,False,0.3045378890654062,-0.01355458125917941,0.9095878744264593,0.0036971349253834547,0.010084128332387346,0.00022668199859139128
248,-0.2576,False,False,0.30541377965173655,-0.012678690672849047,0.9075286802012986,0.0036887650700874065,0.00987559944720981,0.0008856738444481694
249,-0.2563,False,False,0.3062585142783754,-0.011833956046210181,0.9075286802012986,0.0036887650700874065,0.009667622937739345,0.0015224319616165705
250,-0.25499999999999995,False,False,0.3070715970219017,-0.01102087330268392,0.9075286802012986,0.0036887650700874065,0.009460176309033985,0.0021280680764374713
251,-0.2537,False,False,0.30785253844604216,-0.01023993187854344,0.9075286802012986,0.0036887650700874065,0.009253237123464143,0.002702070315008109
252,-0.25239999999999996,False,False,0.3086008564158579,-0.009491613908727714,0.9075286802012986,0.0036887650700874065,0.009046782998285709,0.0032439341596454015
253,-0.2511,False,False,0.3093160768440451,-0.00877639348054049,0.9075286802012986,0.0036887650700874065,0.008840791603219288,0.0037531631927662044
254,-0.24979999999999997,False,False,0.30999773439210476,-0.008094735932480834,0.9075286802012986,0.0036887650700874065,0.008635240658034758,0.00422926979564133
255,-0.2485,False,False,0.3106453731412563,-0.00744709718332931,0.9075286802012986,0.0036887650700874065,0.00843010793014146,0.004671775816899556
256,-0.24719999999999998,False,False,0.3112585472431984,-0.006833923081387194,0.9075286802012986,0.0036887650700874065,0.008225371232183623,0.005080213220883836
257,-0.24589999999999995,False,False,0.3118368215585483,-0.006255648766037292,0.9075286802012986,0.0036887650700874065,0.008021008419640378,0.005454124723690492
258,-0.24459999999999998,False,False,0.3123797722906605,-0.005712698033925101,0.9075286802012986,0.0036887650700874065,0.007816997388430665,0.005793064424592971
259,-0.24329999999999996,False,False,0.31288698762453854,-0.005205482700047059,0.9075286802012986,0.0036887650700874065,0.007613316072522488,0.006096598442562835
260,-0.242,False,False,0.31335806838493624,-0.0047344019396493575,0.9075286802012986,0.0036887650700874065,0.0074099424415461634,0.006364305571984212
261,-0.24069999999999997,False,False,0.31379262873499336,-0.004299841589592235,0.9108384856484728,0.003702218192824655,0.007327014447403281,0.006729391050635701
262,-0.2394,False,False,0.31419029694723016,-0.0039021733773554335,0.9152719183877058,0.0037202384407637474,0.007266563561494516,0.00708462862490283
263,-0.23809999999999998,False,False,0.31455071629179987,-0.0035417540327857266,0.9202647077641477,0.0037405322644807424,0.007206765704072513,0.007405543935767529
264,-0.23679999999999995,False,False,0.314873546098506,-0.0032189242260796114,0.9258099455554571,0.003763071584632447,0.007147614407342764,0.007691761765895599
265,-0.2355,False,False,0.3151584630458477,-0.0029340072787378824,0.931900146180172,0.003787825975126519,0.0070891032734433585,0.007942921969831995
266,-0.23419999999999996,False,False,0.3154051626753286,-0.002687307649257009,0.9385273085161541,0.0038147629143903523,0.007031225973752968,0.008158681238886311
267,-0.2329,False,False,0.3156133609247464,-0.0024791093998391966,0.945682979368031,0.0038438480433425214,0.006973976248206473,0.008338714891709799
268,-0.23159999999999997,False,False,0.3157827948451053,-0.0023096754794803,0.9533583176130952,0.0038750454261218936,0.006917347904617727,0.00848271785125932
269,-0.23029999999999995,False,False,0.31591321970381603,-0.0021792506207695683,0.9615441581187397,0.003908317809888135,0.006861334818009879,0.008590402007128446
270,-0.22899999999999998,False,False,0.3160043928356767,-0.0020880774889088793,0.9702310746058544,0.003943626880337928,0.006805930929952889,0.008661480321381938
271,-0.22769999999999996,False,False,0.31605600755787666,-0.0020364627667089352,0.9794094407268784,0.0039809335099644395,0.00675113024790821,0.008695600991163715
272,-0.2264,False,False,0.3160673950821067,-0.002025075242478913,0.9890694887299117,0.004020197996505023,0.006696926844580625,0.008692049598606734
273,-0.22509999999999997,False,False,0.31603335871909205,-0.0020591116054935465,0.9992013651870061,0.0040613802894558975,0.006643314857277221,0.008645583541239572
274,-0.2238,False,False,0.31639670447481966,-0.00169576584976594,0.9905977755986207,0.004026409911721979,0.006502764976540443,0.008833409038496482
275,-0.22249999999999998,False,False,0.31675256407737773,-0.001339906247207867,0.980864495834091,0.00398684776542725,0.006355491996447404,0.009002433514666787
276,-0.22119999999999995,False,False,0.3170687307308343,-0.0010237395937512939,0.9716113862643965,0.003949237331602934,0.006208773502452515,0.009134271240304154
277,-0.21989999999999998,False,False,0.31734571332907213,-0.0007467569955134645,0.9628482313700358,0.003913618380507181,0.00606259362534041,0.009229455010334127
278,-0.21859999999999996,False,False,0.3175836153142392,-0.0005088550103464207,0.9545846830034557,0.003880030143314658,0.005916936554153059,0.009288111687121296
279,-0.2173,False,True,0.31778248393630554,-0.0003099863882800591,0.9468302021453301,0.003848511075377576,0.005771786534479693,0.00931031122157721
280,-0.21599999999999997,False,False,0.31794239476559266,-0.0001500755589929348,0.9395939981596082,0.0038190986093201533,0.005627127866752608,0.009296150917079827
281,-0.2147,False,False,0.3180634639764335,-2.9006348152116335e-05,0.9328849661596907,0.00379182890045552,0.0054829449045493365,0.00924576745685274
282,-0.21339999999999998,False,False,0.3181458439073162,5.3373582730609215e-05,0.9267116232016457,0.003766736567434975,0.005339222052900117,0.0091593322030657
283,-0.21209999999999996,False,False,0.3181897167780478,9.72464534622075e-05,0.921082044116287,0.0037438544314293567,0.005195943766601149,0.009037044651492713
284,-0.2108,False,False,0.31819528975577616,0.00010281943119055947,0.9160037978755382,0.0037232132574820803,0.005053094548533378,0.008879127237206018
285,-0.20949999999999996,False,False,0.3181627915759093,7.032125132372391e-05,0.9114838854551788,0.0037048415019444174,0.004910658947986079,0.008685821701254221
286,-0.2082,True,False,0.3180924703245856,0.0,0.0,0.0,0.0,0.0
287,-0.20689999999999997,False,False,0.31798459199028417,-0.00010787833430142557,0.9075286802012986,0.0036887650700874065,0.0048643630636719575,0.00844524979945794
288,-0.2056,False,False,0.317839439502011,-0.00025303082257460696,0.9075286802012986,0.0036887650700874065,0.004960247853964643,0.008395982101477443
289,-0.20429999999999998,False,False,0.31765731206908865,-0.000435158255496948,0.9075286802012986,0.0036887650700874065,0.005056286300856295,0.008309893115446753
290,-0.20299999999999996,False,False,0.3174385247045449,-0.0006539456200406746,0.9075286802012986,0.0036887650700874065,0.00515248879195896,0.008187308242005692
291,-0.2017,False,False,0.31718340785628885,-0.0009090624682967507,0.9075286802012986,0.0036887650700874065,0.0052488657326278335,0.00802856833441849
292,-0.20039999999999997,False,False,0.31689230709599625,-0.001200163228589346,0.9075286802012986,0.0036887650700874065,0.005345427547086802,0.007834029388584862
293,-0.1991,False,False,0.3165655828309386,-0.001526887493646989,0.9075286802012986,0.0036887650700874065,0.005442184679555857,0.0076040622559962745
294,-0.19779999999999998,False,False,0.316203610012503,-0.0018888603120825742,0.9075286802012986,0.0036887650700874065,0.005539147595380738,0.00733905235338557
295,-0.19649999999999995,False,False,0.3158067778186546,-0.0022856925059309696,0.9075286802012986,0.0036887650700874065,0.005636326782164977,0.007039399346321414
296,-0.19519999999999998,False,False,0.3153754892867257,-0.002716981037859889,0.9075286802012986,0.0036887650700874065,0.005733732750904174,0.006705516783131691
297,-0.19389999999999996,False,False,0.31491016086724904,-0.003182309457336552,0.9075286802012986,0.0036887650700874065,0.005831376037122814,0.006337831649873668
298,-0.1926,False,False,0.3144112218577422,-0.003681248466843423,0.9075286802012986,0.0036887650700874065,0.005929267202013967,0.005936783805257951
299,-0.19129999999999997,False,False,0.3138791136546451,-0.004213356669940493,0.9089827054801878,0.0036946751396827837,0.006027416833581452,0.005508735303323742
300,-0.19,False,False,0.31331428872725575,-0.004778181597329845,0.9131558176602185,0.003711637281793641,0.006125835547785081,0.005059291232248877
301,-0.18869999999999998,False,False,0.312717209160967,-0.005375261163618583,0.9178912636602651,0.003730885100818361,0.006224533989688969,0.004580157926888746
302,-0.18739999999999996,False,False,0.31208834452293055,-0.006004125801655047,0.9231824218832843,0.0037523916824385136,0.006323522834612801,0.004071788715396267
303,-0.1861,False,False,0.31142816864200307,-0.00666430168258253,0.9290220656768897,0.0037761276530117265,0.0064228127892865085,0.0035346387597157054
304,-0.18479999999999996,False,False,0.31073715460989276,-0.007355315714692834,0.9354024240509419,0.0038020614263659996,0.00652241459300843,0.002969160304681596
305,-0.1835,False,False,0.3100157667984333,-0.008076703526152307,0.9423152445075903,0.0038301594591803613,0.006622339018806737,0.002375794951834792
306,-0.18219999999999997,False,False,0.3092644478059773,-0.008828022518608314,0.94975185699105,0.003860386510916817,0.006722596874604742,0.001754960866913245
307,-0.1809,False,False,0.3084835970724001,-0.009608873252185512,0.9577032380183484,0.003892705904487881,0.006823199004389886,0.001107031656692255
308,-0.17959999999999998,False,False,0.30767353844309875,-0.010418931881486848,0.9661600741260294,0.0039270797841437265,0.006924156289386558,0.0004323041920434364
309,-0.17829999999999996,False,False,0.3068344888961234,-0.011257981428462183,0.9751128238566752,0.003963469367424241,0.0070254796492331606,-0.000269032411804781
310,-0.177,False,False,0.3059666374419132,-0.012125832882672383,0.984551777608504,0.0040018351884252845,0.007127180043163079,-0.0009968176510840188
311,-0.17569999999999997,False,False,0.3050712630624581,-0.013021207262127521,0.9944671147766553,0.004042137330056669,0.007229268471190034,-0.0017498014608808184
312,-0.1744,False,False,0.30434963694196004,-0.013742833382625552,0.9952492817991219,0.004045316546817961,0.007268532668124113,-0.0024289841676834786
313,-0.17309999999999998,False,False,0.3038356926870738,-0.01425677763751182,0.9852977085020356,0.004004867118858765,0.00723443956067569,-0.0030174709579773636
314,-0.17179999999999995,False,False,0.3032966311104499,-0.014795839214135686,0.9758217601625381,0.003966350928678485,0.007200746088618291,-0.0036287421968389105
315,-0.17049999999999998,False,False,0.302731374333019,-0.015361095991566598,0.966831263645724,0.003929807918812825,0.007167448607633147,-0.004263839465120626
316,-0.16919999999999996,False,False,0.30214048292527534,-0.015951987399310252,0.9583359390828983,0.0038952775979645003,0.007134543516232252,-0.0049221662851135
317,-0.1679,False,False,0.30152472450797707,-0.016567745816608526,0.9503453429592094,0.0038627988096757364,0.007102027255368833,-0.005602919751563956
318,-0.16659999999999997,False,False,0.30088488921752715,-0.017207581107058445,0.9428688084534649,0.0038324094898318983,0.007069896308052423,-0.006305275309174123
319,-0.1653,False,False,0.3002217554026785,-0.017870714921907116,0.9359153835932776,0.0038041464152852662,0.007038147198968428,-0.007028421307653422
320,-0.16399999999999998,False,False,0.2995360860090938,-0.01855638431549178,0.9294937678943432,0.003778044946317365,0.0070067764941022705,-0.007771562875072144
321,-0.16269999999999996,False,False,0.2988286308350002,-0.019263839489585377,0.9236122482526511,0.0037541387660647535,0.00697578080036792,-0.008533919923152703
322,-0.1614,False,False,0.29810012905060307,-0.019992341273982528,0.9182786349482932,0.0037324596203984098,0.006945156765240924,-0.009314724888343194
323,-0.16009999999999996,False,False,0.29735131097355416,-0.020741159351031435,0.9135001986945884,0.003713037062051939,0.006914901076395792,-0.010113221212583704
324,-0.1588,False,False,0.2965828991363925,-0.021509571188193077,0.9092836097219128,0.003695898203020099,0.0068850104613477296,-0.010928662523825248
325,-0.15749999999999997,False,False,0.2957956088414214,-0.022296861483164176,0.9075286802012986,0.0036887650700874065,0.0068554816870986515,-0.01175261472597812
326,-0.1562,False,False,0.29499014836919146,-0.023102321955394134,0.9075286802012986,0.0036887650700874065,0.0068263115597875694,-0.01258724532551916
327,-0.15489999999999998,False,False,0.2941672189577216,-0.02392525136686402,0.9075286802012986,0.0036887650700874065,0.006797496924345074,-0.013438989372431542
328,-0.15359999999999996,False,False,0.2933275146323804,-0.024764955692205215,0.9075286802012986,0.0036887650700874065,0.006769034664152088,-0.014307155957965723
329,-0.1523,False,False,0.2924717219414274,-0.0256207483831582,0.9075286802012986,0.0036887650700874065,0.006740921700702817,-0.015191061612367976
330,-0.15099999999999997,False,False,0.29160051963555256,-0.02649195068903304,0.9075286802012986,0.0036887650700874065,0.0067131549932717294,-0.016090030625673907
331,-0.1497,False,False,0.2907145783181924,-0.02737789200639318,0.9075286802012986,0.0036887650700874065,0.006685731538584658,-0.017003395397721117
332,-0.14839999999999998,False,False,0.2898145600847953,-0.028277910239790316,0.9075286802012986,0.0036887650700874065,0.006658648370494036,-0.017930496799208877
333,-0.14709999999999995,False,False,0.28890111816213027,-0.02919135216245533,0.9075286802012986,0.0036887650700874065,0.006631902559657989,-0.018870684532709937
334,-0.14579999999999999,False,False,0.2879748965518533,-0.030117573772732276,0.9075286802012986,0.0036887650700874065,0.006605491213223538,-0.019823317489421333
335,-0.14449999999999996,False,False,0.2870365296745521,-0.031055940650033476,0.9075286802012986,0.0036887650700874065,0.006579411474513711,-0.02078776410543236
336,-0.1432,False,False,0.28608664199970507,-0.032005828324880525,0.9075286802012986,0.0036887650700874065,0.006553660522718538,-0.021763402732074583
337,-0.14189999999999997,False,False,0.285125847631357,-0.03296662269322859,0.9075286802012986,0.0036887650700874065,0.006528235572589979,-0.022749622050551203
338,-0.1406,False,False,0.2841547497961665,-0.03393772052841909,0.911159513283111,0.0037035230502369004,0.006591392426960091,-0.0236428050512221
339,-0.13929999999999998,False,False,0.28317394014686953,-0.03491853017771607,0.9156362045828008,0.0037217191280646527,0.006662106313835475,-0.024534704735815937
340,-0.13799999999999996,False,False,0.2821839977479709,-0.03590847257661467,0.9206717429822454,0.0037421867105908984,0.0067330250018678844,-0.025433260864155885
341,-0.1367,False,False,0.28118548755455214,-0.03690698277003346,0.9262591737063959,0.003764897529253079,0.006804156161691744,-0.026337929079088634
342,-0.13539999999999996,False,False,0.2801789581510503,-0.03791351217353528,0.9323909692949367,0.0037898209877369566,0.006875507486922637,-0.02724818369887569
343,-0.1341,False,False,0.2791649385667928,-0.03892753175779279,0.9390590915831248,0.003816924413905575,0.006947086694989474,-0.02816352064889774
344,-0.13279999999999997,False,False,0.27814393439740104,-0.03994853592718456,0.946255055255199,0.0038461733181201258,0.0070189015279691815,-0.029083461081095247
345,-0.1315,False,False,0.2771164250665814,-0.04097604525800419,0.9539699920039547,0.0038775316540246517,0.00709095975342409,-0.030007553850555452
346,-0.13019999999999998,False,False,0.2760828694027419,-0.04200960092184369,0.9621947143952837,0.003910962078131547,0.007163269165242129,-0.030935369678470017
347,-0.12889999999999996,False,False,0.27504374383405866,-0.043048726490526934,0.970919778618925,0.003946426204879914,0.007235837584479771,-0.03186646270116725
348,-0.1276,False,False,0.27399969444258415,-0.044092775882001445,0.980135545401802,0.003983884854225528,0.007308672860207975,-0.03280021816756794
349,-0.12629999999999997,False,False,0.27295207274423794,-0.04514039758034766,0.9898322384634644,0.00402329828924037,0.007381782870361186,-0.033735316420746106
350,-0.125,False,False,0.27190150457055734,-0.04619096575402826,0.9999999999999992,0.0040646264416339985,0.007455175522589363,-0.0346711637898049
351,-0.12369999999999998,False,False,0.27125843848103015,-0.046834031843555446,0.9898322384634639,0.0040232982892403684,0.007434041365641858,-0.03537669218867322
352,-0.12239999999999995,False,False,0.2706100054650745,-0.047482464859511075,0.9801355454018015,0.003983884854225526,0.007413195503099123,-0.03608538450218643
353,-0.12109999999999999,False,False,0.2699567643800551,-0.04813570594453048,0.9709197786189244,0.003946426204879912,0.007392635680252337,-0.03679664405939823
354,-0.11979999999999996,False,False,0.2692987066543255,-0.048793763670260115,0.9621947143952833,0.003910962078131545,0.007372359673331019,-0.03751044191879755
355,-0.1185,False,False,0.26863634004157444,-0.04945613028301116,0.9539699920039548,0.003877531654024652,0.007352365289262506,-0.038226233339724
356,-0.11719999999999997,False,False,0.2679702727163481,-0.050122197608237495,0.9462550552551988,0.0038461733181201245,0.007332650365434701,-0.038943373924682674
357,-0.1159,False,False,0.26730111134796736,-0.05079135897661824,0.939059091583125,0.0038169244139055754,0.007313212769462244,-0.03966122179325042
358,-0.11459999999999998,False,False,0.2666294391441652,-0.05146303118042039,0.9323909692949364,0.0037898209877369553,0.007294050398955801,-0.04037915979372764
359,-0.11329999999999996,False,False,0.26595581310427024,-0.05213665722031535,0.926259173706396,0.0037648975292530794,0.007275161181294681,-0.04109659850976759
360,-0.11199999999999999,False,False,0.26528076528868305,-0.052811705035902545,0.9206717429822454,0.0037421867105908984,0.00725654307340271,-0.04181297525190893
361,-0.11069999999999997,False,False,0.2646048045212846,-0.053487665803301,0.9156362045828006,0.003721719128064652,0.007238194061527177,-0.04252775261370917
362,-0.1094,False,False,0.2639284178181376,-0.05416405250644801,0.9111595132831108,0.0037035230502369,0.007220112161021063,-0.04324041729519005
363,-0.10809999999999997,False,False,0.26325207149515156,-0.054840398829434034,0.9075286802012986,0.0036887650700874065,0.007202295416128392,-0.043949338343218236
364,-0.1068,False,False,0.262576212024302,-0.055516258300283616,0.9075286802012986,0.0036887650700874065,0.007184741899772664,-0.044642751330423544
365,-0.10549999999999998,False,False,0.26190126670653086,-0.05619120361805474,0.9075286802012986,0.0036887650700874065,0.0071674497133484335,-0.0453349888346189
366,-0.10419999999999996,False,False,0.26122764421058775,-0.056864826113997846,0.9075286802012986,0.0036887650700874065,0.007150416986515966,-0.046025644057394476
367,-0.10289999999999999,False,False,0.26055573501089657,-0.057536735313689025,0.9075286802012986,0.0036887650700874065,0.007133641876998916,-0.046714328366602706
368,-0.10159999999999997,False,False,0.2598859117458532,-0.058206558578732415,0.9075286802012986,0.0036887650700874065,0.007117122570385085,-0.04740067093825993
369,-0.1003,False,False,0.2592185295094882,-0.05887394081509739,0.9075286802012986,0.0036887650700874065,0.007100857279930176,-0.04808431846507981
370,-0.09899999999999998,False,False,0.2585539260829004,-0.0595385442416852,0.9075286802012986,0.0036887650700874065,0.007084844246364497,-0.048764934925233296
371,-0.09770000000000001,False,False,0.25789242210646834,-0.06020004821811725,0.9075286802012986,0.0036887650700874065,0.007069081737702742,-0.049442201410327104
372,-0.09639999999999999,False,False,0.2572343211889737,-0.06085814913561188,0.9075286802012986,0.0036887650700874065,0.007053568049056604,-0.050115816016467876
373,-0.09509999999999996,False,False,0.25657990994502056,-0.06151256037956504,0.9080051161392765,0.003690701604198656,0.007038301502450385,-0.050783557272916
374,-0.0938,False,False,0.2559294579471968,-0.062163012377388804,0.9150675112725555,0.003719407602198649,0.007023280446639538,-0.05142032432855062
375,-0.09249999999999997,False,False,0.25528321757417,-0.0628092527504156,0.9226026760970524,0.0037500352323863698,0.007008503256932015,-0.05205071426109721
376,-0.0912,False,False,0.2546414237305763,-0.0634510465940093,0.930600900767786,0.003782545027869163,0.006993968335012561,-0.05267453323112757
377,-0.08989999999999998,False,False,0.25400429341007524,-0.06408817691451035,0.9390523510121328,0.003816897016002489,0.006979674108769868,-0.053291605789737996
378,-0.08859999999999996,False,False,0.25337202507189144,-0.06472044525269416,0.9479471216060724,0.0038530509357508846,0.006965619032126486,-0.05390177528481679
379,-0.08729999999999999,False,False,0.25274479780955234,-0.06534767251503326,0.957275286687803,0.003890966442194014,0.00695180158487161,-0.05450490448796764
380,-0.08599999999999997,False,False,0.252122770322566,-0.06596970000201957,0.9670269465959314,0.003930603296906415,0.006938220272496694,-0.055100876432616464
381,-0.0847,False,False,0.2515060797913556,-0.06658639053323001,0.9771922710133124,0.003971921543321089,0.006924873626033737,-0.05568959536387519
382,-0.08339999999999997,False,False,0.25089484098602705,-0.06719762933855855,0.9877615382843618,0.004014881666539693,0.006911760201896452,-0.0562709874701224
383,-0.0821,False,False,0.2502891465094186,-0.06780332381516702,0.9987251708518057,0.004059444737369686,0.006898878581724105,-0.056845000496073224
384,-0.08079999999999998,False,False,0.24968907038166246,-0.06840339994292313,1.0100737668274855,0.004105572540647855,0.006886227372228085,-0.05741160003004719
385,-0.07950000000000002,False,False,0.24909467931873125,-0.06899779100585435,1.0217981277704615,0.004153227688147936,0.006873805205041255,-0.05797075811266515
386,-0.07819999999999994,False,False,0.24850605163165346,-0.06958641869293214,1.0338892827943758,0.004202373716568034,0.006861610736569894,-0.05852243423979421
387,-0.07689999999999997,False,False,0.24792319961149564,-0.07016927071308995,1.046338509165021,0.0042529751712520455,0.006849642647848404,-0.059066652893989505
388,-0.0756,False,False,0.2473443162178561,-0.0707481541067295,1.059137349579077,0.004304997676421272,0.006837899644396647,-0.059605256785911574
389,-0.07430000000000003,False,False,0.24695650107097308,-0.07113596925361251,1.0617809753568566,0.004315743027659419,0.006826380456079913,-0.05999384576987318
390,-0.07299999999999995,False,False,0.2467310613140897,-0.0713614090104959,1.0558623459860155,0.004291686010220467,0.006815083836971569,-0.06025463916330386
391,-0.07169999999999999,False,False,0.2465085992136883,-0.07158387111089728,1.050411280989102,0.004269529467298947,0.006804008565218283,-0.06051033307838006
392,-0.07040000000000002,False,False,0.24629088865969556,-0.07180158166489004,1.0454316296268382,0.004249289044701772,0.006793153442907855,-0.06075913917728041
393,-0.06909999999999994,False,False,0.24607809707473016,-0.07201437324985543,1.0409269062705293,0.004230979027035472,0.006782517295939681,-0.06100087692688029
394,-0.06779999999999997,False,False,0.24587030823713113,-0.07222216208745447,1.0369002647994972,0.004214612233641334,0.0067720989738977375,-0.061235450879915394
395,-0.0665,False,False,0.24566764619452514,-0.07242482413006046,1.0333544747710433,0.0042001999217351985,0.006761897349926148,-0.06146272685839911
396,-0.06520000000000004,False,False,0.24547026672243544,-0.07262220360215016,1.030291899687585,0.004187751698071484,0.006751911320607326,-0.061682540583471356
397,-0.06389999999999996,False,False,0.24527833940500215,-0.07281413091958344,1.0277144776677791,0.004177275440378532,0.0067421398058425995,-0.061894715673362306
398,-0.06259999999999999,False,False,0.2450920351185126,-0.073000435206073,1.0256237048032546,0.0041687772297099345,0.006732581748735407,-0.062099076227627656
399,-0.06130000000000002,False,False,0.24491151874339573,-0.07318095158118987,1.024020621450394,0.004162261294725754,0.006723236115476976,-0.062295454170987134
400,-0.06,False,False,0.2447369452994154,-0.0733555250251702,1.0229058016679615,0.004157729968760422,0.006714101895234501,-0.06248369316117529
