round,batch_id,chunk_index,proposals_generated,proposals_consumed,accepted_candidates,accepted_retained,cumulative_proposals_generated,cumulative_proposals_consumed,cumulative_accepted_retained
0,cert-r00-72710d60b807344586f4,0,25000,25000,25000,25000,25000,25000,25000
0,cert-r00-72710d60b807344586f4,1,25000,25000,25000,25000,50000,50000,50000
0,cert-r00-72710d60b807344586f4,2,25000,25000,25000,25000,75000,75000,75000
0,cert-r00-72710d60b807344586f4,3,25000,25000,25000,25000,100000,100000,100000
1,cert-r01-1e25779473527335f84e,0,25000,25000,19840,19840,25000,25000,19840
1,cert-r01-1e25779473527335f84e,1,25000,25000,19882,19882,50000,50000,39722
1,cert-r01-1e25779473527335f84e,2,25000,25000,19709,19709,75000,75000,59431
1,cert-r01-1e25779473527335f84e,3,25000,25000,19702,19702,100000,100000,79133
1,cert-r01-1e25779473527335f84e,4,25000,25000,19780,19780,125000,125000,98913
1,cert-r01-1e25779473527335f84e,5,25000,1382,19875,1087,150000,126382,100000
2,cert-r02-365acc0d6dcec684aba9,0,25000,25000,15659,15659,25000,25000,15659
2,cert-r02-365acc0d6dcec684aba9,1,25000,25000,15627,15627,50000,50000,31286
2,cert-r02-365acc0d6dcec684aba9,2,25000,25000,15659,15659,75000,75000,46945
2,cert-r02-365acc0d6dcec684aba9,3,25000,25000,15580,15580,100000,100000,62525
2,cert-r02-365acc0d6dcec684aba9,4,25000,25000,15687,15687,125000,125000,78212
2,cert-r02-365acc0d6dcec684aba9,5,25000,25000,15699,15699,150000,150000,93911
2,cert-r02-365acc0d6dcec684aba9,6,25000,9656,15700,6089,175000,159656,100000
3,cert-r03-c0891a04a0903c150f49,0,25000,25000,13146,13146,25000,25000,13146
3,cert-r03-c0891a04a0903c150f49,1,25000,25000,13247,13247,50000,50000,26393
3,cert-r03-c0891a04a0903c150f49,2,25000,25000,13264,13264,75000,75000,39657
3,cert-r03-c0891a04a0903c150f49,3,25000,25000,13129,13129,100000,100000,52786
3,cert-r03-c0891a04a0903c150f49,4,25000,25000,13337,13337,125000,125000,66123
3,cert-r03-c0891a04a0903c150f49,5,25000,25000,13302,13302,150000,150000,79425
3,cert-r03-c0891a04a0903c150f49,6,25000,25000,13039,13039,175000,175000,92464
3,cert-r03-c0891a04a0903c150f49,7,25000,14353,13101,7536,200000,189353,100000
4,cert-r04-219efb19641716b1df40,0,25000,25000,10465,10465,25000,25000,10465
4,cert-r04-219efb19641716b1df40,1,25000,25000,10554,10554,50000,50000,21019
4,cert-r04-219efb19641716b1df40,2,25000,25000,10547,10547,75000,75000,31566
4,cert-r04-219efb19641716b1df40,3,25000,25000,10471,10471,100000,100000,42037
4,cert-r04-219efb19641716b1df40,4,25000,25000,10515,10515,125000,125000,52552
4,cert-r04-219efb19641716b1df40,5,25000,25000,10641,10641,150000,150000,63193
4,cert-r04-219efb19641716b1df40,6,25000,25000,10515,10515,175000,175000,73708
4,cert-r04-219efb19641716b1df40,7,25000,25000,10510,10510,200000,200000,84218
4,cert-r04-219efb19641716b1df40,8,25000,25000,10578,10578,225000,225000,94796
4,cert-r04-219efb19641716b1df40,9,25000,12456,10484,5204,250000,237456,100000
5,cert-r05-7b1f78d701ef1cfec013,0,25000,25000,8437,8437,25000,25000,8437
5,cert-r05-7b1f78d701ef1cfec013,1,25000,25000,8402,8402,50000,50000,16839
5,cert-r05-7b1f78d701ef1cfec013,2,25000,25000,8383,8383,75000,75000,25222
5,cert-r05-7b1f78d701ef1cfec013,3,25000,25000,8293,8293,100000,100000,33515
5,cert-r05-7b1f78d701ef1cfec013,4,25000,25000,8277,8277,125000,125000,41792
5,cert-r05-7b1f78d701ef1cfec013,5,25000,25000,8402,8402,150000,150000,50194
5,cert-r05-7b1f78d701ef1cfec013,6,25000,25000,8370,8370,175000,175000,58564
5,cert-r05-7b1f78d701ef1cfec013,7,25000,25000,8492,8492,200000,200000,67056
5,cert-r05-7b1f78d701ef1cfec013,8,25000,25000,8297,8297,225000,225000,75353
5,cert-r05-7b1f78d701ef1cfec013,9,25000,25000,8210,8210,250000,250000,83563
5,cert-r05-7b1f78d701ef1cfec013,10,25000,25000,8390,8390,275000,275000,91953
5,cert-r05-7b1f78d701ef1cfec013,11,25000,25000,8326,8326,300000,300000,100279
5,cert-r05-7b1f78d701ef1cfec013,12,25000,25000,8230,8230,325000,325000,108509
5,cert-r05-7b1f78d701ef1cfec013,13,25000,25000,8418,8418,350000,350000,116927
5,cert-r05-7b1f78d701ef1cfec013,14,25000,25000,8362,8362,375000,375000,125289
5,cert-r05-7b1f78d701ef1cfec013,15,25000,25000,8337,8337,400000,400000,133626
5,cert-r05-7b1f78d701ef1cfec013,16,25000,25000,8324,8324,425000,425000,141950
5,cert-r05-7b1f78d701ef1cfec013,17,25000,25000,8386,8386,450000,450000,150336
5,cert-r05-7b1f78d701ef1cfec013,18,25000,25000,8264,8264,475000,475000,158600
5,cert-r05-7b1f78d701ef1cfec013,19,25000,25000,8355,8355,500000,500000,166955
5,cert-r05-7b1f78d701ef1cfec013,20,25000,25000,8469,8469,525000,525000,175424
5,cert-r05-7b1f78d701ef1cfec013,21,25000,25000,8397,8397,550000,550000,183821
5,cert-r05-7b1f78d701ef1cfec013,22,25000,25000,8390,8390,575000,575000,192211
5,cert-r05-7b1f78d701ef1cfec013,23,25000,25000,8292,8292,600000,600000,200503
5,cert-r05-7b1f78d701ef1cfec013,24,25000,25000,8302,8302,625000,625000,208805
5,cert-r05-7b1f78d701ef1cfec013,25,25000,25000,8352,8352,650000,650000,217157
5,cert-r05-7b1f78d701ef1cfec013,26,25000,25000,8373,8373,675000,675000,225530
5,cert-r05-7b1f78d701ef1cfec013,27,25000,25000,8371,8371,700000,700000,233901
5,cert-r05-7b1f78d701ef1cfec013,28,25000,25000,8499,8499,725000,725000,242400
5,cert-r05-7b1f78d701ef1cfec013,29,25000,25000,8364,8364,750000,750000,250764
5,cert-r05-7b1f78d701ef1cfec013,30,25000,25000,8329,8329,775000,775000,259093
5,cert-r05-7b1f78d701ef1cfec013,31,25000,25000,8403,8403,800000,800000,267496
5,cert-r05-7b1f78d701ef1cfec013,32,25000,25000,8191,8191,825000,825000,275687
5,cert-r05-7b1f78d701ef1cfec013,33,25000,25000,8414,8414,850000,850000,284101
5,cert-r05-7b1f78d701ef1cfec013,34,25000,25000,8414,8414,875000,875000,292515
5,cert-r05-7b1f78d701ef1cfec013,35,25000,25000,8339,8339,900000,900000,300854
5,cert-r05-7b1f78d701ef1cfec013,36,25000,25000,8329,8329,925000,925000,309183
5,cert-r05-7b1f78d701ef1cfec013,37,25000,25000,8411,8411,950000,950000,317594
5,cert-r05-7b1f78d701ef1cfec013,38,25000,25000,8336,8336,975000,975000,325930
5,cert-r05-7b1f78d701ef1cfec013,39,25000,25000,8398,8398,1000000,1000000,334328
5,cert-r05-7b1f78d701ef1cfec013,40,25000,25000,8366,8366,1025000,1025000,342694
5,cert-r05-7b1f78d701ef1cfec013,41,25000,25000,8417,8417,1050000,1050000,351111
5,cert-r05-7b1f78d701ef1cfec013,42,25000,25000,8400,8400,1075000,1075000,359511
5,cert-r05-7b1f78d701ef1cfec013,43,25000,25000,8429,8429,1100000,1100000,367940
5,cert-r05-7b1f78d701ef1cfec013,44,25000,25000,8372,8372,1125000,1125000,376312
5,cert-r05-7b1f78d701ef1cfec013,45,25000,25000,8319,8319,1150000,1150000,384631
5,cert-r05-7b1f78d701ef1cfec013,46,25000,25000,8281,8281,1175000,1175000,392912
5,cert-r05-7b1f78d701ef1cfec013,47,25000,25000,8452,8452,1200000,1200000,401364
5,cert-r05-7b1f78d701ef1cfec013,48,25000,25000,8355,8355,1225000,1225000,409719
5,cert-r05-7b1f78d701ef1cfec013,49,25000,25000,8384,8384,1250000,1250000,418103
5,cert-r05-7b1f78d701ef1cfec013,50,25000,25000,8418,8418,1275000,1275000,426521
5,cert-r05-7b1f78d701ef1cfec013,51,25000,25000,8385,8385,1300000,1300000,434906
5,cert-r05-7b1f78d701ef1cfec013,52,25000,25000,8440,8440,1325000,1325000,443346
5,cert-r05-7b1f78d701ef1cfec013,53,25000,25000,8385,8385,1350000,1350000,451731
5,cert-r05-7b1f78d701ef1cfec013,54,25000,25000,8346,8346,1375000,1375000,460077
5,cert-r05-7b1f78d701ef1cfec013,55,25000,25000,8410,8410,1400000,1400000,468487
5,cert-r05-7b1f78d701ef1cfec013,56,25000,25000,8353,8353,1425000,1425000,476840
5,cert-r05-7b1f78d701ef1cfec013,57,25000,25000,8189,8189,1450000,1450000,485029
5,cert-r05-7b1f78d701ef1cfec013,58,25000,25000,8289,8289,1475000,1475000,493318
5,cert-r05-7b1f78d701ef1cfec013,59,25000,25000,8446,8446,1500000,1500000,501764
5,cert-r05-7b1f78d701ef1cfec013,60,25000,25000,8368,8368,1525000,1525000,510132
5,cert-r05-7b1f78d701ef1cfec013,61,25000,25000,8436,8436,1550000,1550000,518568
5,cert-r05-7b1f78d701ef1cfec013,62,25000,25000,8371,8371,1575000,1575000,526939
5,cert-r05-7b1f78d701ef1cfec013,63,25000,25000,8365,8365,1600000,1600000,535304
5,cert-r05-7b1f78d701ef1cfec013,64,25000,25000,8434,8434,1625000,1625000,543738
5,cert-r05-7b1f78d701ef1cfec013,65,25000,25000,8340,8340,1650000,1650000,552078
5,cert-r05-7b1f78d701ef1cfec013,66,25000,25000,8215,8215,1675000,1675000,560293
5,cert-r05-7b1f78d701ef1cfec013,67,25000,25000,8390,8390,1700000,1700000,568683
5,cert-r05-7b1f78d701ef1cfec013,68,25000,25000,8351,8351,1725000,1725000,577034
5,cert-r05-7b1f78d701ef1cfec013,69,25000,25000,8258,8258,1750000,1750000,585292
5,cert-r05-7b1f78d701ef1cfec013,70,25000,25000,8286,8286,1775000,1775000,593578
5,cert-r05-7b1f78d701ef1cfec013,71,25000,25000,8561,8561,1800000,1800000,602139
5,cert-r05-7b1f78d701ef1cfec013,72,25000,25000,8340,8340,1825000,1825000,610479
5,cert-r05-7b1f78d701ef1cfec013,73,25000,25000,8330,8330,1850000,1850000,618809
5,cert-r05-7b1f78d701ef1cfec013,74,25000,25000,8450,8450,1875000,1875000,627259
5,cert-r05-7b1f78d701ef1cfec013,75,25000,25000,8346,8346,1900000,1900000,635605
5,cert-r05-7b1f78d701ef1cfec013,76,25000,25000,8441,8441,1925000,1925000,644046
5,cert-r05-7b1f78d701ef1cfec013,77,25000,25000,8362,8362,1950000,1950000,652408
5,cert-r05-7b1f78d701ef1cfec013,78,25000,25000,8350,8350,1975000,1975000,660758
5,cert-r05-7b1f78d701ef1cfec013,79,25000,25000,8387,8387,2000000,2000000,669145
5,cert-r05-7b1f78d701ef1cfec013,80,25000,25000,8505,8505,2025000,2025000,677650
5,cert-r05-7b1f78d701ef1cfec013,81,25000,25000,8302,8302,2050000,2050000,685952
5,cert-r05-7b1f78d701ef1cfec013,82,25000,25000,8353,8353,2075000,2075000,694305
5,cert-r05-7b1f78d701ef1cfec013,83,25000,25000,8268,8268,2100000,2100000,702573
5,cert-r05-7b1f78d701ef1cfec013,84,25000,25000,8261,8261,2125000,2125000,710834
5,cert-r05-7b1f78d701ef1cfec013,85,25000,25000,8576,8576,2150000,2150000,719410
5,cert-r05-7b1f78d701ef1cfec013,86,25000,25000,8396,8396,2175000,2175000,727806
5,cert-r05-7b1f78d701ef1cfec013,87,25000,25000,8434,8434,2200000,2200000,736240
5,cert-r05-7b1f78d701ef1cfec013,88,25000,25000,8326,8326,2225000,2225000,744566
5,cert-r05-7b1f78d701ef1cfec013,89,25000,25000,8379,8379,2250000,2250000,752945
5,cert-r05-7b1f78d701ef1cfec013,90,25000,25000,8470,8470,2275000,2275000,761415
5,cert-r05-7b1f78d701ef1cfec013,91,25000,25000,8204,8204,2300000,2300000,769619
5,cert-r05-7b1f78d701ef1cfec013,92,25000,25000,8537,8537,2325000,2325000,778156
5,cert-r05-7b1f78d701ef1cfec013,93,25000,25000,8330,8330,2350000,2350000,786486
5,cert-r05-7b1f78d701ef1cfec013,94,25000,25000,8384,8384,2375000,2375000,794870
5,cert-r05-7b1f78d701ef1cfec013,95,25000,25000,8254,8254,2400000,2400000,803124
5,cert-r05-7b1f78d701ef1cfec013,96,25000,25000,8311,8311,2425000,2425000,811435
5,cert-r05-7b1f78d701ef1cfec013,97,25000,25000,8302,8302,2450000,2450000,819737
5,cert-r05-7b1f78d701ef1cfec013,98,25000,25000,8222,8222,2475000,2475000,827959
5,cert-r05-7b1f78d701ef1cfec013,99,25000,25000,8239,8239,2500000,2500000,836198
5,cert-r05-7b1f78d701ef1cfec013,100,25000,25000,8413,8413,2525000,2525000,844611
5,cert-r05-7b1f78d701ef1cfec013,101,25000,25000,8357,8357,2550000,2550000,852968
5,cert-r05-7b1f78d701ef1cfec013,102,25000,25000,8235,8235,2575000,2575000,861203
5,cert-r05-7b1f78d701ef1cfec013,103,25000,25000,8172,8172,2600000,2600000,869375
5,cert-r05-7b1f78d701ef1cfec013,104,25000,25000,8298,8298,2625000,2625000,877673
5,cert-r05-7b1f78d701ef1cfec013,105,25000,25000,8487,8487,2650000,2650000,886160
5,cert-r05-7b1f78d701ef1cfec013,106,25000,25000,8293,8293,2675000,2675000,894453
5,cert-r05-7b1f78d701ef1cfec013,107,25000,25000,8269,8269,2700000,2700000,902722
5,cert-r05-7b1f78d701ef1cfec013,108,25000,25000,8406,8406,2725000,2725000,911128
5,cert-r05-7b1f78d701ef1cfec013,109,25000,25000,8295,8295,2750000,2750000,919423
5,cert-r05-7b1f78d701ef1cfec013,110,25000,25000,8320,8320,2775000,2775000,927743
5,cert-r05-7b1f78d701ef1cfec013,111,25000,25000,8352,8352,2800000,2800000,936095
5,cert-r05-7b1f78d701ef1cfec013,112,25000,25000,8387,8387,2825000,2825000,944482
5,cert-r05-7b1f78d701ef1cfec013,113,25000,25000,8393,8393,2850000,2850000,952875
5,cert-r05-7b1f78d701ef1cfec013,114,25000,25000,8377,8377,2875000,2875000,961252
5,cert-r05-7b1f78d701ef1cfec013,115,25000,25000,8421,8421,2900000,2900000,969673
5,cert-r05-7b1f78d701ef1cfec013,116,25000,25000,8376,8376,2925000,2925000,978049
5,cert-r05-7b1f78d701ef1cfec013,117,25000,25000,8428,8428,2950000,2950000,986477
5,cert-r05-7b1f78d701ef1cfec013,118,25000,25000,8259,8259,2975000,2975000,994736
5,cert-r05-7b1f78d701ef1cfec013,119,25000,25000,8399,8399,3000000,3000000,1003135
5,cert-r05-7b1f78d701ef1cfec013,120,25000,25000,8303,8303,3025000,3025000,1011438
5,cert-r05-7b1f78d701ef1cfec013,121,25000,25000,8435,8435,3050000,3050000,1019873
5,cert-r05-7b1f78d701ef1cfec013,122,25000,25000,8427,8427,3075000,3075000,1028300
5,cert-r05-7b1f78d701ef1cfec013,123,25000,25000,8371,8371,3100000,3100000,1036671
5,cert-r05-7b1f78d701ef1cfec013,124,25000,25000,8279,8279,3125000,3125000,1044950
5,cert-r05-7b1f78d701ef1cfec013,125,25000,25000,8270,8270,3150000,3150000,1053220
5,cert-r05-7b1f78d701ef1cfec013,126,25000,25000,8288,8288,3175000,3175000,1061508
5,cert-r05-7b1f78d701ef1cfec013,127,25000,25000,8334,8334,3200000,3200000,1069842
5,cert-r05-7b1f78d701ef1cfec013,128,25000,25000,8509,8509,3225000,3225000,1078351
5,cert-r05-7b1f78d701ef1cfec013,129,25000,25000,8390,8390,3250000,3250000,1086741
5,cert-r05-7b1f78d701ef1cfec013,130,25000,25000,8267,8267,3275000,3275000,1095008
5,cert-r05-7b1f78d701ef1cfec013,131,25000,25000,8247,8247,3300000,3300000,1103255
5,cert-r05-7b1f78d701ef1cfec013,132,25000,25000,8321,8321,3325000,3325000,1111576
5,cert-r05-7b1f78d701ef1cfec013,133,25000,25000,8280,8280,3350000,3350000,1119856
5,cert-r05-7b1f78d701ef1cfec013,134,25000,25000,8309,8309,3375000,3375000,1128165
5,cert-r05-7b1f78d701ef1cfec013,135,25000,25000,8287,8287,3400000,3400000,1136452
5,cert-r05-7b1f78d701ef1cfec013,136,25000,25000,8249,8249,3425000,3425000,1144701
5,cert-r05-7b1f78d701ef1cfec013,137,25000,25000,8140,8140,3450000,3450000,1152841
5,cert-r05-7b1f78d701ef1cfec013,138,25000,25000,8404,8404,3475000,3475000,1161245
5,cert-r05-7b1f78d701ef1cfec013,139,25000,25000,8467,8467,3500000,3500000,1169712
5,cert-r05-7b1f78d701ef1cfec013,140,25000,25000,8445,8445,3525000,3525000,1178157
5,cert-r05-7b1f78d701ef1cfec013,141,25000,25000,8327,8327,3550000,3550000,1186484
5,cert-r05-7b1f78d701ef1cfec013,142,25000,25000,8363,8363,3575000,3575000,1194847
5,cert-r05-7b1f78d701ef1cfec013,143,25000,25000,8286,8286,3600000,3600000,1203133
5,cert-r05-7b1f78d701ef1cfec013,144,25000,25000,8458,8458,3625000,3625000,1211591
5,cert-r05-7b1f78d701ef1cfec013,145,25000,25000,8422,8422,3650000,3650000,1220013
5,cert-r05-7b1f78d701ef1cfec013,146,25000,25000,8333,8333,3675000,3675000,1228346
5,cert-r05-7b1f78d701ef1cfec013,147,25000,25000,8388,8388,3700000,3700000,1236734
5,cert-r05-7b1f78d701ef1cfec013,148,25000,25000,8411,8411,3725000,3725000,1245145
5,cert-r05-7b1f78d701ef1cfec013,149,25000,25000,8347,8347,3750000,3750000,1253492
5,cert-r05-7b1f78d701ef1cfec013,150,25000,25000,8416,8416,3775000,3775000,1261908
5,cert-r05-7b1f78d701ef1cfec013,151,25000,25000,8369,8369,3800000,3800000,1270277
5,cert-r05-7b1f78d701ef1cfec013,152,25000,25000,8329,8329,3825000,3825000,1278606
5,cert-r05-7b1f78d701ef1cfec013,153,25000,25000,8346,8346,3850000,3850000,1286952
5,cert-r05-7b1f78d701ef1cfec013,154,25000,25000,8327,8327,3875000,3875000,1295279
5,cert-r05-7b1f78d701ef1cfec013,155,25000,25000,8409,8409,3900000,3900000,1303688
5,cert-r05-7b1f78d701ef1cfec013,156,25000,25000,8308,8308,3925000,3925000,1311996
5,cert-r05-7b1f78d701ef1cfec013,157,25000,25000,8471,8471,3950000,3950000,1320467
5,cert-r05-7b1f78d701ef1cfec013,158,25000,25000,8372,8372,3975000,3975000,1328839
5,cert-r05-7b1f78d701ef1cfec013,159,25000,25000,8464,8464,4000000,4000000,1337303
5,cert-r05-7b1f78d701ef1cfec013,160,25000,25000,8333,8333,4025000,4025000,1345636
5,cert-r05-7b1f78d701ef1cfec013,161,25000,25000,8361,8361,4050000,4050000,1353997
5,cert-r05-7b1f78d701ef1cfec013,162,25000,25000,8340,8340,4075000,4075000,1362337
5,cert-r05-7b1f78d701ef1cfec013,163,25000,25000,8332,8332,4100000,4100000,1370669
5,cert-r05-7b1f78d701ef1cfec013,164,25000,25000,8367,8367,4125000,4125000,1379036
5,cert-r05-7b1f78d701ef1cfec013,165,25000,25000,8199,8199,4150000,4150000,1387235
5,cert-r05-7b1f78d701ef1cfec013,166,25000,25000,8398,8398,4175000,4175000,1395633
5,cert-r05-7b1f78d701ef1cfec013,167,25000,25000,8304,8304,4200000,4200000,1403937
5,cert-r05-7b1f78d701ef1cfec013,168,25000,25000,8302,8302,4225000,4225000,1412239
5,cert-r05-7b1f78d701ef1cfec013,169,25000,25000,8324,8324,4250000,4250000,1420563
5,cert-r05-7b1f78d701ef1cfec013,170,25000,25000,8410,8410,4275000,4275000,1428973
5,cert-r05-7b1f78d701ef1cfec013,171,25000,25000,8211,8211,4300000,4300000,1437184
5,cert-r05-7b1f78d701ef1cfec013,172,25000,25000,8296,8296,4325000,4325000,1445480
5,cert-r05-7b1f78d701ef1cfec013,173,25000,25000,8475,8475,4350000,4350000,1453955
5,cert-r05-7b1f78d701ef1cfec013,174,25000,25000,8297,8297,4375000,4375000,1462252
5,cert-r05-7b1f78d701ef1cfec013,175,25000,25000,8453,8453,4400000,4400000,1470705
5,cert-r05-7b1f78d701ef1cfec013,176,25000,25000,8346,8346,4425000,4425000,1479051
5,cert-r05-7b1f78d701ef1cfec013,177,25000,25000,8436,8436,4450000,4450000,1487487
5,cert-r05-7b1f78d701ef1cfec013,178,25000,25000,8327,8327,4475000,4475000,1495814
5,cert-r05-7b1f78d701ef1cfec013,179,25000,12299,8405,4186,4500000,4487299,1500000
