candidate_count,constant_high_utility_nll,converged,coverage_50,coverage_80,coverage_90,coverage_95,crps,dataset,finite,fit_evaluations,fit_iterations,fit_message,fit_seconds,high_utility_count,high_utility_nll,interval_calibration_error,model,n,nll,objective,one_step_regret,record_type,rmse,seed,selected_test_index,selected_top_decile,spearman,top10_recall
111835,0.4750426455632562,True,0.7756616595135909,0.8617668097281831,0.8819742489270386,0.8975321888412017,0.06387513626897479,trpb,True,17,13,CONVERGENCE: NORM OF PROJECTED GRADIENT <= PGTOL,1.732506959000034,11184,0.36960436150423764,0.10198050786838342,S0,48,-0.4835349435793394,1.449763390786445,1.1332286199717974,offline,0.14371610025929585,0,712,True,0.3364644789165324,0.34379470348358154
111835,0.7038063207475086,True,0.7903254649499285,0.8530937052932761,0.8724964234620887,0.8864449213161659,0.06399683343278399,trpb,True,13,12,CONVERGENCE: NORM OF PROJECTED GRADIENT <= PGTOL,0.07008689899998899,11184,0.6100680021170874,0.10861945636623749,S1,48,-0.48030987630438077,1.4634811248939035,2.122822162394505,offline,0.14327550385828602,0,76740,False,0.3559587621007861,0.32939913868904114
111835,0.9040321436246205,True,0.7069921316165951,0.8441523605150214,0.8674892703862661,0.8811695278969958,0.06472838810948157,trpb,True,24,21,CONVERGENCE: NORM OF PROJECTED GRADIENT <= PGTOL,0.17626945500001057,11184,0.6449155229165859,0.08812142346208865,S2,48,-0.47165712715556984,1.6835709762596873,1.2522076499607742,offline,0.13984760777747335,0,37683,True,0.32497485023956074,0.34325823187828064
111787,1.3623452221508228,True,0.6429018695768852,0.8326326147240362,0.8549065211557384,0.8697557921102066,0.05448956664514024,trpb,True,19,12,CONVERGENCE: NORM OF PROJECTED GRADIENT <= PGTOL,0.232836501999941,11179,1.1353884733118293,0.07521804275874408,S0,96,-0.51390366826279,1.4244473011303516,1.5145634387615012,offline,0.14270452814517437,0,37846,True,0.39975589232848163,0.346542626619339
111787,1.7515929490432276,True,0.6686644601484927,0.8231505501386528,0.8451560962519009,0.8600948206458539,0.0546471452085251,trpb,True,12,11,CONVERGENCE: NORM OF PROJECTED GRADIENT <= PGTOL,0.05534207599998808,11179,1.5436582224956197,0.08414102334734766,S1,96,-0.5143286232650198,1.4357809477379768,2.153900731447737,offline,0.1421229365409876,0,9430,False,0.3906292230598938,0.34126487374305725
111787,0.9049204132833926,True,0.39323731997495304,0.7611593165757223,0.8443510152965381,0.8777171482243492,0.04921326995068789,trpb,True,36,32,CONVERGENCE: NORM OF PROJECTED GRADIENT <= PGTOL,0.26444255199999134,11179,2.0556924404391688,0.06838379998210933,S2,96,-0.016630414578576738,1.5084521114300196,1.2522076499607742,offline,0.14341901416718925,0,37635,True,0.34359757373012545,0.3056623935699463
111691,3.0457616142740873,True,0.42649955237242615,0.7613249776186213,0.8042076991942704,0.8303491495076096,0.05045267186075913,trpb,True,17,15,CONVERGENCE: NORM OF PROJECTED GRADIENT <= PGTOL,0.2766021569999566,11170,2.6741280230226834,0.08190465532676815,S0,192,-0.45904944322043106,1.4035393163581138,1.9076946147003446,offline,0.13989919894183014,0,88055,True,0.41021989953304344,0.38737690448760986
111691,4.381248451190816,True,0.42488809310653536,0.7456580125335721,0.7781557743957028,0.7964189794091316,0.050641465980780176,trpb,True,13,12,CONVERGENCE: NORM OF PROJECTED GRADIENT <= PGTOL,0.06211521099999118,11170,3.98633604905035,0.10121978513876452,S1,192,-0.4651921064233084,1.4164088904666787,2.153900731447737,offline,0.13969012292623192,0,9334,False,0.4051141424136537,0.4217546880245209
111691,3.4475134647843975,True,0.25935541629364367,0.6218442256042972,0.740734109221128,0.7923903312444046,0.048719883082202084,trpb,True,33,28,CONVERGENCE: NORM OF PROJECTED GRADIENT <= PGTOL,0.25468829500005086,11170,5.4477081704479104,0.18391897940913163,S2,192,-0.10085107647602938,1.41233302288085,1.2522076499607742,offline,0.13919747158268297,0,37539,True,0.30684883028254134,0.350492388010025
111835,1.1325310722966662,True,0.760640200286123,0.8662374821173104,0.882689556509299,0.892346208869814,0.056307501130509086,trpb,True,19,14,CONVERGENCE: NORM OF PROJECTED GRADIENT <= PGTOL,1.7536838179998995,11184,0.9980293573147156,0.10046047925608009,S0,48,-0.5097057510651346,1.4502378498585364,1.3655330057210697,offline,0.14384439965303136,1,58722,False,0.4242556823161758,0.2664520740509033
111835,1.4596195652838397,True,0.6425250357653791,0.8336909871244635,0.8552396280400573,0.8693669527896996,0.055847910354748835,trpb,True,14,13,CONVERGENCE: NORM OF PROJECTED GRADIENT <= PGTOL,0.07694936000007147,11184,1.3028368864871105,0.07540236051502144,S1,48,-0.5095795734198719,1.4536936954915467,1.3257816612102755,offline,0.1426941560230735,1,42773,True,0.42808133562133627,0.3446888327598572
111835,1.871868943394521,True,0.26278612303290416,0.7601037195994278,0.8528254649499285,0.8766094420600858,0.057218510742414276,trpb,True,25,22,CONVERGENCE: NORM OF PROJECTED GRADIENT <= PGTOL,0.18511771900011809,11184,1.490989242592673,0.09941881258941343,S2,48,-0.5140564495539521,1.6497419835937572,1.3655330057210697,offline,0.13869663632082707,1,58722,False,0.3561715449642955,0.3462982773780823
111787,1.1650062387357392,True,0.7621433044100545,0.8676089095625726,0.8823687270775561,0.8912246175865463,0.05733903405555273,trpb,True,18,16,CONVERGENCE: NORM OF PROJECTED GRADIENT <= PGTOL,0.10075402100005704,11179,0.9909990532897529,0.10153971732713118,S0,96,-0.5208281248242111,1.4332132266464779,1.6611308229329282,offline,0.14323665140392866,1,100874,True,0.4158625772407877,0.2639771103858948
111787,1.3207594430214649,True,0.749172555684766,0.8452455496913857,0.8648358529385455,0.8771804275874407,0.0568118403729539,trpb,True,13,12,CONVERGENCE: NORM OF PROJECTED GRADIENT <= PGTOL,0.06092843900000844,11179,1.1509778658689338,0.10060045621254135,S1,96,-0.5219365694399982,1.4407008517531414,1.8209046529917674,offline,0.1424884574446139,1,97930,False,0.4260894630378948,0.3341980576515198
111787,1.6531725123358556,True,0.4231147687628589,0.8193935056802935,0.8590213793720368,0.875301905358261,0.055801826437964164,trpb,True,30,25,CONVERGENCE: NORM OF PROJECTED GRADIENT <= PGTOL,0.22160655300012877,11179,1.1988832095894808,0.05298886304678416,S2,96,-0.5535289620406488,1.5432236161955926,1.1254346224076044,offline,0.13630100129436387,1,68956,True,0.3568596289685459,0.36067625880241394
111691,3.2927285556284285,True,0.5165622202327663,0.7948075201432409,0.8202327663384065,0.8350044762757386,0.05191774581970491,trpb,True,20,12,CONVERGENCE: NORM OF PROJECTED GRADIENT <= PGTOL,0.11099174799983302,11170,2.9134878255607553,0.054129364368845106,S0,192,-0.4930670061585107,1.4099023928237715,1.2736647609019576,offline,0.13981417096519594,1,97527,True,0.45158476334922326,0.3444046676158905
111691,3.966514125367284,True,0.5419874664279319,0.7480752014324082,0.7781557743957028,0.7986571172784244,0.051769720917964085,trpb,True,14,13,CONVERGENCE: NORM OF PROJECTED GRADIENT <= PGTOL,0.0677048319998903,11170,3.589974736058023,0.09177484333034913,S1,192,-0.4902941562184604,1.422096918581673,1.8209046529917674,offline,0.14005176335231026,1,87263,False,0.4497797344197166,0.43428826332092285
111691,4.414065487387404,True,0.3376902417188899,0.7105640107430617,0.7673231871083259,0.7919427036705461,0.05000395610190619,trpb,True,33,29,CONVERGENCE: NORM OF PROJECTED GRADIENT <= PGTOL,0.24682630600000266,11170,3.7184941455393696,0.1356199641897941,S2,192,-0.5555034059739706,1.4557172423609894,1.1254346224076044,offline,0.13353559594080155,1,68860,True,0.43276850517474846,0.44422560930252075
111835,10.152009657361408,True,0.43088340486409155,0.7851394849785408,0.8079399141630901,0.8256437768240343,0.047208034264385634,trpb,True,17,11,CONVERGENCE: NORM OF PROJECTED GRADIENT <= PGTOL,1.7581772210000963,11184,9.947985241365576,0.07509835479256081,S0,48,1.5073008568737252,1.449150122688429,1.0788099158752416,offline,0.1459339121641821,2,51454,False,0.38232788931066636,0.24481402337551117
111835,3.8462054581308456,True,0.39628040057224606,0.8257331902718169,0.8472818311874106,0.8659692417739628,0.04669584664422922,trpb,True,13,12,CONVERGENCE: NORM OF PROJECTED GRADIENT <= PGTOL,0.07435804500005361,11184,3.732453082991263,0.06655042918454933,S1,48,1.5468208751175767,1.4582118308082184,1.1027540714362567,offline,0.14603862440778836,2,36175,False,0.3574718963846739,0.21450285613536835
111835,6.422134507322144,True,0.24767525035765378,0.5490879828326181,0.7833512160228898,0.8482653791130186,0.04611858145840373,trpb,True,24,21,CONVERGENCE: NORM OF PROJECTED GRADIENT <= PGTOL,0.17811679299984462,11184,6.109562790326046,0.18040504291845494,S2,48,1.570746553262966,1.6521498887259691,1.0788099158752416,offline,0.1443208416573023,2,51454,False,0.3539392442394229,0.24704936146736145
111787,1.25381110724153,True,0.7721620896323463,0.8608104481617318,0.8744073709634136,0.8835316217908579,0.05761038705485221,trpb,True,18,16,CONVERGENCE: NORM OF PROJECTED GRADIENT <= PGTOL,0.10285662500018589,11179,1.082221312173085,0.10625838625995165,S0,96,-0.5184029537537,1.4367139600462802,2.358487316840659,offline,0.14365612625134527,2,78392,False,0.4190922681783184,0.25565794110298157
111787,1.6228010997616873,True,0.7535557742195187,0.8228821898201986,0.8425619465068432,0.8565166830664639,0.057654002746959435,trpb,True,14,13,CONVERGENCE: NORM OF PROJECTED GRADIENT <= PGTOL,0.07144350299995494,11179,1.4856513915420204,0.10683983361660251,S1,96,-0.5115707007235124,1.4486447686419002,2.390662408398512,offline,0.1443666649462095,2,92900,False,0.3841165605152391,0.3255210518836975
111787,1.9617170048204549,True,0.23436801145004024,0.5362733697110654,0.5835942391984972,0.6097146435280436,0.06175752533514223,trpb,True,27,22,CONVERGENCE: NORM OF PROJECTED GRADIENT <= PGTOL,0.19868064199999935,11179,3.3538175353574675,0.29651243402808836,S2,96,-0.3994809400265048,1.5409727705006857,1.1547199218255053,offline,0.15199492105093598,2,10620,True,0.3433688044418845,0.35235708951950073
111691,0.9397686373056121,True,0.3113697403760072,0.7858549686660699,0.8556848701880035,0.8774395702775291,0.06638881937267252,trpb,True,17,15,CONVERGENCE: NORM OF PROJECTED GRADIENT <= PGTOL,0.09240408400000888,11170,0.7309509323109714,0.0799127126230976,S0,192,-0.49379835502397595,1.4019921840212668,3.43279200838171,offline,0.13637160512622082,2,28258,True,0.38550318467022127,0.33339300751686096
111691,1.2958487192259058,True,0.3388540734109221,0.8182632050134289,0.8449418084153983,0.8576544315129812,0.06554290403858691,trpb,True,12,11,CONVERGENCE: NORM OF PROJECTED GRADIENT <= PGTOL,0.05682057700005316,11170,0.9387235782792349,0.0817032229185318,S1,192,-0.504796478997606,1.414038645605344,5.092567284202274,offline,0.1324272336925502,2,102519,False,0.33549839613226295,0.4009847939014435
111691,1.2910225901066001,True,0.1386750223813787,0.3956132497761862,0.5176365264100269,0.5819158460161146,0.07145891131797542,trpb,True,39,35,CONVERGENCE: NORM OF PROJECTED GRADIENT <= PGTOL,0.29154556599996795,11170,3.55309497593911,0.37903983885407344,S2,192,-0.34442673180965977,1.4270634982765256,1.036687777260993,offline,0.16295442667229004,2,86930,True,0.36393343117638427,0.42121756076812744
111835,5.174196146767412,True,0.2772711015736767,0.5978183118741058,0.7753040057224606,0.8132153075822603,0.04453789870755879,trpb,True,13,12,CONVERGENCE: NORM OF PROJECTED GRADIENT <= PGTOL,1.7465404629997465,11184,5.993788019824628,0.17159781831187415,S0,48,2.8657372867728492,1.4015891599662018,1.0683557033735116,offline,0.14624505333970436,3,4842,False,0.3417699379179406,0.2436516433954239
111835,9.582397493100439,True,0.33369098712446355,0.7153969957081545,0.766541487839771,0.7841559370529327,0.04465820118047242,trpb,True,12,11,CONVERGENCE: NORM OF PROJECTED GRADIENT <= PGTOL,0.07263841699978002,11184,9.791670040505068,0.13755364806866954,S1,48,2.3553888936394034,1.4391594442223763,1.103436841486768,offline,0.1456932641043668,3,51402,False,0.42110414781512673,0.2857653796672821
111835,15.467023554855796,True,0.29104077253218885,0.5898605150214592,0.7264842632331903,0.7640379113018598,0.044323903099326024,trpb,True,28,25,CONVERGENCE: NORM OF PROJECTED GRADIENT <= PGTOL,0.21505089500033137,11184,16.002604807496752,0.19464413447782547,S2,48,2.2457719712461492,1.640195875602311,1.1020680206216287,offline,0.14436412200016055,3,28287,False,0.3842525596616262,0.31393060088157654
111787,0.9170651940559956,True,0.7646480007156276,0.8438142946596296,0.8652831201359692,0.8789694963771357,0.06123875973338083,trpb,True,19,16,CONVERGENCE: NORM OF PROJECTED GRADIENT <= PGTOL,0.10890400600010253,11179,0.823533501645474,0.10355241971553805,S0,96,-0.5071309990964344,1.440527839455503,0.9915347462903349,offline,0.14518496248899368,3,18773,True,0.3613799469425758,0.34153324365615845
111787,1.1764112246903329,True,0.736738527596386,0.8393416226853923,0.8592002862510063,0.8716343143393863,0.060920634728108235,trpb,True,13,12,CONVERGENCE: NORM OF PROJECTED GRADIENT <= PGTOL,0.061720881999917765,11179,1.0393545401033264,0.0988113874228464,S1,96,-0.5136260937373434,1.4435074500929617,1.8099072394063362,offline,0.1433769789878761,3,94627,False,0.27049646722732207,0.3344663977622986
111787,1.5183324588642175,True,0.44172108417568656,0.8119688702030593,0.8448877359334467,0.861078808480186,0.05971063901625217,trpb,True,24,21,CONVERGENCE: NORM OF PROJECTED GRADIENT <= PGTOL,0.18244628000002194,11179,1.1688015172058879,0.05357031040343499,S2,96,-0.5399714825851483,1.5458966082650971,1.0740165125027252,offline,0.13724233868981411,3,15704,True,0.31315457509816597,0.38214510679244995
111691,2.1099996229763005,True,0.6341092211280215,0.795076096687556,0.8204118173679499,0.8348254252461952,0.057036083194162736,trpb,True,21,19,CONVERGENCE: NORM OF PROJECTED GRADIENT <= PGTOL,0.11571063299970774,11170,1.841949123035467,0.08344897045658012,S0,192,-0.5364750939657621,1.4234537467089077,0.9097332274993419,offline,0.1412940368249952,3,25784,True,0.4274083201256226,0.3859444856643677
111691,2.6223929443687033,True,0.5125335720680394,0.7860340196956133,0.8067144136078782,0.8214861235452103,0.05631727567980535,trpb,True,13,12,CONVERGENCE: NORM OF PROJECTED GRADIENT <= PGTOL,0.06533211900023161,11170,2.2948694307263025,0.062074753804834404,S1,192,-0.5480671751964177,1.4220360011952773,2.058823064918789,offline,0.1387442474770661,3,88119,False,0.30854637716939787,0.40528199076652527
111691,3.0142721644983137,True,0.39042076991942704,0.7338406445837063,0.7820053715308863,0.8031333930170098,0.05423775790488145,trpb,True,34,30,CONVERGENCE: NORM OF PROJECTED GRADIENT <= PGTOL,0.25818891400012944,11170,2.318699890673727,0.11014995523724262,S2,192,-0.5980525887777103,1.4639632448595938,1.1752230096350194,offline,0.13014900312318278,3,76260,True,0.3601691685827498,0.46982988715171814
111835,1.7870092360531287,True,0.7986409155937053,0.8629291845493562,0.8770565092989986,0.8862660944206009,0.055134579823568626,trpb,True,17,14,CONVERGENCE: NORM OF PROJECTED GRADIENT <= PGTOL,1.7466150440000092,11184,1.6261597970828499,0.11206187410586549,S0,48,-0.49022490163592464,1.4500022435063236,1.2262792322880818,offline,0.1444641370037427,4,12840,True,0.3591731867940405,0.23462088406085968
111835,2.188959626043335,True,0.7541130185979972,0.8374463519313304,0.8549713876967096,0.8649856938483548,0.054683823639164617,trpb,True,13,12,CONVERGENCE: NORM OF PROJECTED GRADIENT <= PGTOL,0.07344749899993985,11184,2.0381579363657263,0.1054005722460658,S1,48,-0.48753351152429236,1.4591771947220114,1.6124646500111852,offline,0.143657516967016,4,23180,False,0.377053547291174,0.27700287103652954
111835,2.6119523234368174,True,0.41282188841201717,0.8154506437768241,0.8504113018597997,0.8639127324749643,0.054774227605560145,trpb,True,23,21,CONVERGENCE: NORM OF PROJECTED GRADIENT <= PGTOL,0.1730860580000808,11184,2.011801664172182,0.059576180257510714,S2,48,-0.5113718372627027,1.6649909165064563,1.3397092596398357,offline,0.13821501981567355,4,52575,True,0.35235598886935504,0.31071174144744873
111787,1.2149506927032665,True,0.7502459969585831,0.852580731729135,0.8673405492441184,0.8769120672689865,0.06166960414339379,trpb,True,19,17,CONVERGENCE: NORM OF PROJECTED GRADIENT <= PGTOL,0.10906306399965615,11179,1.0874731408213192,0.10214352804365326,S0,96,-0.5127232502934743,1.4365019114666702,1.0717446495575602,offline,0.14420117091920515,4,34611,True,0.40709127219281965,0.3061096668243408
111787,1.3976149935478406,True,0.40611861526075677,0.8443510152965381,0.861078808480186,0.8707397799445389,0.06015111749424507,trpb,True,12,11,CONVERGENCE: NORM OF PROJECTED GRADIENT <= PGTOL,0.05797288700023273,11179,1.2531980499538742,0.06410345290276409,S1,96,-0.5305276673881325,1.4333782385096054,1.6239201835224921,offline,0.13970383934216704,4,39327,False,0.328215207328748,0.3347347676753998
111787,1.5128527319921135,True,0.12970748725288486,0.4185526433491368,0.631988549959746,0.7402272117362912,0.062234426957708,trpb,True,27,24,CONVERGENCE: RELATIVE REDUCTION OF F <= FACTR*EPSMCH,0.20904712999981712,11179,1.9423043172841532,0.3073810269254853,S2,96,-0.4962907470234106,1.4986598431489968,0.871613637656594,offline,0.1402238676084263,4,74639,True,0.31223944698393324,0.3373289108276367
111691,1.9702157012788817,True,0.3574753804834378,0.7924798567591763,0.8268576544315129,0.8421665174574754,0.05859277435881377,trpb,True,19,15,CONVERGENCE: NORM OF PROJECTED GRADIENT <= PGTOL,0.10502379699983067,11170,1.644586975195723,0.0827551477170994,S0,192,-0.5602477657598623,1.411263073871295,0.9704611403658844,offline,0.13639799182202725,4,44429,True,0.41380318729623083,0.38683974742889404
111691,1.9675332541658166,True,0.25120859444941807,0.7463742166517457,0.8281110116383169,0.8478066248880931,0.05868191708258766,trpb,True,11,10,CONVERGENCE: NORM OF PROJECTED GRADIENT <= PGTOL,0.05517407800016372,11170,1.7163582650236548,0.11912488809310655,S1,192,-0.5642630130519778,1.3935448774854922,2.134449082200007,offline,0.13500911887788444,4,39231,False,0.3568743901338581,0.3971351981163025
111691,2.1138176085671896,True,0.17162041181736795,0.4948075201432408,0.701521933751119,0.7828111011638317,0.05790485890372102,trpb,True,40,34,CONVERGENCE: NORM OF PROJECTED GRADIENT <= PGTOL,0.299793149999914,11170,1.9180914751290683,0.24980975828111013,S2,192,-0.59769491044736,1.416651689169044,1.054780173907537,offline,0.13090111557042647,4,39020,True,0.3714089441745093,0.42972245812416077
111835,1.5198880251338263,True,0.6310801144492132,0.8328862660944206,0.8619456366237482,0.8762517882689557,0.05150176528221145,trpb,True,15,10,CONVERGENCE: NORM OF PROJECTED GRADIENT <= PGTOL,1.7933066430000508,11184,1.3272503457791374,0.06894223891273246,S0,48,-0.38349352959357386,1.4488240881487777,0.5541764472628841,offline,0.14433132944006072,5,68168,True,0.396232272046908,0.29881975054740906
111835,1.7315636215689132,True,0.18517525035765378,0.5434549356223176,0.785675965665236,0.8619456366237482,0.05281476587695614,trpb,True,13,12,CONVERGENCE: NORM OF PROJECTED GRADIENT <= PGTOL,0.07254386200020235,11184,1.9040103264624795,0.1934370529327611,S1,48,-0.2852377110760596,1.4243343589968325,1.3737865739827193,offline,0.142279089651011,5,48771,False,0.3467516943310988,0.29613733291625977
111835,1.2692702303496224,True,0.10774320457796853,0.2347997138769671,0.37508941344778257,0.5005364806866953,0.060363509986455996,trpb,True,21,17,CONVERGENCE: NORM OF PROJECTED GRADIENT <= PGTOL,0.1580817669996577,11184,3.6991232002482475,0.4829577968526466,S2,48,0.18945509171804917,1.5478182543391301,1.352312232273427,offline,0.1527709388635464,5,108710,False,0.3068945387742395,0.2847818434238434
111787,3.478304919628288,True,0.5724125592629037,0.7819125145361839,0.817425530011629,0.8347794972716701,0.04979062886242776,trpb,True,17,15,CONVERGENCE: NORM OF PROJECTED GRADIENT <= PGTOL,0.23197564099973533,11179,3.222863711802964,0.07207375436085517,S0,96,-0.31061659022711824,1.432720480915504,1.0384981283309318,offline,0.1437802810126333,5,46160,True,0.4162548108073169,0.33321407437324524
111787,3.3766877302726535,True,0.2798998121477771,0.7152697021200465,0.8227032829412291,0.8458717237677789,0.049693281442475916,trpb,True,10,9,CONVERGENCE: NORM OF PROJECTED GRADIENT <= PGTOL,0.04889684700037833,11179,3.2323776256586756,0.12156386975579213,S1,96,-0.26192969351380874,1.406139875184635,1.3777733880700784,offline,0.14053241673734856,5,32042,False,0.35851390717385895,0.3562035858631134
111787,2.8518850174711945,True,0.16012165667769926,0.4181948295911978,0.6618659987476518,0.7830754092494856,0.051831098394529006,trpb,True,26,23,CONVERGENCE: NORM OF PROJECTED GRADIENT <= PGTOL,0.1949432340002204,11179,2.976137517033868,0.2816855264334914,S2,96,-0.15247425697564962,1.4813538011429312,1.0384981283309318,offline,0.1409262022075849,5,46160,True,0.3236980260462736,0.33375078439712524
111691,2.2747843368660305,True,0.27717099373321397,0.6998209489704565,0.8020590868397494,0.8427036705461056,0.053889281055247346,trpb,True,16,14,CONVERGENCE: NORM OF PROJECTED GRADIENT <= PGTOL,0.27503239699990445,11170,2.1905900659318194,0.13206132497761863,S0,192,-0.507812998087981,1.3817090973404165,2.061285830849512,offline,0.13824592466720068,5,10333,False,0.3715181497670099,0.3283796012401581
111691,2.0276253504489756,True,0.20170098478066248,0.6136974037600716,0.8030438675022381,0.8589077887197851,0.05453617171085991,trpb,True,11,10,CONVERGENCE: NORM OF PROJECTED GRADIENT <= PGTOL,0.05314035600031275,11170,2.1450978938977148,0.16816248880931067,S1,192,-0.48108963361746954,1.3649918965342591,1.2740874070519594,offline,0.13850151206320405,5,81642,True,0.3455591245761025,0.30259624123573303
111691,1.8783831724562126,True,0.12820053715308863,0.36544315129811994,0.5599820948970456,0.6715308863025963,0.05688320132756979,trpb,True,32,27,CONVERGENCE: RELATIVE REDUCTION OF F <= FACTR*EPSMCH,0.24409282199985682,11170,3.312429874877773,0.35621083258728736,S2,192,-0.2765964622879539,1.3523108321278157,2.061285830849512,offline,0.14530667728062788,5,10333,False,0.3022572776242859,0.2930169999599457
111835,1.2018644454688712,True,0.39234620886981403,0.8469241773962805,0.8722281831187411,0.8851037195994278,0.057401621798000006,trpb,True,15,11,CONVERGENCE: NORM OF PROJECTED GRADIENT <= PGTOL,1.7756085289997827,11184,1.0327183542210416,0.061811516452074375,S0,48,-0.5199017485896469,1.4347151641537743,0.5070266036758632,offline,0.14198128542333568,6,71330,True,0.35150938408480575,0.35121601819992065
111835,1.4467619655579935,True,0.4507331902718169,0.8386981402002861,0.8594420600858369,0.8723175965665236,0.05718910970508165,trpb,True,12,11,CONVERGENCE: NORM OF PROJECTED GRADIENT <= PGTOL,0.07143037900004856,11184,1.311753943327628,0.05155132331902715,S1,48,-0.5147161258950393,1.4491401123482188,1.4966170288479428,offline,0.1418459329680231,6,100110,False,0.3366170949525993,0.36292919516563416
111835,1.8093977689403358,True,0.27351573676680974,0.7468705293276109,0.8405758226037195,0.8675786838340487,0.05749210172580359,trpb,True,24,21,CONVERGENCE: NORM OF PROJECTED GRADIENT <= PGTOL,0.17991327600020668,11184,1.5765304039158703,0.10536480686695279,S2,48,-0.5249161311697201,1.6391253047533472,1.4302820447011118,offline,0.1383957298429966,6,89183,True,0.2939905766250418,0.380811870098114
111787,1.1152573817721867,True,0.19465068431881205,0.609983003846498,0.7814652473387602,0.8326326147240362,0.06066251493877648,trpb,True,14,12,CONVERGENCE: NORM OF PROJECTED GRADIENT <= PGTOL,0.08326979200001006,11179,1.2871411853277255,0.1828171124429734,S0,96,-0.535246295256202,1.349679120244629,1.6806514361366331,offline,0.1389255440599783,6,56986,True,0.3810271429631289,0.3808927536010742
111787,1.7437884224904396,True,0.21388317380803293,0.5818946238482869,0.7767242150460685,0.830575185615887,0.0607174477631591,trpb,True,11,10,CONVERGENCE: NORM OF PROJECTED GRADIENT <= PGTOL,0.052612271000270994,11179,1.7718417185692477,0.1867307004204312,S1,96,-0.548508532025212,1.3741692794737033,1.6806514361366331,offline,0.13609342019128337,6,56986,True,0.3696814304408927,0.44109490513801575
111787,1.7691281403815011,True,0.12264066553358977,0.34394847481885676,0.5771535915555953,0.7151802486805617,0.061302263135553155,trpb,True,24,22,CONVERGENCE: NORM OF PROJECTED GRADIENT <= PGTOL,0.17950723600006313,11179,2.6077369716364216,0.34776925485284915,S2,96,-0.5047417049552844,1.4266370486838593,1.6806514361366331,offline,0.13763964974102405,6,56986,True,0.3586005867301508,0.38778066635131836
111691,1.9011146470644291,True,0.21897940913160252,0.6240823634735899,0.7539838854073411,0.8082363473589973,0.05824339300461969,trpb,True,15,14,CONVERGENCE: NORM OF PROJECTED GRADIENT <= PGTOL,0.08503343399979713,11170,1.7229723171449212,0.1861794986571173,S0,192,-0.5731267908774943,1.3670982670544787,1.7670221986601178,offline,0.13429458917449938,6,12979,True,0.40738472801470704,0.41933751106262207
111691,2.04027382090464,True,0.19561324977618622,0.5742166517457475,0.7758281110116383,0.8322291853178155,0.0588854764640198,trpb,True,11,10,CONVERGENCE: NORM OF PROJECTED GRADIENT <= PGTOL,0.05321742199976143,11170,1.7582754986618252,0.1930282005371531,S1,192,-0.5811987374498944,1.3748408570227293,1.4780371566297485,offline,0.13269260905933827,6,23410,True,0.37263763690990603,0.43061771988868713
111691,2.055097317444158,True,0.12676812891674127,0.3239928379588183,0.4801253357206804,0.5705461056401074,0.05769127218228242,trpb,True,39,34,CONVERGENCE: NORM OF PROJECTED GRADIENT <= PGTOL,0.2952833629997258,11170,3.160993895931402,0.41214189794091316,S2,192,-0.5322989583452192,1.3412663229489346,1.1925279507374538,offline,0.13632622011539636,6,48947,True,0.373077881654756,0.4327663481235504
111835,0.35786862236957573,True,0.8368204577968527,0.9082618025751072,0.9206008583690987,0.9260550786838341,0.05868073178588197,trpb,True,19,14,CONVERGENCE: NORM OF PROJECTED GRADIENT <= PGTOL,1.8192679180001505,11184,0.2867415203496486,0.1224070100143061,S0,48,-0.5086616031662524,1.4558776673793956,1.4590186618048828,offline,0.14536477261101727,7,22681,True,0.25846434817415154,0.1976931393146515
111835,0.5844323985049581,True,0.7914878397711016,0.8617668097281831,0.8825107296137339,0.8958333333333334,0.058974475065136235,trpb,True,15,13,CONVERGENCE: NORM OF PROJECTED GRADIENT <= PGTOL,0.08111750900025072,11184,0.5195876166123641,0.10622764663805434,S1,48,-0.5034474079595107,1.4681396190819882,1.7525145620832576,offline,0.14558730933671976,7,6164,False,0.14667118721077965,0.2837982773780823
111835,0.1535252195306214,True,0.24543991416309013,0.5496244635193133,0.5736766809728183,0.583601573676681,0.0732632882121738,trpb,True,27,24,CONVERGENCE: NORM OF PROJECTED GRADIENT <= PGTOL,0.20875102500031062,11184,5.236486665520765,0.2994143419170243,S2,48,0.10102634365707897,1.6079014055354701,1.6881986636870991,offline,0.1877493580443696,7,29405,False,0.14416672178144668,0.2382868379354477
111787,1.4698233091755124,True,0.6986313623758833,0.851507290455318,0.8685928973969049,0.8801323910904374,0.055792906281232915,trpb,True,19,17,CONVERGENCE: NORM OF PROJECTED GRADIENT <= PGTOL,0.11308618900011425,11179,1.2642893496555772,0.08785334108596474,S0,96,-0.5178256223457737,1.43259693865536,1.4221920680660018,offline,0.14263355153003418,7,68087,True,0.38585827468149314,0.2886662483215332
111787,2.5999060859689958,True,0.3656856606136506,0.7780660166383397,0.8212720279094731,0.8339744163163073,0.05567405936813915,trpb,True,13,12,CONVERGENCE: NORM OF PROJECTED GRADIENT <= PGTOL,0.06279958100003569,11179,2.3705245634037597,0.08775046963055733,S1,96,-0.5256340899831717,1.4340317594882281,1.7551831446555273,offline,0.13985508696365148,7,6674,False,0.3016509710216764,0.36658018827438354
111787,2.568035286613025,True,0.12478754808122372,0.32704177475623936,0.468199302263172,0.527149118883621,0.0638913993582024,trpb,True,27,24,CONVERGENCE: NORM OF PROJECTED GRADIENT <= PGTOL,0.20422419000033187,11179,4.0428066747624625,0.425705564003936,S2,96,-0.3658549478529383,1.4987073544166258,1.0825823528467922,offline,0.15168516943825047,7,107889,True,0.25079923968448303,0.33992308378219604
111691,2.5526156741921415,True,0.3315129811996419,0.7298119964189794,0.8113697403760072,0.8476275738585497,0.051829242707697266,trpb,True,17,14,CONVERGENCE: NORM OF PROJECTED GRADIENT <= PGTOL,0.09291147400017508,11170,2.399541838276896,0.10741942703670546,S0,192,-0.47211575694625485,1.3842414892051935,1.0595317090516672,offline,0.13884484116447243,7,47344,True,0.3686980693545063,0.323813796043396
111691,3.378782115423895,True,0.2370635631154879,0.6822739480752015,0.798478066248881,0.8358997314234556,0.05255105418072856,trpb,True,11,10,CONVERGENCE: NORM OF PROJECTED GRADIENT <= PGTOL,0.05391514599978109,11170,3.185828553987303,0.1490711727842435,S1,192,-0.47313469386862583,1.4004976121704318,1.567312903834173,offline,0.1376286681607893,7,45764,True,0.2909324570986507,0.35568487644195557
111691,3.7481958122181953,True,0.20420769919427037,0.5118173679498658,0.6450313339301701,0.7141450313339301,0.04980922527442269,trpb,True,41,36,CONVERGENCE: NORM OF PROJECTED GRADIENT <= PGTOL,0.30937318499991306,11170,4.781730596961692,0.26869964189794093,S2,192,-0.3989938504255678,1.347630052722666,1.0595317090516672,offline,0.1341727114380794,7,47344,True,0.3320329046113649,0.40796777606010437
111835,21.26790762975489,True,0.33476394849785407,0.6195457796852647,0.651824034334764,0.6763233190271817,0.04426879882363452,trpb,True,17,12,CONVERGENCE: NORM OF PROJECTED GRADIENT <= PGTOL,1.7542997679997825,11184,20.97448196128802,0.2168857296137339,S0,48,4.330968417065933,1.4420187248106133,1.0657462026347213,offline,0.14913339805870782,8,76003,False,0.3931491103116689,0.3407546579837799
111835,19.637145737499768,True,0.3374463519313305,0.6461909871244635,0.675071530758226,0.6965307582260372,0.04395747993810501,trpb,True,13,11,CONVERGENCE: NORM OF PROJECTED GRADIENT <= PGTOL,0.07610760499983371,11184,20.070781108167598,0.1986900929899857,S1,48,4.644278029442401,1.440951769342892,1.0888694040793812,offline,0.14852437882326502,8,86842,False,0.389660056952592,0.3243025839328766
111835,28.008862412413382,True,0.2840665236051502,0.5602646638054364,0.6538805436337625,0.6891094420600858,0.0439668373712006,trpb,True,26,22,CONVERGENCE: NORM OF PROJECTED GRADIENT <= PGTOL,0.19570070400004624,11184,27.36001841901907,0.24066970672389126,S2,48,4.431483844470644,1.6458794985028222,1.0157681423466611,offline,0.14676227069414702,8,64908,True,0.3203981085745303,0.3564020097255707
111787,6.424233878402024,True,0.48510600232578943,0.7495303694427051,0.7782449235173092,0.8022184452992217,0.04594057391235384,trpb,True,19,17,CONVERGENCE: NORM OF PROJECTED GRADIENT <= PGTOL,0.10864325799957442,11179,6.105959823567452,0.08372506485374363,S0,96,0.2946362543109219,1.4252069626911308,1.3290558461959405,offline,0.14457017896988672,8,27413,False,0.4501145906569727,0.3209589421749115
111787,6.866397574119716,True,0.45567582073530727,0.7343232847302978,0.765542535110475,0.789337150013418,0.04587748363694036,trpb,True,12,11,CONVERGENCE: NORM OF PROJECTED GRADIENT <= PGTOL,0.055987870000080875,11179,6.6929570865918295,0.10128030235262549,S1,96,0.3207683134953572,1.4286313868074538,1.346752694949765,offline,0.1446827931551985,8,29783,False,0.44033684031462206,0.34153324365615845
111787,8.14101433630474,True,0.3837552553895697,0.7166115037123177,0.7711781017980142,0.7982824939618929,0.045540642665732683,trpb,True,30,25,CONVERGENCE: NORM OF PROJECTED GRADIENT <= PGTOL,0.2254756389997965,11179,7.436700963341118,0.12004316128455138,S2,96,0.23211391685520844,1.5339878812379661,1.1208891902751712,offline,0.14230630071362446,8,13056,True,0.4423841889995714,0.34931567311286926
111691,3.4505884896514636,True,0.23455684870188004,0.6418979409131602,0.7732318710832587,0.8254252461951657,0.04974205632958157,trpb,True,17,15,CONVERGENCE: NORM OF PROJECTED GRADIENT <= PGTOL,0.09495429600019634,11170,3.6405471221571704,0.16872202327663383,S0,192,-0.3653389088799653,1.3608550130589445,1.226765829828749,offline,0.13770251255813334,8,50901,True,0.40838026561521984,0.3606087863445282
111691,3.655976477458343,True,0.14744852282900628,0.3791405550581916,0.6147717099373321,0.7414503133393017,0.05176258187455446,trpb,True,10,9,CONVERGENCE: NORM OF PROJECTED GRADIENT <= PGTOL,0.04909481599997889,11170,4.507252066684163,0.31679722470904204,S1,192,-0.26429161276976365,1.3324290662807154,1.2599925346295304,offline,0.13743833927343363,8,55349,True,0.33408267444353723,0.354341983795166
111691,4.888631028583018,True,0.13222918531781558,0.333034914950761,0.5226499552372427,0.6550581915846017,0.049470272565831794,trpb,True,42,37,CONVERGENCE: RELATIVE REDUCTION OF F <= FACTR*EPSMCH,0.3149041579999903,11170,6.528174186766463,0.37675693822739476,S2,192,-0.21202406004959307,1.337574901205051,1.226765829828749,offline,0.13285335992633357,8,50901,True,0.3632593143778485,0.40716204047203064
111835,0.1407613892820519,True,0.4730865522174535,0.9111230329041488,0.922120886981402,0.9298998569384835,0.07512081915744229,trpb,True,15,11,CONVERGENCE: NORM OF PROJECTED GRADIENT <= PGTOL,1.755571840999437,11184,0.13609311794699136,0.045064377682403414,S0,48,-0.40080938964749513,1.4335023367883233,0.9715625976443918,offline,0.1485079754286625,9,40088,True,0.4271279037099374,0.22836194932460785
111835,0.22862393211843235,True,0.27226394849785407,0.8595314735336195,0.9096924177396281,0.9217632331902719,0.07419744239697632,trpb,True,12,11,CONVERGENCE: NORM OF PROJECTED GRADIENT <= PGTOL,0.06804904899945541,11184,0.28853530921132753,0.08129917739628037,S1,48,-0.41267046854799305,1.4224860128685437,1.8758596054980148,offline,0.14745143236603456,9,60772,False,0.3854218331122746,0.2611766755580902
111835,0.30266847011768316,True,0.19188125894134478,0.6647889842632332,0.76931330472103,0.835389842632332,0.07398928347813895,trpb,True,26,22,CONVERGENCE: NORM OF PROJECTED GRADIENT <= PGTOL,0.20680909299971972,11184,0.6491819039720419,0.17215665236051503,S2,48,-0.40372559314414086,1.5781897253068087,0.9715625976443918,offline,0.14944470230012932,9,40088,True,0.3228847103484094,0.2858547866344452
111787,0.7145787358714925,True,0.4138116110564451,0.8498971285445925,0.8949816620449056,0.904463726630289,0.06003214183593851,trpb,True,17,14,CONVERGENCE: NORM OF PROJECTED GRADIENT <= PGTOL,0.09872334600004251,11179,0.5849941676437922,0.04666003220323821,S0,96,-0.5321633782668296,1.4191266053700988,1.265661192879529,offline,0.14110496937597716,9,15996,True,0.4315852590460996,0.25574737787246704
111787,1.0008886665157153,True,0.3011002773056624,0.7677788710975937,0.8622417031934878,0.8875570265676715,0.05964057874023634,trpb,True,10,9,CONVERGENCE: NORM OF PROJECTED GRADIENT <= PGTOL,0.05036917999950674,11179,0.9650206139251314,0.08283053045889614,S1,96,-0.5261225375203026,1.4095219231512763,1.879085076614193,offline,0.1401468861588886,9,33955,False,0.363876109366089,0.28929242491722107
111787,1.4550011772123503,True,0.19304052240808658,0.5481706771625369,0.6389659182395563,0.6887020305930763,0.06016563517628897,trpb,True,27,25,CONVERGENCE: RELATIVE REDUCTION OF F <= FACTR*EPSMCH,0.1997657199999594,11179,2.7610667024512168,0.270280212899186,S2,96,-0.3886577739738466,1.4438470252848399,0.9715625976443918,offline,0.14671366138353287,9,40040,True,0.31163602859431805,0.33509257435798645
111691,1.5149316808226674,True,0.20671441360787823,0.6130707251566696,0.7760071620411817,0.8363473589973143,0.05854677826822718,trpb,True,15,13,CONVERGENCE: NORM OF PROJECTED GRADIENT <= PGTOL,0.08496144699984143,11170,1.4486648677640774,0.17946508504923905,S0,192,-0.5536373347224469,1.3725985481460774,0.9715625976443918,offline,0.13683657971961752,9,39944,True,0.37556406247517804,0.37529096007347107
111691,1.9105023934824856,True,0.16275738585496866,0.4794091316025067,0.7265890778871978,0.820680393912265,0.059756870953521835,trpb,True,11,10,CONVERGENCE: NORM OF PROJECTED GRADIENT <= PGTOL,0.05263047700009338,11170,2.007433020583444,0.24014100268576546,S1,192,-0.541341162325802,1.3629791743089297,1.1501772480846866,offline,0.13634616727940935,9,93301,True,0.29271983007326774,0.39167413115501404
111691,2.0479858891757594,True,0.10393912264995524,0.26445837063563116,0.42309758281110116,0.5478961504028648,0.05890248853609045,trpb,True,33,28,CONVERGENCE: NORM OF PROJECTED GRADIENT <= PGTOL,0.2457761510004275,11170,3.5168330927731644,0.4526521933751119,S2,192,-0.47744554267470923,1.3207888301024309,1.1501772480846866,offline,0.13821705873261828,9,93301,True,0.29758364199133874,0.40993732213974
167482,-0.0005232595132560418,True,0.8110931995940056,0.9631022747626724,0.9789241148725297,0.9824467132366111,0.07461156291105514,creilov,True,22,16,CONVERGENCE: NORM OF PROJECTED GRADIENT <= PGTOL,1.8549673269999403,16749,-0.5672172319137594,0.14639157561645472,S0,48,-0.5567347052386455,1.2510349035338528,1.0036174283161512,offline,0.13688783237010005,0,65770,True,0.8504946705606882,0.6088124513626099
167482,0.00024778986753766583,True,0.8866200967221923,0.9757597468505582,0.9812526120962446,0.9834019941489044,0.07665442680492768,creilov,True,11,10,CONVERGENCE: NORM OF PROJECTED GRADIENT <= PGTOL,0.07825343800004703,16749,-0.6098654620824848,0.16925861245447488,S1,48,-0.5348787751986571,1.3046846846722435,1.1553742616522393,offline,0.14018371186502782,0,6168,True,0.8601470933797848,0.6119171380996704
167482,0.008875334601018262,True,0.7010567795092244,0.9383246761000656,0.9724162636575318,0.9816705474953729,0.06870721486280976,creilov,True,21,18,CONVERGENCE: NORM OF PROJECTED GRADIENT <= PGTOL,0.23890453900003195,16749,-0.6249748050062621,0.11086706669054866,S2,48,-0.650847313367751,1.8695972973314694,0.9467997209307434,offline,0.12662958765285875,0,12330,True,0.8786023600764404,0.6307242512702942
167434,0.1938922003429039,True,0.5791328236980411,0.8652054467271859,0.9380076445293837,0.9648829431438127,0.06435136117092026,creilov,True,18,14,CONVERGENCE: NORM OF PROJECTED GRADIENT <= PGTOL,0.10311395700000503,16744,-0.5640265124360614,0.04930721452460585,S0,96,-0.7245421659433151,0.9247112142107952,1.0036174283161512,offline,0.12013170318783609,0,65722,True,0.8816111253983093,0.6100692749023438
167434,0.1977659923415768,True,0.6349139990444338,0.8993072145246058,0.9547897754419493,0.97348303870043,0.06722534092442238,creilov,True,11,10,CONVERGENCE: NORM OF PROJECTED GRADIENT <= PGTOL,0.0597148220000463,16744,-0.5652546894583708,0.07812350692785472,S1,96,-0.6859153229009133,0.9951202537314414,1.1553742616522393,offline,0.12386581755797459,0,6120,True,0.889438051358434,0.61944580078125
167434,0.20545241049762178,True,0.5861204013377926,0.8668179646440516,0.9363354037267081,0.9660176779741997,0.05879798897344532,creilov,True,37,31,CONVERGENCE: NORM OF PROJECTED GRADIENT <= PGTOL,0.4211393179999732,16744,-0.7205433702627752,0.051322861920687995,S2,96,-0.8205814677358665,1.1977501524392864,0.8900209301940769,offline,0.1105404409920647,0,28463,True,0.8970759073066454,0.6356306672096252
167338,0.21876217994243063,True,0.5642404685072308,0.8275367515238436,0.9081510696784989,0.9466355922074817,0.05500499358551777,creilov,True,16,11,CONVERGENCE: NORM OF PROJECTED GRADIENT <= PGTOL,0.08995654599993941,16734,-0.6789082312312574,0.025823174375522867,S0,192,-0.8883079726511371,0.7127937790587455,1.1315016645056533,offline,0.10376003892841847,0,43088,True,0.9082169986878338,0.6146767139434814
167338,0.23058529697558253,True,0.5628062626986973,0.8349468148679335,0.9166965459543445,0.9555993785108163,0.05813677960412148,creilov,True,12,11,CONVERGENCE: NORM OF PROJECTED GRADIENT <= PGTOL,0.06576124200000777,16734,-0.6109882859653858,0.030012250507947896,S1,192,-0.8316581527485603,0.8065277892872755,1.4388842669315192,offline,0.10847816645818623,0,6024,True,0.9160466022138288,0.6372654438018799
167338,0.2213024846921267,True,0.5229472929365364,0.7930560535436835,0.8793474363571172,0.929903191107924,0.04784146633866965,creilov,True,41,33,CONVERGENCE: NORM OF PROJECTED GRADIENT <= PGTOL,0.47355243399999836,16734,-0.7741260584274868,0.017660152981952948,S2,192,-1.0319275525068368,0.7772586572817193,1.2093713634282037,offline,0.09092870281755286,0,54875,True,0.9275451730278067,0.6190988421440125
167482,0.04865287884438223,True,0.8970087766433817,0.9823273031225744,0.9854916711445459,0.9882978088244074,0.09566726459656297,creilov,True,17,14,CONVERGENCE: NORM OF PROJECTED GRADIENT <= PGTOL,1.843052213999954,16749,-0.6271649498586395,0.17578138993372738,S0,48,-0.3064145877387329,1.3662179540098447,1.1797424720399547,offline,0.17933693567722067,1,143106,True,0.7803497568900807,0.5540629029273987
167482,-0.10457129569329655,True,0.7994507134754314,0.9856707863156009,0.9974326825482118,0.9988656039166517,0.10024471571852893,creilov,True,12,11,CONVERGENCE: NORM OF PROJECTED GRADIENT <= PGTOL,0.0759287900000345,16749,-0.7908899151273404,0.15785494656397395,S1,48,-0.2455708357298357,1.3809326873982724,1.035346065700351,offline,0.18536594029973041,1,152011,True,0.747629878384709,0.46247535943984985
167482,0.08214399201947284,True,0.737775389575497,0.953071825183593,0.9771329631619798,0.9831631739208311,0.08026309300151846,creilov,True,25,21,CONVERGENCE: RELATIVE REDUCTION OF F <= FACTR*EPSMCH,0.28977915900009066,16749,-0.6643586698011645,0.12528583796047524,S2,48,-0.5015588266774875,1.9636940044180178,1.03526762048048,offline,0.15207027233711679,1,2017,True,0.848604247701674,0.6006925702095032
167434,0.13058254878334635,True,0.7047300525561395,0.9607620640229336,0.9944457716196846,0.9986860965121834,0.06762790368622587,creilov,True,16,13,CONVERGENCE: NORM OF PROJECTED GRADIENT <= PGTOL,0.09373769500007256,16744,-0.8269101871732321,0.1271559961777353,S0,96,-0.6651620630680503,1.1281848151122755,1.4234561733657667,offline,0.12197325706237741,1,10360,True,0.8808294776113763,0.552078366279602
167434,0.1671457091823706,True,0.6144290492116579,0.9196129956999523,0.9758122312470139,0.9876373626373627,0.07110115264009421,creilov,True,12,11,CONVERGENCE: NORM OF PROJECTED GRADIENT <= PGTOL,0.06384452999986934,16744,-0.6460517513327522,0.08687290969899666,S1,96,-0.6316251043856916,1.1239786188209422,1.3848735240037844,offline,0.12904435567872594,1,138116,True,0.868209191688514,0.5532131195068359
167434,0.17494689591008872,True,0.5868967988533206,0.89775441949355,0.9650023889154324,0.9859651218346871,0.05814992643315546,creilov,True,33,28,CONVERGENCE: NORM OF PROJECTED GRADIENT <= PGTOL,0.38728930400020545,16744,-0.9691916687863038,0.07140468227424751,S2,96,-0.8324158351920468,1.3041665352973766,1.3119194029461505,offline,0.10853749794705625,1,28584,True,0.8994739248511208,0.610785961151123
167338,0.19314027744925127,True,0.5960917891717461,0.914425720090833,0.9775905342416636,0.9937253495876658,0.05427507588092471,creilov,True,15,10,CONVERGENCE: NORM OF PROJECTED GRADIENT <= PGTOL,0.08468863100006274,16734,-1.0127185035873,0.08295834827297713,S0,192,-0.8978876848697331,0.8543988701790668,1.02552308657888,offline,0.09975772720222845,1,33313,True,0.9181484371290002,0.5971077084541321
167338,0.24851528013694227,True,0.47794908569379707,0.7872594717341939,0.894167563045297,0.9488466594956376,0.058745392535109166,creilov,True,14,13,CONVERGENCE: NORM OF PROJECTED GRADIENT <= PGTOL,0.07514178800010995,16734,-0.5410913334634533,0.01044430500776862,S1,192,-0.8240283883271214,0.8887598118156654,1.1393507470953153,offline,0.1077889453758814,1,151867,True,0.9155075915792936,0.617365837097168
167338,0.24934199496437034,True,0.6300944185490618,0.8751643360822278,0.9323532926975021,0.9607386159913948,0.04783780879118377,creilov,True,44,37,CONVERGENCE: NORM OF PROJECTED GRADIENT <= PGTOL,0.5064000709999164,16734,-1.0060579178469895,0.0620876658300466,S2,192,-1.029340317369023,0.8502601717974203,1.0034064674481908,offline,0.09041046393175212,1,32191,True,0.9288669077980302,0.642882764339447
167482,0.43858655999976187,True,0.8424383545286286,0.9768344378768882,0.9846558003462893,0.9884769239954624,0.07386094604104569,creilov,True,19,16,CONVERGENCE: NORM OF PROJECTED GRADIENT <= PGTOL,1.8509299289999035,16749,-0.5876539448708913,0.1606013791868171,S0,48,-0.5597458209242885,1.3025812016760199,0.5711321794338245,offline,0.13266791142606366,2,160823,True,0.8671521860697596,0.6433219909667969
167482,0.41607617444147693,True,0.9360558839333691,0.9831631739208311,0.9865663621708759,0.989312794793719,0.07995260295584336,creilov,True,12,11,CONVERGENCE: NORM OF PROJECTED GRADIENT <= PGTOL,0.07486117000007653,16749,-0.5706909659034889,0.18627455370469878,S1,48,-0.4809642501572383,1.380476272883576,0.6952590699919311,offline,0.14253261678129064,2,73197,True,0.8670836175168245,0.6077975034713745
167482,0.4518503291808802,True,0.43978744999701475,0.809719983282584,0.9204728640515851,0.9657292972714789,0.06130814023799242,creilov,True,24,20,CONVERGENCE: NORM OF PROJECTED GRADIENT <= PGTOL,0.2871819280001091,16749,-0.4062297329609851,0.02653367365215832,S2,48,-0.7557957805266667,1.9026653169375394,0.7623768648936012,offline,0.11162275588931421,2,93729,True,0.9193578828146776,0.6672637462615967
167434,0.297862866336688,True,0.5037625418060201,0.8240563784042045,0.922718585762064,0.9648829431438127,0.058413835728621945,creilov,True,18,14,CONVERGENCE: NORM OF PROJECTED GRADIENT <= PGTOL,0.10334191499987355,16744,-0.5556221198705079,0.016355112279025336,S0,96,-0.8235992498904049,1.0555383139123216,0.6823914919662593,offline,0.10972683779464927,2,42066,True,0.9184794452377271,0.6647754311561584
167434,0.28974213893692535,True,0.5650979455327282,0.8546942188246536,0.9374104156712852,0.9684065934065934,0.06187411414462586,creilov,True,13,12,CONVERGENCE: NORM OF PROJECTED GRADIENT <= PGTOL,0.07005773400010185,16744,-0.5520062953891973,0.0439022933588151,S1,96,-0.7601115161667753,1.118259994386717,0.6144901371226248,offline,0.11559807501051159,2,158944,True,0.919394056722841,0.6503822207450867
167434,0.303685609316005,True,0.5425824175824175,0.8453774486383182,0.9281533683707597,0.964763497372193,0.05129852536425518,creilov,True,35,28,CONVERGENCE: NORM OF PROJECTED GRADIENT <= PGTOL,0.4073723950000385,16744,-0.7301565831144798,0.03271918299092211,S2,96,-0.9624529236701654,1.2867460210393116,0.5005640132910654,offline,0.09767832906022453,2,92295,True,0.927720475657276,0.6721810698509216
167338,0.3005654950340394,True,0.2911437791323055,0.5948368590892793,0.7629974901398351,0.8636906896139596,0.05155013203026817,creilov,True,16,11,CONVERGENCE: NORM OF PROJECTED GRADIENT <= PGTOL,0.0875493659998483,16734,-0.24573180222559554,0.15933279550615514,S0,192,-0.9579553861094448,0.7367567547703266,1.6160498242957269,offline,0.09701548136270692,2,65478,True,0.9352392160341664,0.6584199666976929
167338,0.2915879839616982,True,0.27465041233417,0.5494801003944066,0.6921835783434923,0.7956854308593283,0.05578782535012678,creilov,True,13,12,CONVERGENCE: NORM OF PROJECTED GRADIENT <= PGTOL,0.06865859200001978,16734,-0.005881105177480575,0.2095001195171507,S1,192,-0.8786604699337667,0.8056411212095155,1.550672627233916,offline,0.10464052449104172,2,158848,True,0.9341591792608449,0.6435998678207397
167338,0.3050471256815769,True,0.4746026054738855,0.773275965100992,0.8765985418907614,0.9272140552169237,0.04413406036586231,creilov,True,42,37,CONVERGENCE: RELATIVE REDUCTION OF F <= FACTR*EPSMCH,0.4831948249998277,16734,-0.721971572215362,0.024577208079359383,S2,192,-1.1062906941288921,0.78055813058752,1.6160498242957269,offline,0.08450363680865935,2,65478,True,0.9418092342433412,0.6695351004600525
167482,0.32463569959783606,True,0.7777180727207594,0.9772523732760164,0.9868648874559676,0.9894322049077557,0.09103388682451366,creilov,True,20,14,CONVERGENCE: NORM OF PROJECTED GRADIENT <= PGTOL,1.8732660079999732,16749,-0.6831959897103482,0.1453168845901248,S0,48,-0.3925270082752876,1.2823145905972693,0.6270442640802285,offline,0.16482999568593973,3,161828,True,0.7513619890652021,0.4955519735813141
167482,0.3006840102438936,True,0.7425517941369634,0.9538479909248313,0.9748641709952833,0.9831631739208311,0.09425154784666363,creilov,True,12,11,CONVERGENCE: NORM OF PROJECTED GRADIENT <= PGTOL,0.0774978879999253,16749,-0.64537690278655,0.12610678249447727,S1,48,-0.33346167131125876,1.3250492053466285,0.8036269741393953,offline,0.16927327864207417,3,57286,True,0.7388270320278097,0.4789539575576782
167482,0.36017179385944414,True,0.7294166815929309,0.9420860946922204,0.9723565586005135,0.9820884828945011,0.08280214469780935,creilov,True,25,22,CONVERGENCE: NORM OF PROJECTED GRADIENT <= PGTOL,0.2857720030001474,16749,-0.6975248630556536,0.11898695444504148,S2,48,-0.4848262120872602,1.9083413961918252,0.660606429984543,offline,0.15057518634952125,3,103745,True,0.7946673564022378,0.5316735506057739
167434,0.29896507533641953,True,0.6377209746774964,0.9109531772575251,0.967032967032967,0.9822623029144768,0.06123653998334393,creilov,True,15,10,CONVERGENCE: NORM OF PROJECTED GRADIENT <= PGTOL,0.0880537960001675,16744,-0.6982121187214535,0.08699235547061634,S0,96,-0.7814832434274107,1.0492823583783926,0.6462800295560409,offline,0.11241378738817423,3,135620,True,0.9003029686141141,0.6166387796401978
167434,0.2896316077566167,True,0.6534280936454849,0.9138795986622074,0.9637482083134257,0.9793956043956044,0.06507215153787162,creilov,True,11,10,CONVERGENCE: NORM OF PROJECTED GRADIENT <= PGTOL,0.062026800000239746,16744,-0.6401443209761754,0.09011287625418057,S1,96,-0.719242532657286,1.0975527332585302,0.747304893815915,offline,0.11931491945336829,3,37103,True,0.8976891624049541,0.5975871682167053
167434,0.2629736097337123,True,0.5687410415671286,0.869684663162924,0.9503105590062112,0.9787386526516961,0.05410435280035613,creilov,True,35,30,CONVERGENCE: NORM OF PROJECTED GRADIENT <= PGTOL,0.4016265270001895,16744,-0.9756440233308836,0.054368729096989976,S2,96,-0.9107446077062432,1.309178171324298,0.9117866409101505,offline,0.10035980947535758,3,144270,True,0.9165783051607934,0.6383779048919678
167338,0.28291010796033617,True,0.5043026174256006,0.8289709573323772,0.9197442332974782,0.959065375881439,0.05191921279167016,creilov,True,19,13,CONVERGENCE: NORM OF PROJECTED GRADIENT <= PGTOL,0.10386611900003118,16734,-0.655547580575769,0.015520795984223762,S0,192,-0.9449188436468418,0.7706338575587105,0.9360841910670522,offline,0.09936022716153788,3,153241,True,0.9245568087927906,0.6710290312767029
167338,0.2532367173583005,True,0.4612764431695948,0.7678976933189913,0.8835902952073622,0.9410780446994144,0.05889830304399115,creilov,True,13,12,CONVERGENCE: NORM OF PROJECTED GRADIENT <= PGTOL,0.06997287700005472,16734,-0.5032421282789604,0.02403938090115934,S1,192,-0.8211039871168649,0.8121276104528099,1.1705802377717085,offline,0.10985226334030472,3,90061,True,0.9106033105600171,0.6179036498069763
167338,0.3008926755652433,True,0.6671447352695111,0.9097645512130991,0.9550017927572607,0.9700011951715071,0.044690077440612624,creilov,True,41,37,CONVERGENCE: NORM OF PROJECTED GRADIENT <= PGTOL,0.4741036760001407,16734,-0.9446026495438086,0.08797806860284449,S2,192,-1.0895881433054095,0.8458019857852724,0.9360841910670522,offline,0.08616825772594082,3,153241,True,0.9372974782667381,0.706943929195404
167482,0.1912142717688929,True,0.887276852349394,0.9770135530479431,0.9828049435787212,0.9860290166577109,0.06907799981830777,creilov,True,23,17,CONVERGENCE: NORM OF PROJECTED GRADIENT <= PGTOL,1.8661812489999647,16749,-0.6477600012194802,0.1707810914084423,S0,48,-0.6264408742132236,1.30504929959935,0.6401533868418874,offline,0.12477591826952654,4,131950,True,0.8897162501956687,0.6368738412857056
167482,0.17852281085748375,True,0.8887694787748522,0.9780882440742731,0.9832825840348678,0.9859693116006926,0.07351809601683507,creilov,True,12,11,CONVERGENCE: NORM OF PROJECTED GRADIENT <= PGTOL,0.08190706400000636,16749,-0.6736872695265612,0.17152740462117141,S1,48,-0.5870220740218485,1.325153705370344,0.8230314812837164,offline,0.13389617617760355,4,127527,True,0.8816751355718391,0.6113798022270203
167482,0.18718206294324286,True,0.5206878022568512,0.8246462475371664,0.9200549286524569,0.964296375903039,0.06174231247135513,creilov,True,24,21,CONVERGENCE: NORM OF PROJECTED GRADIENT <= PGTOL,0.2937388649997956,16749,-0.4823474055808543,0.01992133858737835,S2,48,-0.7699334818260017,1.8814436691921437,0.8950465391258972,offline,0.11306848173307185,4,39718,True,0.9121822283137331,0.6275598406791687
167434,0.2576535164647218,True,0.550346392737697,0.8468705207835643,0.9328714763497372,0.9682274247491639,0.0620837526266625,creilov,True,14,11,CONVERGENCE: NORM OF PROJECTED GRADIENT <= PGTOL,0.08274836600003255,16744,-0.5793210605916531,0.0370789536550406,S0,96,-0.7596755109365843,1.048642935250419,0.9222901228196987,offline,0.11560690849726311,4,67403,True,0.9029589431497683,0.6003941893577576
167434,0.2583583376081275,True,0.5761466794075489,0.851887243191591,0.9281533683707597,0.9635093167701864,0.0639569874944268,creilov,True,11,10,CONVERGENCE: NORM OF PROJECTED GRADIENT <= PGTOL,0.058257204000256024,16744,-0.569489263337785,0.0424241519350215,S1,96,-0.7291439716167485,1.0739346055425485,0.9379431873885312,offline,0.11882126439103669,4,3303,True,0.9027581321357835,0.5954968929290771
167434,0.2841048718067934,True,0.6025441949354993,0.8723124701385571,0.9396201624462494,0.9650023889154324,0.053854120656779046,creilov,True,32,27,CONVERGENCE: NORM OF PROJECTED GRADIENT <= PGTOL,0.37476209299984475,16744,-0.7510195013523935,0.057369804108934525,S2,96,-0.9023788429854941,1.2760838611537921,0.9222901228196987,offline,0.1015647194584933,4,67403,True,0.9202460258666917,0.6423196196556091
167338,0.19177598077456276,True,0.5053782717820007,0.8024979084498626,0.9006214891836979,0.9505198996055934,0.05157670413594991,creilov,True,20,16,CONVERGENCE: NORM OF PROJECTED GRADIENT <= PGTOL,0.1091592060001858,16734,-1.054596828743315,0.0022543922552886175,S0,192,-0.9511016903275756,0.7993489663529411,0.9994935282374109,offline,0.09660875652949366,4,34874,True,0.9244422028413393,0.5939404964447021
167338,0.27287363613969595,True,0.5144018166606908,0.7980757738735509,0.8973945261144974,0.9465160750567706,0.055246935133476616,creilov,True,14,13,CONVERGENCE: NORM OF PROJECTED GRADIENT <= PGTOL,0.07774397000002864,16734,-0.6526143641370051,0.005603860403967986,S1,192,-0.8858729789406404,0.9022647125142409,0.9222901228196987,offline,0.10319288932243915,4,67307,True,0.9254006664675174,0.625552773475647
167338,0.2108040631006522,True,0.5732042548105654,0.850902354487869,0.9238078164216565,0.9569738257439943,0.045030384803344016,creilov,True,41,32,CONVERGENCE: NORM OF PROJECTED GRADIENT <= PGTOL,0.47661500300000625,16734,-1.2757874654871577,0.038722062866021284,S2,192,-1.072811894181958,0.8161093817997839,0.9219341364868541,offline,0.08579790590999774,4,49903,True,0.9389179372317537,0.6229233741760254
167482,0.25645334797069674,True,0.8372440145680339,0.9725356737715685,0.9835214042629411,0.9866260672278943,0.08185021433576899,creilov,True,14,9,CONVERGENCE: NORM OF PROJECTED GRADIENT <= PGTOL,1.8356087590000243,16749,-0.5008828175093052,0.15748178995760942,S0,48,-0.45577321645052016,1.1152191070747923,1.643903784415981,offline,0.1459982598596337,5,70552,True,0.8242885596826025,0.5834975242614746
167482,0.25812867261443107,True,0.723267060720043,0.9516389038151531,0.979700280613768,0.9862678368857842,0.08098761938445799,creilov,True,10,9,CONVERGENCE: NORM OF PROJECTED GRADIENT <= PGTOL,0.06602240599977449,16749,-0.5031280282997095,0.12271852050868709,S1,48,-0.4897216631723121,1.1397208653597861,1.7210168887864776,offline,0.1455688745345168,5,157408,True,0.830390852707448,0.58516925573349
167482,0.2717194403246176,True,0.758791569645949,0.9540868111529046,0.9792823452146396,0.9857304913726193,0.07532022644162432,creilov,True,23,21,CONVERGENCE: NORM OF PROJECTED GRADIENT <= PGTOL,0.26310707199991157,16749,-0.570741718572451,0.1319728043465281,S2,48,-0.5504163884255681,1.75537820497937,1.7037302971815822,offline,0.13506963953299955,5,68219,True,0.8659539992604692,0.6200370192527771
167434,0.2922982656145898,True,0.722348303870043,0.9353798375537506,0.9703774486383182,0.9801720019111323,0.06474729229459923,creilov,True,16,12,CONVERGENCE: NORM OF PROJECTED GRADIENT <= PGTOL,0.09690830800036565,16744,-0.6707699358658944,0.11456939799331103,S0,96,-0.7168130231444932,0.9250722632987562,2.3171892024195513,offline,0.11978748275342953,5,89497,True,0.8933659847797151,0.6287028193473816
167434,0.28164678408259214,True,0.6321070234113713,0.894708552317248,0.9519230769230769,0.9744386048733875,0.06686199886014775,creilov,True,11,10,CONVERGENCE: NORM OF PROJECTED GRADIENT <= PGTOL,0.059916670999882626,16744,-0.5690191101448844,0.0757943143812709,S1,96,-0.688592693529837,0.9688843741104859,1.643903784415981,offline,0.12229334783296841,5,70504,True,0.8946532891980328,0.6052317023277283
167434,0.31395878954873135,True,0.6960702341137124,0.9210463449593884,0.9586120401337793,0.972706641184902,0.055266070405742246,creilov,True,38,33,CONVERGENCE: RELATIVE REDUCTION OF F <= FACTR*EPSMCH,0.4487295939998148,16744,-0.8214807444478737,0.09960881509794553,S2,96,-0.8755397491736471,1.182120700658018,0.9639125550461815,offline,0.10377394713203539,5,117685,True,0.9233128086094367,0.6802436709403992
167338,0.33480991785216657,True,0.6283614198637505,0.8961993546073862,0.9562567228397275,0.9753794669535079,0.05216581487117922,creilov,True,14,9,CONVERGENCE: NORM OF PROJECTED GRADIENT <= PGTOL,0.07992858599982355,16734,-0.7780309762424573,0.07654924106609301,S0,192,-0.9366768905464867,0.7378899679552493,1.8272831600089752,offline,0.09750911560894639,5,103328,True,0.9255686167433457,0.6407911777496338
167338,0.32243191590891007,True,0.526831600334648,0.8207242739333094,0.9136488586112107,0.9545834827297717,0.05785475079711397,creilov,True,13,12,CONVERGENCE: NORM OF PROJECTED GRADIENT <= PGTOL,0.07142893999980515,16734,-0.5896027253370253,0.016447053902234943,S1,192,-0.8362806723348094,0.7842678311285859,1.4318326134303845,offline,0.10721320480882261,5,131851,True,0.916607165919252,0.6185610294342041
167338,0.34714837367623363,True,0.655252778773754,0.9005019720329868,0.9493247280984821,0.967551093581929,0.043019993407837964,creilov,True,44,38,CONVERGENCE: RELATIVE REDUCTION OF F <= FACTR*EPSMCH,0.5513588880003226,16734,-0.9337177523882241,0.08065764312178797,S2,192,-1.122135333811428,0.7998469774592053,1.3675830850786945,offline,0.08222175104185811,5,164626,True,0.945212628928199,0.6703717112541199
167482,0.635928004568426,True,0.6216490536748462,0.9275180607797481,0.9765359125917965,0.9857901964296376,0.07507714506830591,creilov,True,18,16,CONVERGENCE: NORM OF PROJECTED GRADIENT <= PGTOL,1.8498328069999843,16749,-0.35556081907145537,0.0903733058690071,S0,48,-0.5223797719832971,1.2342589387078855,0.9973643241261708,offline,0.13152066780775545,6,51132,True,0.8721660530405496,0.5818854570388794
167482,0.637208443052104,True,0.6896531136187235,0.9356379485342409,0.9756403367365216,0.9848349155173444,0.0747772218470966,creilov,True,12,11,CONVERGENCE: NORM OF PROJECTED GRADIENT <= PGTOL,0.0795625089999703,16749,-0.4512067965833452,0.10894157860170758,S1,48,-0.545873524307407,1.2679859010168202,0.9973643241261708,offline,0.1328272949805934,6,51132,True,0.8761907724620948,0.5844528079032898
167482,0.6312129670662153,True,0.23201385157322826,0.6645769896710252,0.8336617111469341,0.9179652516568153,0.07641549410538204,creilov,True,19,17,CONVERGENCE: NORM OF PROJECTED GRADIENT <= PGTOL,0.22406044699982886,16749,0.02969247128516336,0.12544554898799928,S2,48,-0.5507533771393288,1.8484119085703787,0.9973643241261708,offline,0.13865693954355343,6,51132,True,0.8814996880208167,0.5760940909385681
167434,0.3857586648790461,True,0.33868848542761587,0.6844242713807931,0.8406593406593407,0.9225394171046345,0.06229499944768516,creilov,True,16,12,CONVERGENCE: NORM OF PROJECTED GRADIENT <= PGTOL,0.09277365299976736,16744,-0.19076537939758834,0.09092212135690397,S0,96,-0.7529932875297912,0.9405461975118017,0.774614841103746,offline,0.1148644083695302,6,88298,True,0.91907912950588,0.6207596659660339
167434,0.38433254985843485,True,0.29580745341614906,0.6226708074534162,0.7751433349259437,0.8697443860487338,0.06261828123741164,creilov,True,12,10,CONVERGENCE: NORM OF PROJECTED GRADIENT <= PGTOL,0.06377573300005679,16744,-0.04872971589521241,0.14665850453893933,S1,96,-0.754048549095766,0.9602408483174472,0.8981216024947273,offline,0.11592902607448881,6,41229,True,0.9280869935185337,0.6188485622406006
167434,0.3938789879052556,True,0.3438246536072623,0.6835284280936454,0.8426301958910655,0.922360248447205,0.05435322824818243,creilov,True,31,24,CONVERGENCE: NORM OF PROJECTED GRADIENT <= PGTOL,0.35630860900027983,16744,-0.35531216861629833,0.08941411849020546,S2,96,-0.8930098317663678,1.1766422858900931,0.774614841103746,offline,0.10157930395762525,6,88298,True,0.9304610511281131,0.6361681818962097
167338,0.23232718020215956,True,0.6078044699414366,0.9046253137325206,0.9677901278833513,0.9890044221345763,0.0525211299221345,creilov,True,22,16,CONVERGENCE: NORM OF PROJECTED GRADIENT <= PGTOL,0.11868000399999801,16734,-1.0126607329215587,0.07980608342297119,S0,192,-0.9360713763432124,0.8452756239287589,0.9812625039957242,offline,0.09713485344403062,6,70283,True,0.917731300652385,0.601290762424469
167338,0.23838462584576414,True,0.4959364168758217,0.8160033464802199,0.9227919206406119,0.9710170909525517,0.054078468562567435,creilov,True,14,13,CONVERGENCE: NORM OF PROJECTED GRADIENT <= PGTOL,0.07668317300021954,16734,-0.8479058870586842,0.015968985299390448,S1,192,-0.9035245267383163,0.8738089260513111,0.7316103654214551,offline,0.09961890146609109,6,143414,True,0.929142253123215,0.6124656200408936
167338,0.2464818851419822,True,0.5986016493366798,0.8494681486793355,0.9264969523126568,0.9630692004302618,0.04429788022522901,creilov,True,39,32,CONVERGENCE: NORM OF PROJECTED GRADIENT <= PGTOL,0.4507252769999468,16734,-1.224960734703934,0.04690898768973348,S2,192,-1.1105767413236707,0.7945808286816669,1.0903683049812198,offline,0.08499088319243676,6,129954,True,0.9390544518339248,0.6309908032417297
167482,0.1817965112229345,True,0.6396202758373635,0.9008896053495731,0.9573108842318945,0.9785658845304197,0.07169828335100369,creilov,True,23,18,CONVERGENCE: NORM OF PROJECTED GRADIENT <= PGTOL,1.8786418980002964,16749,-0.5341613388364556,0.08159666248731268,S0,48,-0.6151274105902899,1.1769963451855394,0.9122973541964087,offline,0.13004526895745147,7,21479,True,0.8669748043339862,0.5627201795578003
167482,0.19833755596853075,True,0.6592035345393755,0.907576571735626,0.9619678786793241,0.9789838199295481,0.06956886147079167,creilov,True,11,10,CONVERGENCE: NORM OF PROJECTED GRADIENT <= PGTOL,0.07283181299999342,16749,-0.5644006849694696,0.08943295122096842,S1,48,-0.6453686968632564,1.2261986546842039,0.8849931041473657,offline,0.1267571530860945,7,27031,True,0.8807003589652528,0.5960952639579773
167482,0.1892319804695897,True,0.4252791211415607,0.7316854737596274,0.8505582422831214,0.9172487909725954,0.06590079453968838,creilov,True,24,20,CONVERGENCE: NORM OF PROJECTED GRADIENT <= PGTOL,0.2934782229999655,16749,-0.4106409533489009,0.05630709296077378,S2,48,-0.717316851582963,1.7545557635777471,0.7137811592203263,offline,0.12076786931016552,7,31601,True,0.896994690100677,0.5788405537605286
167434,0.3125390758321357,True,0.6053511705685619,0.8606665074056379,0.932931199235547,0.964763497372193,0.060083196150837674,creilov,True,12,9,CONVERGENCE: NORM OF PROJECTED GRADIENT <= PGTOL,0.07440790200007541,16744,-0.5913441232999186,0.05342809364548495,S0,96,-0.7877007614936898,0.9683382062963065,0.9663824265104064,offline,0.1116895920595117,7,3155,True,0.9103047816627318,0.617415189743042
167434,0.31026317594054087,True,0.5192904921165791,0.8014214046822743,0.8991877687529861,0.9442785475394171,0.06160870257355931,creilov,True,10,9,CONVERGENCE: NORM OF PROJECTED GRADIENT <= PGTOL,0.05512708100013697,16744,-0.5031060004841427,0.006811395126612524,S1,96,-0.7670023366452163,0.9722407757668844,0.9663824265104064,offline,0.11470048458464356,7,3155,True,0.9073886705142375,0.6146679520606995
167434,0.3182448153731202,True,0.6128165312947922,0.8665790731008123,0.9335284280936454,0.9652412804586717,0.05408800355830486,creilov,True,29,24,CONVERGENCE: NORM OF PROJECTED GRADIENT <= PGTOL,0.35320179600012125,16744,-0.762814158227661,0.05704132823698041,S2,96,-0.9033893991126754,1.202648286822299,0.9049403814259671,offline,0.10140017763291292,7,98049,True,0.9232308894202071,0.6276277899742126
167338,0.21713330055829305,True,0.4545834827297717,0.7392733357236764,0.8519780088442691,0.9158599258993666,0.052691753674456575,creilov,True,18,12,CONVERGENCE: NORM OF PROJECTED GRADIENT <= PGTOL,0.10114465800006656,16734,-0.5105627050373737,0.047076311700729054,S0,192,-0.9211375733004631,0.7342641720819483,1.1984691875502467,offline,0.09994870489421769,7,7094,True,0.9262029727431172,0.6354727149009705
167338,0.21275922351642731,True,0.39362973586709693,0.660332257678977,0.7814628899247041,0.8596271064897812,0.05597541810595076,creilov,True,11,10,CONVERGENCE: NORM OF PROJECTED GRADIENT <= PGTOL,0.0611308999996254,16734,-0.3036476217092746,0.11373700250986019,S1,192,-0.853496137875662,0.7384250910598086,1.1984691875502467,offline,0.10555456524609358,7,7094,True,0.9257257282108716,0.6278833746910095
167338,0.22826901309303121,True,0.5516314091072069,0.8403250866499342,0.9176526831600335,0.9536273455240827,0.04640131885087906,creilov,True,38,34,CONVERGENCE: NORM OF PROJECTED GRADIENT <= PGTOL,0.4478135479998855,16734,-0.839724869675666,0.0283091311103143,S2,192,-1.052260569677826,0.8062667158230925,1.4806551214715253,offline,0.08882426624043925,7,58450,True,0.9369965319380538,0.6554320454597473
167482,0.5430717603724476,True,0.8619022031166039,0.9856110812585827,0.9893724998507374,0.9905666009911039,0.08591278482796069,creilov,True,18,15,CONVERGENCE: NORM OF PROJECTED GRADIENT <= PGTOL,1.9004323750000367,16749,-0.5437222914670152,0.16936309630425697,S0,48,-0.4296137057360745,1.321585182163617,0.7634678240994831,offline,0.15321911871445773,8,51614,True,0.8097637825671187,0.5359722971916199
167482,0.510082933925132,True,0.8075108961729058,0.9860887217147293,0.9895516150217923,0.9907457161621589,0.09033446676549178,creilov,True,12,11,CONVERGENCE: NORM OF PROJECTED GRADIENT <= PGTOL,0.07662623900023391,16749,-0.5297147052199918,0.15597423726789658,S1,48,-0.39431972528498016,1.3585659361462012,1.0140358932927136,offline,0.16127896045306112,8,44785,True,0.8020556739096325,0.5042092204093933
167482,0.5573985510615128,True,0.7820765418830975,0.9694310108066153,0.9856707863156009,0.9891336796226641,0.07528504823061274,creilov,True,23,21,CONVERGENCE: NORM OF PROJECTED GRADIENT <= PGTOL,0.2811747299997478,16749,-0.538239866997737,0.14407800465699444,S2,48,-0.5470596344699299,1.9675016179060383,0.7634678240994831,offline,0.13395043808285292,8,51614,True,0.8514760843036622,0.5534659028053284
167434,0.2731150614202797,True,0.5637243191591018,0.849617773530817,0.9344242713807931,0.96972049689441,0.06857264701766752,creilov,True,15,12,CONVERGENCE: NORM OF PROJECTED GRADIENT <= PGTOL,0.09112546599999405,16744,-0.5783932423682485,0.04187171524128047,S0,96,-0.6697933210320932,1.039559888158398,0.9108935617228532,offline,0.12594180840826263,8,48175,True,0.8803482268290738,0.5787147879600525
167434,0.2846776080000993,True,0.5811036789297659,0.8598901098901099,0.9358576206402294,0.9664954610606784,0.0667359882693142,creilov,True,11,10,CONVERGENCE: NORM OF PROJECTED GRADIENT <= PGTOL,0.059599387999696773,16744,-0.5317339351330721,0.0483367176301959,S1,96,-0.6902698487137514,1.0873932150927914,0.9103173093989403,offline,0.1228116331154342,8,51566,True,0.8976971925171311,0.5981246829032898
167434,0.2794955787530452,True,0.542044911610129,0.8355231724796942,0.9298256091734353,0.968167701863354,0.061966917483772,creilov,True,33,29,CONVERGENCE: NORM OF PROJECTED GRADIENT <= PGTOL,0.3907267409999804,16744,-0.618069102887067,0.031390348781653116,S2,96,-0.7716452605051265,1.3315660575483572,0.7856023403872782,offline,0.11417242018475791,8,78230,True,0.9008099349600672,0.589106559753418
167338,0.3610191081924663,True,0.569140671686387,0.8722361658898052,0.9484283494681487,0.9733476753914186,0.054062982630943085,creilov,True,15,10,CONVERGENCE: NORM OF PROJECTED GRADIENT <= PGTOL,0.08571158999984618,16734,-0.6866824897639963,0.0532882156089399,S0,192,-0.8932041856861862,0.7848831012538484,0.9927210421845989,offline,0.10036999043861031,8,105228,True,0.9254615261709191,0.6462889909744263
167338,0.34528012732880314,True,0.49551810684833275,0.7773993068005258,0.8848452252898291,0.939763356041592,0.05898950548780307,creilov,True,12,11,CONVERGENCE: NORM OF PROJECTED GRADIENT <= PGTOL,0.0682911150001928,16734,-0.4947584332329826,0.013118501254930082,S1,192,-0.8165642007108187,0.8145796326431323,0.8711494037900039,offline,0.10915881107430038,8,144765,True,0.9195532258176127,0.6185012459754944
167338,0.36159233279309855,True,0.6797537946695351,0.9251822636548345,0.9650412334169953,0.9789649814748417,0.044988690331105946,creilov,True,42,35,CONVERGENCE: NORM OF PROJECTED GRADIENT <= PGTOL,0.49297056499972314,16734,-0.9684407649409147,0.09973556830405164,S2,192,-1.0697497201229265,0.8655554310429843,1.2228042597037232,offline,0.08497693089877421,8,113624,True,0.941669699019166,0.6661288142204285
167482,0.36742138862999685,True,0.8702012060421518,0.9805361514120245,0.9851334408024359,0.9878201683682608,0.07347574700997926,creilov,True,21,17,CONVERGENCE: NORM OF PROJECTED GRADIENT <= PGTOL,1.896293978000358,16749,-0.6121112320443317,0.16842274165621826,S0,48,-0.5706558696355299,1.3078083952438242,0.8849080583779588,offline,0.13242904916957388,9,161325,True,0.8655893426607755,0.5695265531539917
167482,0.35308868372055635,True,0.8535434951340378,0.9755806316795033,0.983342289091886,0.9860887217147293,0.07641577846517726,creilov,True,12,11,CONVERGENCE: NORM OF PROJECTED GRADIENT <= PGTOL,0.07804781300001196,16749,-0.6406315260267725,0.1621387844050391,S1,48,-0.5512942339480106,1.3387202650573102,1.0393290569883578,offline,0.1390690037709634,9,156070,True,0.8491904957436933,0.5519732236862183
167482,0.38794027031508227,True,0.6162158934861783,0.9253686787270882,0.9721177383724402,0.9832228789778494,0.07078623827642734,creilov,True,24,19,CONVERGENCE: NORM OF PROJECTED GRADIENT <= PGTOL,0.2815953460003584,16749,-0.5631096823567254,0.08673129739088903,S2,48,-0.636460799522571,1.9093788086263772,1.127245410855695,offline,0.1295715980607744,9,68847,True,0.8646767713325887,0.5980655550956726
167434,0.29552929876609435,True,0.515527950310559,0.8253105590062112,0.9259436215957955,0.9653607262302915,0.06064071674308902,creilov,True,13,10,CONVERGENCE: NORM OF PROJECTED GRADIENT <= PGTOL,0.08088690299973678,16744,-0.49673524355383347,0.02053571428571427,S0,96,-0.7788695034749844,1.034381229363234,0.8845863709998755,offline,0.1119508569980138,9,76882,True,0.9082551531693347,0.59233158826828
167434,0.29028585247012517,True,0.5312350692785476,0.8495580506450071,0.9391423793597706,0.9714524605828954,0.06406093370114892,creilov,True,11,10,CONVERGENCE: NORM OF PROJECTED GRADIENT <= PGTOL,0.05991801200070768,16744,-0.5305215503852592,0.035346989966555165,S1,96,-0.7302595851343421,1.048240767676765,1.235064586923067,offline,0.1180757241019929,9,41822,True,0.9023716823265088,0.5840898156166077
167434,0.31368586221521744,True,0.5487935977066412,0.8650860009555662,0.9478021978021978,0.9748566650740563,0.0562445247560233,creilov,True,31,26,CONVERGENCE: NORM OF PROJECTED GRADIENT <= PGTOL,0.38061293800001295,16744,-0.6662776951969211,0.04663461538461536,S2,96,-0.86001938361159,1.2871978011808696,0.8845863709998755,offline,0.10515183437796732,9,76882,True,0.9138742574840264,0.6193860769271851
167338,0.20981452707462656,True,0.4991036213696666,0.7971196366678618,0.8968566989362974,0.945500179275726,0.054483965043988884,creilov,True,19,13,CONVERGENCE: NORM OF PROJECTED GRADIENT <= PGTOL,0.10989636600061203,16734,-0.6631736759319444,0.0028549659376120584,S0,192,-0.890558432880439,0.7391735994227207,0.7584863143842182,offline,0.10271846311265072,9,143497,True,0.9112314355217884,0.6251941919326782
167338,0.2057957389603235,True,0.4972511055336441,0.7763236524441257,0.8850245010158958,0.9410780446994144,0.05667132823259678,creilov,True,13,12,CONVERGENCE: NORM OF PROJECTED GRADIENT <= PGTOL,0.07283395099966583,16734,-0.559810971859638,0.012580674076730011,S1,192,-0.8559443981607577,0.8221671733613,0.9402000150388892,offline,0.10638394275877606,9,46596,True,0.9186276628858145,0.621787965297699
167338,0.22619171841671457,True,0.5914903788693677,0.860762519421537,0.9286482610254572,0.9584677901278833,0.04581947435279785,creilov,True,47,37,CONVERGENCE: NORM OF PROJECTED GRADIENT <= PGTOL,0.5584162880004442,16734,-0.8655834470478657,0.0473422373610613,S2,192,-1.0729490189804138,0.8142403776687515,1.0451044861540353,offline,0.08797419198588201,9,124311,True,0.9344887073295822,0.6597944498062134
