phase,source_role,source_seed,schedule_id,grid_size,checkpoint,action_index,autocorrelation_ess,challenger_index,mcse,mean,observable,observable_type,required_for_strict_gate,split_rhat,standard_deviation,pooled_top_ten_member,absolute_estimate_over_mcse
CALIBRATION,calibration,2026082401,S1,24,early,203,16860.53318566817,,0.002170995647897742,0.24059906240472118,utility_action_203,TOP_ACTION_UTILITY,False,1.0002436203888505,0.28189969436357243,False,110.8242951282295
CALIBRATION,calibration,2026082401,S1,24,early,227,16526.13817251048,203.0,0.0033116622214357,0.18699726650030726,gap_227_vs_203,LEADER_CHALLENGER_GAP,False,1.0005789440119905,0.4257275186814276,True,56.46628611152215
CALIBRATION,calibration,2026082401,S1,24,early,204,14785.709253710196,,0.0023618774631099437,0.24781607392397723,utility_action_204,TOP_ACTION_UTILITY,True,1.0003099249128617,0.28719603723048615,True,104.92334077216331
CALIBRATION,calibration,2026082401,S1,24,early,227,16196.629688235116,204.0,0.0035119987153619785,0.1797802549810512,gap_227_vs_204,LEADER_CHALLENGER_GAP,True,1.0003569549312594,0.44695795858490556,True,51.19029633885314
CALIBRATION,calibration,2026082401,S1,24,early,227,17936.338175186775,,0.0025915984248253707,0.42759632890502847,utility_action_227,TOP_ACTION_UTILITY,True,1.0004879268320386,0.34708400418427177,True,164.9932816786
CALIBRATION,calibration,2026082401,S1,24,early,228,19140.18177175702,,0.002524309783942267,0.41944917557339734,utility_action_228,TOP_ACTION_UTILITY,True,1.0001898363538553,0.34923332555733044,True,166.1639067604194
CALIBRATION,calibration,2026082401,S1,24,early,227,19139.593677317862,228.0,0.003345047439629603,0.008147153331631105,gap_227_vs_228,LEADER_CHALLENGER_GAP,True,1.000274911258446,0.46277366664790504,True,2.435586782749257
CALIBRATION,calibration,2026082401,S1,24,early,251,17751.669256315363,,0.002106257903244978,0.23790071211377728,utility_action_251,TOP_ACTION_UTILITY,False,1.00022518865994,0.2806280940320076,False,112.94946917338979
CALIBRATION,calibration,2026082401,S1,24,early,227,18119.26834974278,251.0,0.0031413622350433827,0.18969561679125113,gap_227_vs_251,LEADER_CHALLENGER_GAP,False,1.000366756226102,0.42285195898239686,True,60.386419202187746
CALIBRATION,calibration,2026082401,S1,24,early,252,17420.511888627905,,0.0021727697075246697,0.2464141226888053,utility_action_252,TOP_ACTION_UTILITY,False,1.0001993842566976,0.28677689214300284,True,113.41014274795504
CALIBRATION,calibration,2026082401,S1,24,early,227,18035.651309417502,252.0,0.0033031029437426114,0.1811822062162231,gap_227_vs_252,LEADER_CHALLENGER_GAP,False,1.0002588911671668,0.44359641144464407,True,54.85212217180641
CALIBRATION,calibration,2026082401,S1,24,early,323,17983.64033500697,,0.0021226663121255043,0.2504381722414937,utility_action_323,TOP_ACTION_UTILITY,True,1.000102640506131,0.2846561240585727,True,117.98282698080824
CALIBRATION,calibration,2026082401,S1,24,early,227,17098.514965740444,323.0,0.0034555274134669763,0.1771581566635348,gap_227_vs_323,LEADER_CHALLENGER_GAP,True,1.0002693926632116,0.45184922225859586,True,51.26805128881605
CALIBRATION,calibration,2026082401,S1,24,early,324,15754.962876891424,,0.0022647393134457116,0.2432160979268217,utility_action_324,TOP_ACTION_UTILITY,False,1.0002239931665367,0.2842673043125509,True,107.39253585737335
CALIBRATION,calibration,2026082401,S1,24,early,227,18187.75690283354,324.0,0.0033285358052598003,0.18438023097820672,gap_227_vs_324,LEADER_CHALLENGER_GAP,False,1.0002831277911577,0.4488929693458278,True,55.3937952798484
CALIBRATION,calibration,2026082401,S1,24,early,347,18804.246863964414,,0.002536344473474422,0.42376849435850705,utility_action_347,TOP_ACTION_UTILITY,True,1.0004287800527871,0.34780531059266134,True,167.07844647695117
CALIBRATION,calibration,2026082401,S1,24,early,227,17773.318374177805,347.0,0.00369904663794687,0.003827834546521352,gap_227_vs_347,LEADER_CHALLENGER_GAP,True,1.0002939865517833,0.4931443562311726,True,1.034816513869629
CALIBRATION,calibration,2026082401,S1,24,early,348,17800.205518743587,,0.002596600852855941,0.42065162080119545,utility_action_348,TOP_ACTION_UTILITY,True,1.0002005911804515,0.3464317628069783,True,162.0008790871845
CALIBRATION,calibration,2026082401,S1,24,early,227,18286.828234870016,348.0,0.003642774072409504,0.00694470810383303,gap_227_vs_348,LEADER_CHALLENGER_GAP,True,1.0003365663915147,0.49260796493991543,True,1.9064339335322738
CALIBRATION,calibration,2026082401,S1,24,early,371,16670.888315881264,,0.002232868285022317,0.25746473260513486,utility_action_371,TOP_ACTION_UTILITY,True,1.0001667465585515,0.2882985619991016,True,115.3067264791938
CALIBRATION,calibration,2026082401,S1,24,early,227,17139.618665743266,371.0,0.003432267297857944,0.17013159629989355,gap_227_vs_371,LEADER_CHALLENGER_GAP,True,1.0004197115221665,0.44934682774791745,True,49.5682828683161
CALIBRATION,calibration,2026082401,S1,24,early,372,16605.208999463648,,0.0022031945344161675,0.24465029236925995,utility_action_372,TOP_ACTION_UTILITY,False,1.0002473243834962,0.2839062926840382,True,111.0434364953119
CALIBRATION,calibration,2026082401,S1,24,early,227,18325.044917725812,372.0,0.003322998508150245,0.18294603653576846,gap_227_vs_372,LEADER_CHALLENGER_GAP,False,1.0004583436436634,0.44983440645595174,True,55.05450456479615
CALIBRATION,calibration,2026082401,S1,24,middle,203,13519.644680298457,,0.001179540495566638,0.054160427754476534,utility_action_203,TOP_ACTION_UTILITY,True,1.0006672204263332,0.1371498997189103,True,45.91654797613241
CALIBRATION,calibration,2026082401,S1,24,middle,371,13232.255022999692,203.0,0.0017163725740491213,0.0033362043818907436,gap_371_vs_203,LEADER_CHALLENGER_GAP,True,1.0005391144879603,0.19743697912513986,True,1.9437530244498442
CALIBRATION,calibration,2026082401,S1,24,middle,204,12722.745578878492,,0.0012196763192584925,0.05426227843232019,utility_action_204,TOP_ACTION_UTILITY,True,1.0007427876146202,0.1375735718432535,True,44.48908089427298
CALIBRATION,calibration,2026082401,S1,24,middle,371,12104.418812233995,204.0,0.0017911762858065648,0.003234353704047092,gap_371_vs_204,LEADER_CHALLENGER_GAP,True,1.0005115443644055,0.1970653648442072,True,1.8057148979005524
CALIBRATION,calibration,2026082401,S1,24,middle,226,14107.288470992891,,0.0007512406195326559,0.0245942354830692,utility_action_226,TOP_ACTION_UTILITY,False,1.000284050206204,0.08922793365547346,True,32.738159843339126
CALIBRATION,calibration,2026082401,S1,24,middle,371,12864.246954179289,226.0,0.001478268850476859,0.03290239665329808,gap_371_vs_226,LEADER_CHALLENGER_GAP,False,1.0002200398066354,0.16766623414832207,True,22.257383454088508
CALIBRATION,calibration,2026082401,S1,24,middle,229,13814.37432047455,,0.0007500102424027457,0.024022616168345924,utility_action_229,TOP_ACTION_UTILITY,False,1.00037377118785,0.08815212870540542,True,32.02971747610627
CALIBRATION,calibration,2026082401,S1,24,middle,371,12755.34783721558,229.0,0.0014841659248190384,0.03347401596802135,gap_371_vs_229,LEADER_CHALLENGER_GAP,False,1.0001572405473624,0.16762107032944,True,22.554092779149865
CALIBRATION,calibration,2026082401,S1,24,middle,251,13281.47859362176,,0.0011700291753402208,0.05278297299590599,utility_action_251,TOP_ACTION_UTILITY,True,1.0007910515482417,0.13484036038438374,True,45.11252719878354
CALIBRATION,calibration,2026082401,S1,24,middle,371,12865.500330011297,251.0,0.0017411296960166895,0.004713659140461292,gap_371_vs_251,LEADER_CHALLENGER_GAP,True,1.0002249298951538,0.19748970581232073,True,2.7072418276737666
CALIBRATION,calibration,2026082401,S1,24,middle,252,13047.106212898272,,0.0012003790564850245,0.053719184174377876,utility_action_252,TOP_ACTION_UTILITY,True,1.0001676389639997,0.1371120134698688,True,44.75185057933245
CALIBRATION,calibration,2026082401,S1,24,middle,371,12731.832892634138,252.0,0.0017345193513967263,0.003777447961989403,gap_371_vs_252,LEADER_CHALLENGER_GAP,True,1.000247072935733,0.195715226323269,True,2.177806756060463
CALIBRATION,calibration,2026082401,S1,24,middle,323,13814.332808331,,0.0011471463183914381,0.053096606018757375,utility_action_323,TOP_ACTION_UTILITY,True,1.0003739575016422,0.1348291426540978,True,46.285818267028894
CALIBRATION,calibration,2026082401,S1,24,middle,371,12646.051467255338,323.0,0.0017461700330602408,0.00440002611760991,gap_371_vs_323,LEADER_CHALLENGER_GAP,True,1.0004308823796064,0.19636496444706747,True,2.5198153869922213
CALIBRATION,calibration,2026082401,S1,24,middle,324,13704.051637785555,,0.001135833932151088,0.052325381586307555,utility_action_324,TOP_ACTION_UTILITY,True,1.0007998857784104,0.13296561050622477,True,46.06780983132951
CALIBRATION,calibration,2026082401,S1,24,middle,371,13311.2922779096,324.0,0.001684333086546787,0.005171250550059724,gap_371_vs_324,LEADER_CHALLENGER_GAP,True,1.000357579160555,0.19432921198573408,True,3.070206594742968
CALIBRATION,calibration,2026082401,S1,24,middle,349,13733.226823970881,,0.0007512523570969423,0.023347597502007277,utility_action_349,TOP_ACTION_UTILITY,False,1.0007996585827112,0.08803840062023263,False,31.078235271339697
CALIBRATION,calibration,2026082401,S1,24,middle,371,13161.855032713223,349.0,0.0014473096061489617,0.034149034634360004,gap_371_vs_349,LEADER_CHALLENGER_GAP,False,1.0002637184303367,0.16604278006137368,True,23.594837268595644
CALIBRATION,calibration,2026082401,S1,24,middle,371,12410.539761172435,,0.0012739153517066317,0.057496632136367284,utility_action_371,TOP_ACTION_UTILITY,True,1.0001649980674687,0.14191748507254295,True,45.13379327703408
CALIBRATION,calibration,2026082401,S1,24,middle,372,13838.846891026282,,0.0011376261629450558,0.051441872841985356,utility_action_372,TOP_ACTION_UTILITY,True,1.0001273711303662,0.13382878143690918,True,45.21860916842316
CALIBRATION,calibration,2026082401,S1,24,middle,371,13280.642838231157,372.0,0.0016443152870484683,0.0060547592943819275,gap_371_vs_372,LEADER_CHALLENGER_GAP,True,1.0001086233939185,0.18949364206769378,True,3.682237428595685
CALIBRATION,calibration,2026082401,S1,24,late,226,13852.919808007713,,0.0007415491320655094,0.023483487917340624,utility_action_226,TOP_ACTION_UTILITY,True,1.0005747956581725,0.08727916667000457,True,31.66814834228147
CALIBRATION,calibration,2026082401,S1,24,late,371,14378.454219265264,226.0,0.0013594724937412552,0.03165462581489309,gap_371_vs_226,LEADER_CHALLENGER_GAP,True,1.0009646677826693,0.16301460816151783,True,23.284491566121993
CALIBRATION,calibration,2026082401,S1,24,late,227,13768.016539906292,,0.0002467817386711419,0.019581082107040196,utility_action_227,TOP_ACTION_UTILITY,False,1.0007481766641473,0.02895667616154632,True,79.34574986171764
CALIBRATION,calibration,2026082401,S1,24,late,371,12912.419813897697,227.0,0.0012368041477441609,0.03555703162519351,gap_371_vs_227,LEADER_CHALLENGER_GAP,False,1.00102125956995,0.14054155415828457,True,28.74912061869044
CALIBRATION,calibration,2026082401,S1,24,late,229,12351.145034968471,,0.0008108266537443717,0.02486796662442821,utility_action_229,TOP_ACTION_UTILITY,True,1.0004961006535489,0.09011179219473713,True,30.669892892135117
CALIBRATION,calibration,2026082401,S1,24,late,371,12945.734123587461,229.0,0.0014515955633612198,0.0302701471078055,gap_371_vs_229,LEADER_CHALLENGER_GAP,True,1.0010909775212873,0.16516155907363242,True,20.853017101894363
CALIBRATION,calibration,2026082401,S1,24,late,250,13756.94385581114,,0.0005340942273941403,0.012530252007241277,utility_action_250,TOP_ACTION_UTILITY,False,1.0004033562036794,0.06264391137508693,True,23.46075161376805
CALIBRATION,calibration,2026082401,S1,24,late,371,13466.113943777364,250.0,0.001309387628175518,0.04260786172499244,gap_371_vs_250,LEADER_CHALLENGER_GAP,False,1.000701389096649,0.15194603635678086,True,32.540296554017104
CALIBRATION,calibration,2026082401,S1,24,late,251,13560.583467645904,,0.0011297274683266937,0.050957641749436865,utility_action_251,TOP_ACTION_UTILITY,True,1.0002876686616955,0.13155667136641697,True,45.10613681449496
CALIBRATION,calibration,2026082401,S1,24,late,371,13350.776960628373,251.0,0.0016467848848379537,0.004180471982796848,gap_371_vs_251,LEADER_CHALLENGER_GAP,True,1.0007317439667969,0.19027868545874665,True,2.538565917920854
CALIBRATION,calibration,2026082401,S1,24,late,322,13434.582948072075,,0.000532388260115748,0.012359669813330398,utility_action_322,TOP_ACTION_UTILITY,False,1.0007240393469308,0.061707871243860596,False,23.215519084968644
CALIBRATION,calibration,2026082401,S1,24,late,371,13080.743940188699,322.0,0.0013275631818234755,0.042778443918903314,gap_371_vs_322,LEADER_CHALLENGER_GAP,False,1.0008039983410573,0.15183483487235594,True,32.22328285735143
CALIBRATION,calibration,2026082401,S1,24,late,324,12584.245388425881,,0.0011947995977393984,0.052078294281366476,utility_action_324,TOP_ACTION_UTILITY,True,1.0004515272805203,0.13403204899716592,True,43.587472225384396
CALIBRATION,calibration,2026082401,S1,24,late,371,12318.807803805686,324.0,0.0017289781123479141,0.0030598194508672425,gap_371_vs_324,LEADER_CHALLENGER_GAP,True,1.0007590739969878,0.19189949647130744,True,1.7697271174312759
CALIBRATION,calibration,2026082401,S1,24,late,346,15415.579136080107,,0.0006809735755206969,0.022138624337746493,utility_action_346,TOP_ACTION_UTILITY,False,1.0001149221563825,0.08454933233105885,True,32.51025463186072
CALIBRATION,calibration,2026082401,S1,24,late,371,13547.751800128768,346.0,0.0013934881067851866,0.032999489394487214,gap_371_vs_346,LEADER_CHALLENGER_GAP,False,1.0009049484201944,0.16219478345760505,True,23.681213520090886
CALIBRATION,calibration,2026082401,S1,24,late,349,14741.042411325938,,0.0006983445437238606,0.021984979285838036,utility_action_349,TOP_ACTION_UTILITY,True,1.000841687806574,0.08478789281644018,True,31.481565200760468
CALIBRATION,calibration,2026082401,S1,24,late,371,13544.808164186667,349.0,0.0013850892800187282,0.03315313444639567,gap_371_vs_349,LEADER_CHALLENGER_GAP,True,1.0011078684168528,0.16119968813966165,True,23.935738240604532
CALIBRATION,calibration,2026082401,S1,24,late,370,14802.064267761365,,0.0005036610254847431,0.011900780754644642,utility_action_370,TOP_ACTION_UTILITY,False,1.0003167205814993,0.06127728123139523,False,23.628552046866968
CALIBRATION,calibration,2026082401,S1,24,late,371,13249.80018990711,370.0,0.0012923356168971492,0.04323733297758907,gap_371_vs_370,LEADER_CHALLENGER_GAP,False,1.001077998039886,0.1487578792356488,True,33.45673709852579
CALIBRATION,calibration,2026082401,S1,24,late,371,13143.418853130841,,0.001204078434365876,0.055138113732233714,utility_action_371,TOP_ACTION_UTILITY,True,1.0010664328887895,0.13804127187895368,True,45.792792361796614
CALIBRATION,calibration,2026082401,S1,24,late,372,13975.675387671343,,0.0011024429208614259,0.04862893056291132,utility_action_372,TOP_ACTION_UTILITY,True,1.0004752115620106,0.13032943587576296,True,44.110157217857314
CALIBRATION,calibration,2026082401,S1,24,late,371,13751.63796956298,372.0,0.00158126069627914,0.006509183169322388,gap_371_vs_372,LEADER_CHALLENGER_GAP,True,1.0007584947454302,0.1854302959662343,True,4.116451629158385
CALIBRATION,calibration,2026082401,S1,24,late,373,12950.347166949537,,0.0005619102836813689,0.012471873648154004,utility_action_373,TOP_ACTION_UTILITY,False,1.0005656495394377,0.06394516109164275,False,22.19548922729127
CALIBRATION,calibration,2026082401,S1,24,late,371,13660.65421789526,373.0,0.0013088949681296673,0.04266624008407971,gap_371_vs_373,LEADER_CHALLENGER_GAP,False,1.001015653509689,0.15298207504017583,True,32.597145777897836
CALIBRATION,calibration,2026082401,S1,40,early,659,4989.8669475105835,,0.004072112679484144,0.2545817576521602,utility_action_659,TOP_ACTION_UTILITY,True,1.0016191869396716,0.28764992797743927,True,62.51834801496962
CALIBRATION,calibration,2026082401,S1,40,early,900,5572.715880783011,659.0,0.005954164617611499,0.1781807610132939,gap_900_vs_659,LEADER_CHALLENGER_GAP,True,1.0013196469317287,0.44448211276514676,True,29.925400531631713
CALIBRATION,calibration,2026082401,S1,40,early,660,6160.540488439547,,0.003538431134159754,0.23664723448583885,utility_action_660,TOP_ACTION_UTILITY,False,1.0007365807780673,0.2777283127671415,False,66.87914092809773
CALIBRATION,calibration,2026082401,S1,40,early,900,6303.299023915468,660.0,0.0055772136269471445,0.19611528417961516,gap_900_vs_660,LEADER_CHALLENGER_GAP,False,1.0007884497268007,0.44279349787849337,True,35.16366725349281
CALIBRATION,calibration,2026082401,S1,40,early,699,5755.045310006981,,0.004615985344438207,0.42419972447270904,utility_action_699,TOP_ACTION_UTILITY,True,1.0006791306269605,0.3501779491397806,True,91.89797904879109
CALIBRATION,calibration,2026082401,S1,40,early,900,5830.669883666213,699.0,0.006331106337227202,0.008562794192744985,gap_900_vs_699,LEADER_CHALLENGER_GAP,True,1.0013934796111366,0.48343582959645287,True,1.3524957150688426
CALIBRATION,calibration,2026082401,S1,40,early,700,5729.718660745403,,0.0045954618687109525,0.4115140594834912,utility_action_700,TOP_ACTION_UTILITY,True,1.0014038490718453,0.3478530501231064,True,89.54792167580811
CALIBRATION,calibration,2026082401,S1,40,early,900,6209.367469181762,700.0,0.006214962762241656,0.021248459181962862,gap_900_vs_700,LEADER_CHALLENGER_GAP,True,1.0012186218218329,0.48973620540036067,True,3.4189197900035073
CALIBRATION,calibration,2026082401,S1,40,early,739,5850.833145507838,,0.003719723330970142,0.24441950778239788,utility_action_739,TOP_ACTION_UTILITY,True,1.001271538909298,0.28452438628496357,True,65.70905576427663
CALIBRATION,calibration,2026082401,S1,40,early,900,5705.264858707285,739.0,0.005967571376913639,0.18834301088305616,gap_900_vs_739,LEADER_CHALLENGER_GAP,True,1.0014011971842325,0.45074978430880286,True,31.561082220430023
CALIBRATION,calibration,2026082401,S1,40,early,740,5526.143604422408,,0.0038980635133697566,0.25526639589368905,utility_action_740,TOP_ACTION_UTILITY,True,1.0016687259179609,0.28977438599914696,True,65.4854378380867
CALIBRATION,calibration,2026082401,S1,40,early,900,5706.834726802725,740.0,0.005946855492909831,0.17749612277176502,gap_900_vs_740,LEADER_CHALLENGER_GAP,True,1.0014946519046974,0.4492468421430274,True,29.847054966004418
CALIBRATION,calibration,2026082401,S1,40,early,859,5940.522298399408,,0.003737318061969702,0.25303385208495754,utility_action_859,TOP_ACTION_UTILITY,False,1.0009684375207262,0.28805298163227633,True,67.70466090638257
CALIBRATION,calibration,2026082401,S1,40,early,900,5801.836260946964,859.0,0.005822722692932365,0.17972866658049652,gap_900_vs_859,LEADER_CHALLENGER_GAP,False,1.0006352115946555,0.4435155399926152,True,30.86677419803138
CALIBRATION,calibration,2026082401,S1,40,early,860,6249.254259034223,,0.0036843244049069336,0.2581182922684752,utility_action_860,TOP_ACTION_UTILITY,True,1.0017779798903217,0.2912540414005347,True,70.0585138281262
CALIBRATION,calibration,2026082401,S1,40,early,900,6206.220161544269,860.0,0.005436611000655098,0.1746442263969788,gap_900_vs_860,LEADER_CHALLENGER_GAP,True,1.001123567256261,0.42829386005583525,True,32.12373045927593
CALIBRATION,calibration,2026082401,S1,40,early,899,5983.576733304737,,0.004509485045016082,0.421666262092686,utility_action_899,TOP_ACTION_UTILITY,True,1.0010148601936724,0.3488248236872068,True,93.50652189404971
CALIBRATION,calibration,2026082401,S1,40,early,900,6313.942850701592,899.0,0.0057887461099524785,0.011096256572768047,gap_900_vs_899,LEADER_CHALLENGER_GAP,True,1.0013354509489178,0.45997563272728853,True,1.9168670316513743
CALIBRATION,calibration,2026082401,S1,40,early,900,6248.844440952128,,0.004364885183642744,0.432762518665454,utility_action_900,TOP_ACTION_UTILITY,True,1.0009358893772402,0.34504257084686735,True,99.14636936779381
CALIBRATION,calibration,2026082401,S1,40,early,939,5559.720011100777,,0.0038634052104825297,0.25469273720914315,utility_action_939,TOP_ACTION_UTILITY,True,1.00164187213085,0.2880691304445375,True,65.92441727781711
CALIBRATION,calibration,2026082401,S1,40,early,900,6019.237567820642,939.0,0.005765019703754417,0.17806978145631086,gap_900_vs_939,LEADER_CHALLENGER_GAP,True,1.0013620287522678,0.44727182157331624,True,30.8879744748044
CALIBRATION,calibration,2026082401,S1,40,early,940,5912.7418815669225,,0.0036667183976833344,0.2404986790862063,utility_action_940,TOP_ACTION_UTILITY,False,1.0017405140242914,0.2819499473653333,False,65.58962347317305
CALIBRATION,calibration,2026082401,S1,40,early,900,5973.548937770261,940.0,0.005478927156228581,0.1922638395792477,gap_900_vs_940,LEADER_CHALLENGER_GAP,False,1.0017453977861384,0.42345936252637245,True,35.091512279128835
CALIBRATION,calibration,2026082401,S1,40,middle,659,5772.348363095532,,0.0018395380526634965,0.05947919768729547,utility_action_659,TOP_ACTION_UTILITY,True,1.0017095671046725,0.13976069208753303,True,32.33376857911397
CALIBRATION,calibration,2026082401,S1,40,middle,939,5351.599176906501,659.0,0.002763193861228909,0.00115912060571635,gap_939_vs_659,LEADER_CHALLENGER_GAP,True,1.000899610779581,0.2021404110607504,True,0.4194858066168546
CALIBRATION,calibration,2026082401,S1,40,middle,660,5244.322168647578,,0.0019095384901174099,0.05627674363684813,utility_action_660,TOP_ACTION_UTILITY,True,1.0017736631221499,0.13828437095195115,True,29.471384802192645
CALIBRATION,calibration,2026082401,S1,40,middle,939,5474.38904689914,660.0,0.0027200848657077305,0.004361574656163685,gap_939_vs_660,LEADER_CHALLENGER_GAP,True,1.0008982174108705,0.2012566702551417,True,1.6034700649050744
CALIBRATION,calibration,2026082401,S1,40,middle,698,6180.523879366593,,0.0011546692017004004,0.025735276207767076,utility_action_698,TOP_ACTION_UTILITY,False,1.000963933067486,0.09077582956826477,True,22.288007829314697
CALIBRATION,calibration,2026082401,S1,40,middle,939,5747.838315815999,698.0,0.002263891987851561,0.03490304208524474,gap_939_vs_698,LEADER_CHALLENGER_GAP,False,1.0009968394664315,0.17163583770302832,True,15.417273559224796
CALIBRATION,calibration,2026082401,S1,40,middle,701,6278.588078505019,,0.0010999657462281154,0.024582937977818003,utility_action_701,TOP_ACTION_UTILITY,False,1.0021043728999437,0.08715858212847151,False,22.34882137204288
CALIBRATION,calibration,2026082401,S1,40,middle,939,5678.577902571769,701.0,0.0022477766584654045,0.036055380315193813,gap_939_vs_701,LEADER_CHALLENGER_GAP,False,1.0009147185702338,0.16938422099150513,True,16.040463886572002
CALIBRATION,calibration,2026082401,S1,40,middle,739,5596.592506213024,,0.0018028971291964692,0.053136269779153145,utility_action_739,TOP_ACTION_UTILITY,True,1.001398456082371,0.134875413919343,True,29.47271306756996
CALIBRATION,calibration,2026082401,S1,40,middle,939,5192.562805382049,739.0,0.0027630518904825456,0.007502048513858667,gap_939_vs_739,LEADER_CHALLENGER_GAP,True,1.0011533290702104,0.19910397023712137,True,2.7151312429925056
CALIBRATION,calibration,2026082401,S1,40,middle,740,5196.800293450491,,0.001998146776602538,0.06005190437417721,utility_action_740,TOP_ACTION_UTILITY,True,1.0016569954901176,0.14404407552656212,True,30.05380039012142
CALIBRATION,calibration,2026082401,S1,40,middle,939,5620.340655127666,740.0,0.0027398817148116374,0.000586413918834597,gap_939_vs_740,LEADER_CHALLENGER_GAP,True,1.001429923591478,0.20540600395397912,True,0.21402891798740006
CALIBRATION,calibration,2026082401,S1,40,middle,859,5515.659702765123,,0.0019034844645636712,0.05885785585416642,utility_action_859,TOP_ACTION_UTILITY,True,1.0021398708676375,0.14136700871946645,True,30.921111755781098
CALIBRATION,calibration,2026082401,S1,40,middle,939,5317.005586196942,859.0,0.0027892002762350534,0.0017804624388453997,gap_939_vs_859,LEADER_CHALLENGER_GAP,True,1.0019176247643793,0.20338234846392292,True,0.6383415540345212
CALIBRATION,calibration,2026082401,S1,40,middle,860,5826.57382918452,,0.0018314645914328884,0.05794581605050202,utility_action_860,TOP_ACTION_UTILITY,True,1.0014511265464636,0.1397993504567713,True,31.639058883014922
CALIBRATION,calibration,2026082401,S1,40,middle,939,5353.856277775478,860.0,0.002753554816119039,0.0026925022425097877,gap_939_vs_860,LEADER_CHALLENGER_GAP,True,1.001320591324919,0.20147774471668334,True,0.9778277253636443
CALIBRATION,calibration,2026082401,S1,40,middle,898,6392.358129170118,,0.0011646515525704964,0.026006245060562483,utility_action_898,TOP_ACTION_UTILITY,False,1.0017251596174455,0.09311648186130907,True,22.329635849593156
CALIBRATION,calibration,2026082401,S1,40,middle,939,5671.549626502615,898.0,0.002295903125259297,0.03463207323244933,gap_939_vs_898,LEADER_CHALLENGER_GAP,False,1.0006466937804996,0.1729037559655452,True,15.084292038035366
CALIBRATION,calibration,2026082401,S1,40,middle,901,6269.833360074205,,0.0011455492218681294,0.025082710938173075,utility_action_901,TOP_ACTION_UTILITY,False,1.0016063446176677,0.09070719847352886,False,21.89579501199337
CALIBRATION,calibration,2026082401,S1,40,middle,939,5847.8136800184975,901.0,0.002249284154893407,0.03555560735483874,gap_939_vs_901,LEADER_CHALLENGER_GAP,False,1.0012995624938799,0.17200500624133436,True,15.80752137407188
CALIBRATION,calibration,2026082401,S1,40,middle,939,5273.93480514655,,0.002005609521473306,0.060638318293011806,utility_action_939,TOP_ACTION_UTILITY,True,1.000686558035307,0.14565109740825166,True,30.23435900347508
CALIBRATION,calibration,2026082401,S1,40,middle,940,6389.133825346865,,0.001769303817040341,0.057762646184174975,utility_action_940,TOP_ACTION_UTILITY,True,1.0009333628354358,0.14142409454005614,True,32.647104260928614
CALIBRATION,calibration,2026082401,S1,40,middle,939,5705.141292408967,940.0,0.002588158771524295,0.00287567210883684,gap_939_vs_940,LEADER_CHALLENGER_GAP,True,1.000624974699456,0.19548980663287488,True,1.1110879828841467
CALIBRATION,calibration,2026082401,S1,40,late,658,4822.50347932174,,0.0010455860998567373,0.015681272240891057,utility_action_658,TOP_ACTION_UTILITY,False,1.001448730063415,0.07260993966372445,True,14.997590579139922
CALIBRATION,calibration,2026082401,S1,40,late,660,4460.348173403671,658.0,0.0024467309404549824,0.045800315323451975,gap_660_vs_658,LEADER_CHALLENGER_GAP,False,1.0011544642911894,0.16340697651265676,True,18.718983181262736
CALIBRATION,calibration,2026082401,S1,40,late,660,4625.077629882828,,0.002154259893283271,0.06148158756434303,utility_action_660,TOP_ACTION_UTILITY,True,1.0011131121917038,0.1465067415638154,True,28.53954054291935
CALIBRATION,calibration,2026082401,S1,40,late,661,6566.400027661761,,0.000757205767723717,0.012824775920344166,utility_action_661,TOP_ACTION_UTILITY,False,1.0016221513683945,0.0613589023158004,False,16.936976007060164
CALIBRATION,calibration,2026082401,S1,40,late,660,4712.455958552645,661.0,0.0022860067835153513,0.04865681164399887,gap_660_vs_661,LEADER_CHALLENGER_GAP,False,1.0015326621129825,0.1569282627565879,True,21.284631347058347
CALIBRATION,calibration,2026082401,S1,40,late,698,5916.096321770279,,0.001237435193569934,0.027050796883226976,utility_action_698,TOP_ACTION_UTILITY,True,1.0015317196165798,0.09517876858800278,True,21.860374606921336
CALIBRATION,calibration,2026082401,S1,40,late,660,5094.346722043324,698.0,0.002437015186707968,0.034430790681116055,gap_660_vs_698,LEADER_CHALLENGER_GAP,True,1.000832394807349,0.1739412094423308,True,14.128262666933459
CALIBRATION,calibration,2026082401,S1,40,late,699,5558.01203934507,,0.00038823490356077465,0.019540496409078414,utility_action_699,TOP_ACTION_UTILITY,False,1.001821264085858,0.028943718045060303,True,50.33163229235397
CALIBRATION,calibration,2026082401,S1,40,late,660,4817.819888910312,699.0,0.002148120701676998,0.04194109115526462,gap_660_vs_699,LEADER_CHALLENGER_GAP,False,1.0012061034917794,0.14910216877121432,True,19.524550516422092
CALIBRATION,calibration,2026082401,S1,40,late,701,6011.168096798209,,0.001165192046650317,0.024942466924746783,utility_action_701,TOP_ACTION_UTILITY,True,1.0008043654361412,0.09033934719393029,True,21.40631408912475
CALIBRATION,calibration,2026082401,S1,40,late,660,5058.200047522306,701.0,0.002428898835106391,0.036539120639596245,gap_660_vs_701,LEADER_CHALLENGER_GAP,True,1.0013929407210074,0.17274577222075468,True,15.043492183154576
CALIBRATION,calibration,2026082401,S1,40,late,738,5647.385761729113,,0.0008778635958112354,0.013979610418995536,utility_action_738,TOP_ACTION_UTILITY,False,1.0012877372581024,0.06597065056735163,False,15.924581547406522
CALIBRATION,calibration,2026082401,S1,40,late,660,5419.7715862506375,738.0,0.002148301201288901,0.0475019771453475,gap_660_vs_738,LEADER_CHALLENGER_GAP,False,1.000957994724435,0.1581559966116322,True,22.11141394737762
CALIBRATION,calibration,2026082401,S1,40,late,739,5333.276221926528,,0.0019439024177392717,0.05726883312932898,utility_action_739,TOP_ACTION_UTILITY,True,1.001572124632245,0.14196180040743767,True,29.460755131902015
CALIBRATION,calibration,2026082401,S1,40,late,660,4796.4374182174915,739.0,0.002940130130169055,0.00421275443501405,gap_660_vs_739,LEADER_CHALLENGER_GAP,True,1.00180743940788,0.20362258376038259,True,1.432846251186787
CALIBRATION,calibration,2026082401,S1,40,late,740,5136.95439825422,,0.00205731107768164,0.06086597933006631,utility_action_740,TOP_ACTION_UTILITY,True,1.0018896631713765,0.14745273071832396,True,29.585209543835965
CALIBRATION,calibration,2026082401,S1,40,late,660,4796.79535930998,740.0,0.0030177217935546913,0.0006156082342767209,gap_660_vs_740,LEADER_CHALLENGER_GAP,True,1.0016010749757207,0.2090040947619578,True,0.20399767652258366
CALIBRATION,calibration,2026082401,S1,40,late,741,6564.556621224643,,0.0007907259877876254,0.013120649553589128,utility_action_741,TOP_ACTION_UTILITY,False,1.0008568720904756,0.06406616261453836,False,16.593168501138344
CALIBRATION,calibration,2026082401,S1,40,late,660,4871.416785692443,741.0,0.0022873113579442686,0.048360938010753904,gap_660_vs_741,LEADER_CHALLENGER_GAP,False,1.001086198163483,0.15964412124616614,True,21.143137265850207
CALIBRATION,calibration,2026082401,S1,40,late,898,7193.113828850768,,0.000998511605802571,0.02276910538996063,utility_action_898,TOP_ACTION_UTILITY,False,1.0008412524302561,0.0846859928566204,True,22.80304531028417
CALIBRATION,calibration,2026082401,S1,40,late,660,5054.315302318681,898.0,0.00239299613986487,0.0387124821743824,gap_660_vs_898,LEADER_CHALLENGER_GAP,False,1.0014930279535863,0.1701269685624102,True,16.177411041109515
CALIBRATION,calibration,2026082401,S1,40,late,901,7172.452810823512,,0.0010258238436158013,0.023958897747387402,utility_action_901,TOP_ACTION_UTILITY,True,1.0008351652709815,0.08687736477549841,True,23.355762196887145
CALIBRATION,calibration,2026082401,S1,40,late,660,4997.909097059325,901.0,0.0024255566175403714,0.037522689816955626,gap_660_vs_901,LEADER_CHALLENGER_GAP,True,1.0014282463554203,0.1714768878395128,True,15.469723339216628
CALIBRATION,calibration,2026082401,S1,40,late,939,5339.136898365825,,0.0019753719793508223,0.05896479872312725,utility_action_939,TOP_ACTION_UTILITY,True,1.0020171666799587,0.1443392410096196,True,29.849972227765015
CALIBRATION,calibration,2026082401,S1,40,late,660,4747.422968268559,939.0,0.0029944633747717446,0.0025167888412157766,gap_660_vs_939,LEADER_CHALLENGER_GAP,True,1.0013889526767243,0.206323154377564,True,0.8404807560578765
CALIBRATION,calibration,2026082401,S1,40,late,941,5924.959279094868,,0.0008061622108753743,0.011784688048103875,utility_action_941,TOP_ACTION_UTILITY,False,1.0011308169828668,0.062053334187436755,False,14.618259066382468
CALIBRATION,calibration,2026082401,S1,40,late,660,4990.287563047748,941.0,0.002259525529991502,0.04969689951623915,gap_660_vs_941,LEADER_CHALLENGER_GAP,False,1.000904663612587,0.15961732890757346,True,21.99439610510887
CALIBRATION,calibration,2026082401,S2,24,early,203,32966.873679380056,,0.0015708007414769202,0.2465722388128754,utility_action_203,TOP_ACTION_UTILITY,False,1.0001781256466542,0.28520686810037904,True,156.9723213786109
CALIBRATION,calibration,2026082401,S2,24,early,347,36139.74559550893,203.0,0.002370612560246893,0.17686741804177633,gap_347_vs_203,LEADER_CHALLENGER_GAP,False,1.0000928245931704,0.45066426931028164,True,74.6083189668733
CALIBRATION,calibration,2026082401,S2,24,early,204,31273.428069422236,,0.001616220647300785,0.24884631547344488,utility_action_204,TOP_ACTION_UTILITY,False,1.0001404547440471,0.2858172230284632,True,153.96803393709746
CALIBRATION,calibration,2026082401,S2,24,early,347,35427.71969085528,204.0,0.0023974635455808867,0.17459334138120688,gap_347_vs_204,LEADER_CHALLENGER_GAP,False,1.000086009056107,0.45125664707074276,True,72.82419025850267
CALIBRATION,calibration,2026082401,S2,24,early,227,37017.50642922171,,0.0018082023886790523,0.4224920646076775,utility_action_227,TOP_ACTION_UTILITY,True,1.0001366135942948,0.34789694803280546,True,233.65308399814748
CALIBRATION,calibration,2026082401,S2,24,early,347,37076.43023936084,227.0,0.002564388920545181,0.0009475922469742226,gap_347_vs_227,LEADER_CHALLENGER_GAP,True,1.0000089040203497,0.49377926444805414,True,0.36951970872373274
CALIBRATION,calibration,2026082401,S2,24,early,228,35212.51058281208,,0.0018549252036341082,0.41855493049866843,utility_action_228,TOP_ACTION_UTILITY,True,1.0002945293804348,0.3480766555610768,True,225.64517948144186
CALIBRATION,calibration,2026082401,S2,24,early,347,36736.550575852016,228.0,0.0025755974542573303,0.004884726355983312,gap_347_vs_228,LEADER_CHALLENGER_GAP,True,1.0001658213904234,0.49365913146539275,True,1.8965410716294622
CALIBRATION,calibration,2026082401,S2,24,early,251,32603.292980067377,,0.0015519319531172747,0.23909462448322816,utility_action_251,TOP_ACTION_UTILITY,False,1.000188251991176,0.28022276134962515,False,154.06256956239145
CALIBRATION,calibration,2026082401,S2,24,early,347,35219.18340029261,251.0,0.0023855278426659597,0.18434503237142358,gap_347_vs_251,LEADER_CHALLENGER_GAP,False,1.000085177748138,0.44768663650477303,True,77.27641198494996
CALIBRATION,calibration,2026082401,S2,24,early,252,32734.536204794826,,0.0015709910456211435,0.24382817145689445,utility_action_252,TOP_ACTION_UTILITY,False,1.0000912270906763,0.2842345096870712,False,155.20659531225328
CALIBRATION,calibration,2026082401,S2,24,early,347,35142.60015421048,252.0,0.00239266202858777,0.1796114853977573,gap_347_vs_252,LEADER_CHALLENGER_GAP,False,1.000034737512419,0.44853702999102796,True,75.0676373226728
CALIBRATION,calibration,2026082401,S2,24,early,323,32187.33904688002,,0.0016176958322724894,0.2560197859296813,utility_action_323,TOP_ACTION_UTILITY,True,1.000253016468033,0.29022806341394514,True,158.26200502107528
CALIBRATION,calibration,2026082401,S2,24,early,347,34820.74826359803,323.0,0.002309921016073501,0.16741987092497046,gap_347_vs_323,LEADER_CHALLENGER_GAP,True,1.0000711865586571,0.43103861629288626,True,72.47861280103753
CALIBRATION,calibration,2026082401,S2,24,early,324,34486.926803259325,,0.001541313029009281,0.24908952607664617,utility_action_324,TOP_ACTION_UTILITY,True,1.0001953295132036,0.28623194206177843,True,161.60865534028147
CALIBRATION,calibration,2026082401,S2,24,early,347,36146.35900370406,324.0,0.002355616093873713,0.17435013077800557,gap_347_vs_324,LEADER_CHALLENGER_GAP,True,1.0001090524509657,0.4478543446208254,True,74.01466275911454
CALIBRATION,calibration,2026082401,S2,24,early,347,38047.606661646845,,0.0017907542087910627,0.4234396568546518,utility_action_347,TOP_ACTION_UTILITY,True,1.0000014573492586,0.3493008577893443,True,236.45883660411204
CALIBRATION,calibration,2026082401,S2,24,early,348,36705.140427390885,,0.0018117148223892661,0.4203725428726244,utility_action_348,TOP_ACTION_UTILITY,True,1.0000856482407372,0.3470989360594556,True,232.03019464081135
CALIBRATION,calibration,2026082401,S2,24,early,347,36963.55523689086,348.0,0.0024116845523770108,0.003067113982027359,gap_347_vs_348,LEADER_CHALLENGER_GAP,True,1.000017967403715,0.4636682620361231,True,1.2717724542392337
CALIBRATION,calibration,2026082401,S2,24,early,371,32801.607058298665,,0.0015921630921840926,0.2570582665863164,utility_action_371,TOP_ACTION_UTILITY,True,1.0001863239391704,0.28836006398820563,True,161.45222047176702
CALIBRATION,calibration,2026082401,S2,24,early,347,34623.809056720085,371.0,0.002303279809928657,0.16638139026833526,gap_347_vs_371,LEADER_CHALLENGER_GAP,True,1.0000782519516198,0.42858219295969635,True,72.23672501756913
CALIBRATION,calibration,2026082401,S2,24,early,372,30708.8050602691,,0.0016381799980613302,0.2448145990618014,utility_action_372,TOP_ACTION_UTILITY,False,1.000412339742761,0.28707348246085407,True,149.44304005147305
CALIBRATION,calibration,2026082401,S2,24,early,347,35267.812267404785,372.0,0.002387559834823747,0.17862505779285034,gap_347_vs_372,LEADER_CHALLENGER_GAP,False,1.0000823881714693,0.4483772039901733,True,74.81490314400295
CALIBRATION,calibration,2026082401,S2,24,middle,203,25689.396185695005,,0.000883764342151706,0.05717608552609789,utility_action_203,TOP_ACTION_UTILITY,True,1.0002835833278063,0.1416489707103357,True,64.69607654331351
CALIBRATION,calibration,2026082401,S2,24,middle,204,26222.120249615204,,0.0008451773629844075,0.05364993984335824,utility_action_204,TOP_ACTION_UTILITY,True,1.0001910672750398,0.13686164599602255,True,63.47772928266184
CALIBRATION,calibration,2026082401,S2,24,middle,203,25784.78348245571,204.0,0.0011872979121767577,0.00352614568273965,gap_203_vs_204,LEADER_CHALLENGER_GAP,True,1.000232783282874,0.19065203646341683,True,2.969891251872006
CALIBRATION,calibration,2026082401,S2,24,middle,226,30283.47520847641,,0.0004969198112714463,0.02369895472343203,utility_action_226,TOP_ACTION_UTILITY,False,1.0001604555300607,0.08647472058056857,True,47.691708372009934
CALIBRATION,calibration,2026082401,S2,24,middle,203,26768.820230769506,226.0,0.001005681240211559,0.03347713080266586,gap_203_vs_226,LEADER_CHALLENGER_GAP,False,1.000190431399538,0.16454131526810895,True,33.28801360123162
CALIBRATION,calibration,2026082401,S2,24,middle,229,26684.91903221534,,0.0005425571403732762,0.024120022425865435,utility_action_229,TOP_ACTION_UTILITY,False,1.0004048878805345,0.08862952629973854,True,44.456188355149095
CALIBRATION,calibration,2026082401,S2,24,middle,203,25885.417852422277,229.0,0.0010376539331435786,0.03305606310023246,gap_203_vs_229,LEADER_CHALLENGER_GAP,False,1.0003460066547467,0.16694757940096355,True,31.856539106529404
CALIBRATION,calibration,2026082401,S2,24,middle,251,28611.82096296949,,0.0008048388283889756,0.05327323903667818,utility_action_251,TOP_ACTION_UTILITY,True,1.0002755584997391,0.13613872207192967,True,66.19118904006383
CALIBRATION,calibration,2026082401,S2,24,middle,203,25887.316585728135,251.0,0.0012214172527367543,0.0039028464894197085,gap_203_vs_251,LEADER_CHALLENGER_GAP,True,1.000287113615693,0.19652036751206917,True,3.1953425258033987
CALIBRATION,calibration,2026082401,S2,24,middle,252,28340.79358118222,,0.0007959502264276266,0.052391052311194376,utility_action_252,TOP_ACTION_UTILITY,True,1.0001941378747363,0.1339960246606656,True,65.82202073907965
CALIBRATION,calibration,2026082401,S2,24,middle,203,27231.478476193628,252.0,0.0011800860063160125,0.004785033214903519,gap_203_vs_252,LEADER_CHALLENGER_GAP,True,1.0001422552614563,0.194737356812872,True,4.0548173516957595
CALIBRATION,calibration,2026082401,S2,24,middle,323,25896.724607718912,,0.0008554973080447569,0.054405756555597415,utility_action_323,TOP_ACTION_UTILITY,True,1.0004716320008273,0.1376705560445841,True,63.59547370165551
CALIBRATION,calibration,2026082401,S2,24,middle,203,25756.585279410363,323.0,0.0012332715773949114,0.002770328970500482,gap_203_vs_323,LEADER_CHALLENGER_GAP,True,1.00030162937556,0.19792600793357767,True,2.2463251576366967
CALIBRATION,calibration,2026082401,S2,24,middle,324,26449.19872416197,,0.000825591168616232,0.052401149817793785,utility_action_324,TOP_ACTION_UTILITY,True,1.0002869380668522,0.1342676223810281,True,63.471063899124566
CALIBRATION,calibration,2026082401,S2,24,middle,203,25331.43154605199,324.0,0.0012307877178986655,0.004774935708304106,gap_203_vs_324,LEADER_CHALLENGER_GAP,True,1.0003501581727667,0.19589034023746646,True,3.8795769886755083
CALIBRATION,calibration,2026082401,S2,24,middle,346,25177.470100890587,,0.0005490854217146528,0.022981923297023185,utility_action_346,TOP_ACTION_UTILITY,False,1.0003184045622835,0.08712563526955315,False,41.85491435058781
CALIBRATION,calibration,2026082401,S2,24,middle,203,25480.4897736207,346.0,0.001042323299119641,0.03419416222907471,gap_203_vs_346,LEADER_CHALLENGER_GAP,False,1.0003641704803925,0.16638199655774566,True,32.80571609399456
CALIBRATION,calibration,2026082401,S2,24,middle,349,23839.41143475658,,0.0005562691139150001,0.022865287393375316,utility_action_349,TOP_ACTION_UTILITY,False,1.0005451087539063,0.08588804384246253,False,41.10472219543222
CALIBRATION,calibration,2026082401,S2,24,middle,203,25011.99131909481,349.0,0.0010500239741534035,0.03431079813272258,gap_203_vs_349,LEADER_CHALLENGER_GAP,False,1.000407649442554,0.16606317981552451,True,32.67620452226925
CALIBRATION,calibration,2026082401,S2,24,middle,371,25169.361191706135,,0.0008593410006788548,0.054148184508347436,utility_action_371,TOP_ACTION_UTILITY,True,1.0002725297955641,0.13633320039448799,True,63.01128942477075
CALIBRATION,calibration,2026082401,S2,24,middle,203,25485.145146440238,371.0,0.0012330580382527263,0.0030279010177504603,gap_203_vs_371,LEADER_CHALLENGER_GAP,True,1.0004298192649488,0.19684621766436494,True,2.4556029998726343
CALIBRATION,calibration,2026082401,S2,24,middle,372,27401.52514376682,,0.0007910662822991131,0.050469389419518035,utility_action_372,TOP_ACTION_UTILITY,True,1.0002931553194856,0.13094841373361155,True,63.79919173502943
CALIBRATION,calibration,2026082401,S2,24,middle,203,26600.487386421297,372.0,0.0011758291304945182,0.006706696106579857,gap_203_vs_372,LEADER_CHALLENGER_GAP,True,1.0002626675260078,0.19177368453842367,True,5.703801626142076
CALIBRATION,calibration,2026082401,S2,24,late,205,27143.03161010597,,0.000377387055630278,0.01238470610182216,utility_action_205,TOP_ACTION_UTILITY,False,1.000074082190001,0.06217505469981281,False,32.816987008572234
CALIBRATION,calibration,2026082401,S2,24,late,371,26314.406667825348,205.0,0.0009389246941596853,0.04346906199660878,gap_371_vs_205,LEADER_CHALLENGER_GAP,False,1.0002715869260796,0.15230969638356784,True,46.29664366801273
CALIBRATION,calibration,2026082401,S2,24,late,226,26847.185086989764,,0.0005436749955813225,0.02411975479273237,utility_action_226,TOP_ACTION_UTILITY,True,1.0001724840952122,0.08908174957868345,True,44.364289306596504
CALIBRATION,calibration,2026082401,S2,24,late,371,25472.148784232333,226.0,0.0010356189815112213,0.03173401330569857,gap_371_vs_226,LEADER_CHALLENGER_GAP,True,1.0002965860480013,0.16528475306052184,True,30.642556647031405
CALIBRATION,calibration,2026082401,S2,24,late,227,28786.832731183553,,0.0001688801221004165,0.019266096589813424,utility_action_227,TOP_ACTION_UTILITY,False,1.0001195657817927,0.028653354732350048,True,114.08149372581434
CALIBRATION,calibration,2026082401,S2,24,late,371,25407.534672059795,227.0,0.000892702034900248,0.03658767150861752,gap_371_vs_227,LEADER_CHALLENGER_GAP,False,1.0003007035977243,0.1422943932654997,True,40.98531209543606
CALIBRATION,calibration,2026082401,S2,24,late,229,26161.768245561943,,0.0005453791488527367,0.0233454490447032,utility_action_229,TOP_ACTION_UTILITY,True,1.0001930808073745,0.0882128953543999,True,42.80590685179814
CALIBRATION,calibration,2026082401,S2,24,late,371,26159.930181526357,229.0,0.0010230492364937294,0.03250831905372774,gap_371_vs_229,LEADER_CHALLENGER_GAP,True,1.0003037167159043,0.16546830793812448,True,31.77590862111649
CALIBRATION,calibration,2026082401,S2,24,late,250,26543.75144424269,,0.0003808952809646496,0.012264862797016076,utility_action_250,TOP_ACTION_UTILITY,False,1.0002860467682408,0.062056423614414026,False,32.20009123230477
CALIBRATION,calibration,2026082401,S2,24,late,371,26069.78978746823,250.0,0.0009442110409137927,0.04358890530141486,gap_371_vs_250,LEADER_CHALLENGER_GAP,False,1.0002460858190865,0.15245365439022376,True,46.164367299952566
CALIBRATION,calibration,2026082401,S2,24,late,251,25248.984001325363,,0.0008327960541691066,0.0508252788090421,utility_action_251,TOP_ACTION_UTILITY,True,1.0003685444653982,0.13233070077579817,True,61.02968254304622
CALIBRATION,calibration,2026082401,S2,24,late,371,24895.048766655287,251.0,0.0012208300079765521,0.005028489289388833,gap_371_vs_251,LEADER_CHALLENGER_GAP,True,1.0002090576850602,0.19262457182848644,True,4.118910295892245
CALIBRATION,calibration,2026082401,S2,24,late,253,27247.239912968074,,0.0003679651918877477,0.011783827407047195,utility_action_253,TOP_ACTION_UTILITY,False,1.0002496861685433,0.06073905012590645,False,32.02429921861195
CALIBRATION,calibration,2026082401,S2,24,late,371,25275.118988470284,253.0,0.0009566961061537182,0.044069940691383744,gap_371_vs_253,LEADER_CHALLENGER_GAP,False,1.000257315434946,0.15209698695367163,True,46.06472254660014
CALIBRATION,calibration,2026082401,S2,24,late,322,25536.37531983054,,0.0003873107349907556,0.01246038806719077,utility_action_322,TOP_ACTION_UTILITY,False,1.0006146368718507,0.0618926618111713,True,32.1715535911706
CALIBRATION,calibration,2026082401,S2,24,late,371,25330.944569666088,322.0,0.0009580091856752628,0.04339338003124017,gap_371_vs_322,LEADER_CHALLENGER_GAP,False,1.0002704678718548,0.15247384966793617,True,45.295369480882265
CALIBRATION,calibration,2026082401,S2,24,late,324,27257.82095994314,,0.0008090617589246572,0.05239057561175564,utility_action_324,TOP_ACTION_UTILITY,True,1.0001114758662368,0.1335756332084364,True,64.75472982605082
CALIBRATION,calibration,2026082401,S2,24,late,371,26540.2408921548,324.0,0.001182172278734793,0.0034631924866753007,gap_371_vs_324,LEADER_CHALLENGER_GAP,True,1.0001648914977157,0.19258976417849588,True,2.9295158996468302
CALIBRATION,calibration,2026082401,S2,24,late,325,27905.549315870747,,0.0003769070172013152,0.012383791806240918,utility_action_325,TOP_ACTION_UTILITY,False,1.0001644007427297,0.06296214441218825,False,32.85635777809473
CALIBRATION,calibration,2026082401,S2,24,late,371,25433.432503939774,325.0,0.0009575450720794549,0.043469976292190016,gap_371_vs_325,LEADER_CHALLENGER_GAP,False,1.0001796322262984,0.1527079734883235,True,45.397316073893364
CALIBRATION,calibration,2026082401,S2,24,late,346,25625.39516981352,,0.0005525602651137363,0.023624437838731437,utility_action_346,TOP_ACTION_UTILITY,True,1.0002305608630164,0.08845348267903595,True,42.75449997091032
CALIBRATION,calibration,2026082401,S2,24,late,371,25486.512191924918,346.0,0.001031317148550356,0.0322293302596995,gap_371_vs_346,LEADER_CHALLENGER_GAP,True,1.000202608825874,0.16464458149903033,True,31.2506490413757
CALIBRATION,calibration,2026082401,S2,24,late,349,25761.448964282717,,0.0005288285108023963,0.02261856882125024,utility_action_349,TOP_ACTION_UTILITY,True,1.0002330137908129,0.08487895118353124,True,42.77108431035777
CALIBRATION,calibration,2026082401,S2,24,late,371,25616.091134993036,349.0,0.0010209738542819376,0.0332351992771807,gap_371_vs_349,LEADER_CHALLENGER_GAP,True,1.0002113971389042,0.1634071480830168,True,32.55244895625206
CALIBRATION,calibration,2026082401,S2,24,late,371,25231.709309322967,,0.0008768020888002316,0.055853768098430935,utility_action_371,TOP_ACTION_UTILITY,True,1.0002845781451388,0.13927555958192325,True,63.701682297379335
CALIBRATION,calibration,2026082401,S2,24,late,372,25599.10036760113,,0.0008276494212596532,0.05057795842827041,utility_action_372,TOP_ACTION_UTILITY,True,1.0002604957598777,0.1324215805678699,True,61.11036524533847
CALIBRATION,calibration,2026082401,S2,24,late,371,24487.22605053672,372.0,0.0011959649455581837,0.005275809670160525,gap_371_vs_372,LEADER_CHALLENGER_GAP,True,1.000278651201784,0.18714931661372722,True,4.411341394039092
CALIBRATION,calibration,2026082401,S2,24,late,373,28414.363647111633,,0.0003605016257964639,0.012024929410191693,utility_action_373,TOP_ACTION_UTILITY,False,1.000191641616025,0.06076817514571599,False,33.35610313441656
CALIBRATION,calibration,2026082401,S2,24,late,371,25489.259674862325,373.0,0.0009505581263230457,0.04382883868823924,gap_371_vs_373,LEADER_CHALLENGER_GAP,False,1.0002308972954146,0.1517599902064965,True,46.10853084574449
CALIBRATION,calibration,2026082401,S2,40,early,659,11390.006693881953,,0.0026754518078848408,0.2519371995796418,utility_action_659,TOP_ACTION_UTILITY,False,1.0005959783965228,0.2855348500293968,True,94.16622599486041
CALIBRATION,calibration,2026082401,S2,40,early,899,11355.708158114727,659.0,0.004264951683832367,0.1777256567823829,gap_899_vs_659,LEADER_CHALLENGER_GAP,False,1.0011743622787834,0.4544867504674715,True,41.67120050998645
CALIBRATION,calibration,2026082401,S2,40,early,660,11343.172944928341,,0.0026599543233717356,0.24420429723534665,utility_action_660,TOP_ACTION_UTILITY,False,1.0006405517434775,0.2832966609856266,True,91.80770327130857
CALIBRATION,calibration,2026082401,S2,40,early,899,11264.051200437769,660.0,0.004294952760621952,0.18545855912667805,gap_899_vs_660,LEADER_CHALLENGER_GAP,False,1.0011444915367174,0.455832933566358,True,43.18058182782476
CALIBRATION,calibration,2026082401,S2,40,early,699,12048.8394420977,,0.003132356709072134,0.41988799229674695,utility_action_699,TOP_ACTION_UTILITY,True,1.0001712709099757,0.3438300431378936,True,134.04858746790882
CALIBRATION,calibration,2026082401,S2,40,early,899,11390.072692457506,699.0,0.004642240346354575,0.009774864065277772,gap_899_vs_699,LEADER_CHALLENGER_GAP,True,1.0008362253304435,0.4954397748836327,True,2.105635067549595
CALIBRATION,calibration,2026082401,S2,40,early,700,12025.566506563062,,0.003169866940375324,0.4153624232282782,utility_action_700,TOP_ACTION_UTILITY,True,1.0004244895664562,0.34761123505521635,True,131.03465572567464
CALIBRATION,calibration,2026082401,S2,40,early,899,11449.685819818062,700.0,0.004640362168653546,0.014300433133746501,gap_899_vs_700,LEADER_CHALLENGER_GAP,True,1.0009634942128889,0.49653362309583937,True,3.081749357916159
CALIBRATION,calibration,2026082401,S2,40,early,739,11896.00097031825,,0.0025602222307267043,0.2378700896926385,utility_action_739,TOP_ACTION_UTILITY,False,1.0005802130910117,0.2792403410507065,False,92.90993837871663
CALIBRATION,calibration,2026082401,S2,40,early,899,11933.68776001854,739.0,0.004099818815508518,0.19179276666938616,gap_899_vs_739,LEADER_CHALLENGER_GAP,False,1.0014733953647712,0.4478700275801592,True,46.78079088370574
CALIBRATION,calibration,2026082401,S2,40,early,740,11494.671818799361,,0.002713292648569771,0.2558847285045657,utility_action_740,TOP_ACTION_UTILITY,True,1.0006686019676438,0.29090080718714345,True,94.30782508456927
CALIBRATION,calibration,2026082401,S2,40,early,899,11505.808376650039,740.0,0.0042452544052775515,0.17377812785745905,gap_899_vs_740,LEADER_CHALLENGER_GAP,True,1.0013413161668083,0.45536777086429125,True,40.93467935429834
CALIBRATION,calibration,2026082401,S2,40,early,859,12286.788853665565,,0.0025859358811741655,0.24797858770735526,utility_action_859,TOP_ACTION_UTILITY,True,1.00075256503223,0.2866401020563922,True,95.89510301189624
CALIBRATION,calibration,2026082401,S2,40,early,899,10989.04415707059,859.0,0.004072267296187741,0.18168426865466944,gap_899_vs_859,LEADER_CHALLENGER_GAP,True,1.0011889448138356,0.42689025000577613,True,44.61501552826688
CALIBRATION,calibration,2026082401,S2,40,early,860,11220.762399243455,,0.002720881838597252,0.2538434389823371,utility_action_860,TOP_ACTION_UTILITY,True,1.000780364739012,0.28821784386769783,True,93.29454715064209
CALIBRATION,calibration,2026082401,S2,40,early,899,10778.901026301339,860.0,0.004354456565298287,0.17581941737968765,gap_899_vs_860,LEADER_CHALLENGER_GAP,True,1.0009718611010452,0.45208615282177134,True,40.37689083428571
CALIBRATION,calibration,2026082401,S2,40,early,899,11662.844665574796,,0.003249495142095179,0.4296628563620247,utility_action_899,TOP_ACTION_UTILITY,True,1.0012648175058283,0.3509280941121463,True,132.22449567503915
CALIBRATION,calibration,2026082401,S2,40,early,900,11269.689329855413,,0.003288706488990301,0.4268712002474784,utility_action_900,TOP_ACTION_UTILITY,True,1.0006299146411932,0.34912511138139013,True,129.79911757906265
CALIBRATION,calibration,2026082401,S2,40,early,899,11918.228084930748,900.0,0.004328477745460203,0.002791656114546319,gap_899_vs_900,LEADER_CHALLENGER_GAP,True,1.0008778788217103,0.472542674733209,True,0.64495101481676
CALIBRATION,calibration,2026082401,S2,40,early,939,11269.297081748877,,0.0027072899489325648,0.2557929354423135,utility_action_939,TOP_ACTION_UTILITY,True,1.0005172469966264,0.28739763161073834,True,94.48302186589508
CALIBRATION,calibration,2026082401,S2,40,early,899,12043.232571175073,939.0,0.0039286564897559875,0.1738699209197112,gap_899_vs_939,LEADER_CHALLENGER_GAP,True,1.0010502500598673,0.4311372960613103,True,44.25683980594354
CALIBRATION,calibration,2026082401,S2,40,early,940,10962.834211994495,,0.002727908554614032,0.2423169602517361,utility_action_940,TOP_ACTION_UTILITY,False,1.0003884199658437,0.2856217205477979,False,88.82884282974844
CALIBRATION,calibration,2026082401,S2,40,early,899,11072.176295955136,940.0,0.004308559993072906,0.18734589611028862,gap_899_vs_940,LEADER_CHALLENGER_GAP,False,1.001434904167807,0.4533656798652878,True,43.48225309882984
CALIBRATION,calibration,2026082401,S2,40,middle,659,10677.562110415194,,0.0014141535386323545,0.06150155313919903,utility_action_659,TOP_ACTION_UTILITY,True,1.0007827345775935,0.14612772324215192,True,43.4900111332168
CALIBRATION,calibration,2026082401,S2,40,middle,860,10369.544920615126,659.0,0.0020420171459229128,0.0006660679171160389,gap_860_vs_659,LEADER_CHALLENGER_GAP,True,1.000971762416596,0.2079405713801392,True,0.32618135378829155
CALIBRATION,calibration,2026082401,S2,40,middle,660,10675.815469508694,,0.001330223777693682,0.055309369360869574,utility_action_660,TOP_ACTION_UTILITY,True,1.000508990699762,0.1374438259200064,True,41.578996172180865
CALIBRATION,calibration,2026082401,S2,40,middle,860,10249.061658862178,660.0,0.001988628685501042,0.006858251695445492,gap_860_vs_660,LEADER_CHALLENGER_GAP,True,1.0004719621179639,0.2013240936772819,True,3.4487341681473995
CALIBRATION,calibration,2026082401,S2,40,middle,698,11125.820548175581,,0.0008832842779309679,0.026186167662639127,utility_action_698,TOP_ACTION_UTILITY,False,1.0011127556181125,0.09316794698764104,True,29.646364502239763
CALIBRATION,calibration,2026082401,S2,40,middle,860,10220.23347620504,698.0,0.00171978733703486,0.035981453393675936,gap_860_vs_698,LEADER_CHALLENGER_GAP,False,1.0007828513198538,0.17386219387228988,True,20.922036474412412
CALIBRATION,calibration,2026082401,S2,40,middle,739,8566.627675507749,,0.0015238412151095083,0.05642354723448271,utility_action_739,TOP_ACTION_UTILITY,True,1.0011946107291319,0.14104076719479228,True,37.02718280291948
CALIBRATION,calibration,2026082401,S2,40,middle,860,10049.416125482221,739.0,0.0020243786398451377,0.005744073821832359,gap_860_vs_739,LEADER_CHALLENGER_GAP,True,1.0006032608551252,0.20293743232124756,True,2.837450321186837
CALIBRATION,calibration,2026082401,S2,40,middle,740,10759.458039694093,,0.0013641439049257222,0.05777719335943242,utility_action_740,TOP_ACTION_UTILITY,True,1.0001837632839978,0.14149965631283926,True,42.354177701346245
CALIBRATION,calibration,2026082401,S2,40,middle,860,10810.275664072287,740.0,0.001964463817099217,0.004390427696882649,gap_860_vs_740,LEADER_CHALLENGER_GAP,True,1.0004883537812896,0.20425016611735855,True,2.234924185758575
CALIBRATION,calibration,2026082401,S2,40,middle,859,10779.195367535165,,0.0013833263585741984,0.0593152232621908,utility_action_859,TOP_ACTION_UTILITY,True,1.000134995842378,0.14362095954399437,True,42.878690841492606
CALIBRATION,calibration,2026082401,S2,40,middle,860,9838.910191527319,859.0,0.002036175058817015,0.0028523977941242677,gap_860_vs_859,LEADER_CHALLENGER_GAP,True,1.0003569157033976,0.20197081206616585,True,1.4008607863910607
CALIBRATION,calibration,2026082401,S2,40,middle,860,10009.18382268994,,0.0014747159172295223,0.06216762105631506,utility_action_860,TOP_ACTION_UTILITY,True,1.0005554709614244,0.14753929382992514,True,42.155658815364504
CALIBRATION,calibration,2026082401,S2,40,middle,898,11589.337574547677,,0.0008575664535774783,0.02558736872385141,utility_action_898,TOP_ACTION_UTILITY,False,1.0005173763361697,0.09232027521298038,False,29.837184765226677
CALIBRATION,calibration,2026082401,S2,40,middle,860,10279.188646992874,898.0,0.001721978862885406,0.03658025233246366,gap_860_vs_898,LEADER_CHALLENGER_GAP,False,1.000476438521001,0.17458512349681057,True,21.243148287644225
CALIBRATION,calibration,2026082401,S2,40,middle,901,10239.028600929649,,0.0009176110770221842,0.025740350585049778,utility_action_901,TOP_ACTION_UTILITY,False,1.001221298241818,0.09285130790787215,True,28.051481972713237
CALIBRATION,calibration,2026082401,S2,40,middle,860,9991.271364945196,901.0,0.001739779030259997,0.03642727047126529,gap_860_vs_901,LEADER_CHALLENGER_GAP,False,1.000471809582562,0.17390195696859054,True,20.937871900790473
CALIBRATION,calibration,2026082401,S2,40,middle,939,9631.166852611188,,0.0014921619823833612,0.06164873486956332,utility_action_939,TOP_ACTION_UTILITY,True,1.0007303095313778,0.1464385514067613,True,41.315041930698875
CALIBRATION,calibration,2026082401,S2,40,middle,860,9740.456411268384,939.0,0.002109387661295327,0.000518886186751749,gap_860_vs_939,LEADER_CHALLENGER_GAP,True,1.0005269744146572,0.20818337980292265,True,0.24598901201171947
CALIBRATION,calibration,2026082401,S2,40,middle,940,9340.21541970976,,0.0014914874296529134,0.05791027589204692,utility_action_940,TOP_ACTION_UTILITY,True,1.0006807267104458,0.14414448931506538,True,38.827196757215255
CALIBRATION,calibration,2026082401,S2,40,middle,860,9512.59229519074,940.0,0.0021193323894343214,0.0042573451642681495,gap_860_vs_940,LEADER_CHALLENGER_GAP,True,1.0004419733196432,0.206703826895154,True,2.008814278256981
CALIBRATION,calibration,2026082401,S2,40,late,658,12000.430898424913,,0.0006327278506193382,0.014756526891786073,utility_action_658,TOP_ACTION_UTILITY,False,1.0006725139227677,0.06931310773021998,True,23.32207579821533
CALIBRATION,calibration,2026082401,S2,40,late,660,10594.091359772105,658.0,0.0015679628751777551,0.04525647634778889,gap_660_vs_658,LEADER_CHALLENGER_GAP,False,1.0010393618251219,0.161386659576753,True,28.86323207279911
CALIBRATION,calibration,2026082401,S2,40,late,660,10092.511225165286,,0.0014529029407564504,0.060013003239574966,utility_action_660,TOP_ACTION_UTILITY,True,1.0013073370641328,0.1459607960770728,True,41.305583157763685
CALIBRATION,calibration,2026082401,S2,40,late,661,12600.147012443284,,0.0005815906949290573,0.013324623220357695,utility_action_661,TOP_ACTION_UTILITY,False,1.0005814139286222,0.06528377444372967,False,22.910654067433175
CALIBRATION,calibration,2026082401,S2,40,late,660,10272.37068893422,661.0,0.0015595921008437772,0.046688380019217275,gap_660_vs_661,LEADER_CHALLENGER_GAP,False,1.0012118473124398,0.15806887717939733,True,29.93627628272657
CALIBRATION,calibration,2026082401,S2,40,late,698,11125.9272582151,,0.0009067571997938262,0.027493912255979566,utility_action_698,TOP_ACTION_UTILITY,True,1.000467453588731,0.09564430610484054,True,30.321140281247274
CALIBRATION,calibration,2026082401,S2,40,late,660,10483.33352234858,698.0,0.001706721467929788,0.0325190909835954,gap_660_vs_698,LEADER_CHALLENGER_GAP,True,1.001105939908808,0.17474805584965536,True,19.05354306173946
CALIBRATION,calibration,2026082401,S2,40,late,699,10862.8575031398,,0.00027564683673014697,0.019339636741412564,utility_action_699,TOP_ACTION_UTILITY,False,1.0003290599066896,0.0287293006536046,True,70.16092392290248
CALIBRATION,calibration,2026082401,S2,40,late,660,9919.578386361478,699.0,0.0014945734504815478,0.0406733664981624,gap_660_vs_699,LEADER_CHALLENGER_GAP,False,1.0013451067894532,0.14885515182737946,True,27.214029852502428
CALIBRATION,calibration,2026082401,S2,40,late,701,10561.767388673225,,0.0009202797722935533,0.026499761093882804,utility_action_701,TOP_ACTION_UTILITY,True,1.0005664991470375,0.09457757525893831,True,28.79533147603492
CALIBRATION,calibration,2026082401,S2,40,late,660,10857.991561542118,701.0,0.0016566623907793743,0.033513242145692165,gap_660_vs_701,LEADER_CHALLENGER_GAP,True,1.0014381015785194,0.17262701581244683,True,20.2293734270903
CALIBRATION,calibration,2026082401,S2,40,late,738,13310.604494392257,,0.0005561290861616437,0.013423744678683527,utility_action_738,TOP_ACTION_UTILITY,False,1.0003475229945649,0.0641614986396203,False,24.137821618597737
CALIBRATION,calibration,2026082401,S2,40,late,660,10228.740040047516,738.0,0.001579379782171982,0.04658925856089144,gap_660_vs_738,LEADER_CHALLENGER_GAP,False,1.0014064219178584,0.15973410212714026,True,29.498451915612932
CALIBRATION,calibration,2026082401,S2,40,late,739,11350.629136151387,,0.001294813174797488,0.05601709939839454,utility_action_739,TOP_ACTION_UTILITY,True,1.0007972584686005,0.13794852993686596,True,43.26268877141735
CALIBRATION,calibration,2026082401,S2,40,late,660,10910.899333501422,739.0,0.001926373375137306,0.003995903841180426,gap_660_vs_739,LEADER_CHALLENGER_GAP,True,1.0009864550706988,0.20121981323965263,True,2.0743143010350265
CALIBRATION,calibration,2026082401,S2,40,late,740,11134.273980415343,,0.001350422709382264,0.05830983489535365,utility_action_740,TOP_ACTION_UTILITY,True,1.0005685790679533,0.14249534742026038,True,43.17895018369977
CALIBRATION,calibration,2026082401,S2,40,late,660,10548.959099575224,740.0,0.001993030386563151,0.00170316834422132,gap_660_vs_740,LEADER_CHALLENGER_GAP,True,1.0011538629218553,0.20470041561033492,True,0.8545621560533861
CALIBRATION,calibration,2026082401,S2,40,late,858,12107.987311909603,,0.000583781018509756,0.01336509612831999,utility_action_858,TOP_ACTION_UTILITY,False,1.0003232290189636,0.06423710327171155,False,22.89402310893504
CALIBRATION,calibration,2026082401,S2,40,late,660,10538.330070149083,858.0,0.0015638310942709991,0.04664790711125498,gap_660_vs_858,LEADER_CHALLENGER_GAP,False,1.0009972376759795,0.1605372216682435,True,29.829249004030405
CALIBRATION,calibration,2026082401,S2,40,late,861,10630.14398638689,,0.0006559704890797249,0.01382394251216932,utility_action_861,TOP_ACTION_UTILITY,False,1.0006009174009827,0.0676322561385345,False,21.07403113753368
CALIBRATION,calibration,2026082401,S2,40,late,660,9988.93249557764,861.0,0.001610857964049024,0.04618906072740565,gap_660_vs_861,LEADER_CHALLENGER_GAP,False,1.0013326583056918,0.1609966308388605,True,28.673577533369635
CALIBRATION,calibration,2026082401,S2,40,late,898,13199.242162741417,,0.0007895497275617258,0.025559301654335544,utility_action_898,TOP_ACTION_UTILITY,True,1.0006404570880039,0.09070975342832033,True,32.371997306955386
CALIBRATION,calibration,2026082401,S2,40,late,660,10887.158222592016,898.0,0.0016424348989237583,0.03445370158523943,gap_660_vs_898,LEADER_CHALLENGER_GAP,True,1.0004844321499522,0.17137419656531447,True,20.977209877734563
CALIBRATION,calibration,2026082401,S2,40,late,901,11217.125695778172,,0.0008720554181968857,0.025272982923577575,utility_action_901,TOP_ACTION_UTILITY,True,1.000807194552981,0.09236020283245162,True,28.980936757245907
CALIBRATION,calibration,2026082401,S2,40,late,660,10286.38279154907,901.0,0.0017085441543814562,0.03474002031599739,gap_660_vs_901,LEADER_CHALLENGER_GAP,True,1.0016402556009736,0.17328363426714902,True,20.333112390984308
CALIBRATION,calibration,2026082401,S2,40,late,939,11497.583647155987,,0.0013114110627598277,0.05893325446645266,utility_action_939,TOP_ACTION_UTILITY,True,1.0002312251768621,0.14061839345347482,True,44.93881143752843
CALIBRATION,calibration,2026082401,S2,40,late,660,10553.880985613812,939.0,0.0019733258496296533,0.0010797487731223094,gap_660_vs_939,LEADER_CHALLENGER_GAP,True,1.0007213241270425,0.20272387600836794,True,0.5471720614843985
CALIBRATION,calibration,2026082401,S2,40,late,941,13111.468888513304,,0.0005235159250911157,0.011842760408751912,utility_action_941,TOP_ACTION_UTILITY,False,1.000535434849069,0.05994535985401026,False,22.62158578402506
CALIBRATION,calibration,2026082401,S2,40,late,660,10440.214994520304,941.0,0.0015452880798670799,0.04817024283082305,gap_660_vs_941,LEADER_CHALLENGER_GAP,False,1.0015888976922371,0.15789347230455542,True,31.172338322163515
CALIBRATION,calibration,2026082401,S3,24,early,203,66499.7769446771,,0.001105348059767815,0.24494468606596706,utility_action_203,TOP_ACTION_UTILITY,False,1.0001198019812039,0.2850421909686879,True,221.59959833594783
CALIBRATION,calibration,2026082401,S3,24,early,227,69995.066358866,203.0,0.0016076343237898195,0.18128040330464812,gap_227_vs_203,LEADER_CHALLENGER_GAP,False,1.0000341949133569,0.42532507261506014,True,112.7622125392917
CALIBRATION,calibration,2026082401,S3,24,early,204,69687.93434708852,,0.0010730620985981451,0.24297957788803737,utility_action_204,TOP_ACTION_UTILITY,False,1.0000850517322128,0.28327200161162386,True,226.43570973708546
CALIBRATION,calibration,2026082401,S3,24,early,227,71710.79626333455,204.0,0.0016576294581358644,0.18324551148257784,gap_227_vs_204,LEADER_CHALLENGER_GAP,False,1.0000779696473383,0.44389446372260016,True,110.54672718512853
CALIBRATION,calibration,2026082401,S3,24,early,227,76120.39209880444,,0.0012613982206560671,0.42622508937061515,utility_action_227,TOP_ACTION_UTILITY,True,1.0000168248307153,0.34801881376812094,True,337.8989143879803
CALIBRATION,calibration,2026082401,S3,24,early,228,76173.02358111797,,0.0012506657184097557,0.41601239246606303,utility_action_228,TOP_ACTION_UTILITY,True,1.0000956849265281,0.34517699454663175,True,332.6327621700788
CALIBRATION,calibration,2026082401,S3,24,early,227,75218.89014487962,228.0,0.0016791319631131237,0.010212696904552112,gap_227_vs_228,LEADER_CHALLENGER_GAP,True,1.0000617687108486,0.46051978080218264,True,6.0821288194750895
CALIBRATION,calibration,2026082401,S3,24,early,251,65744.36900833469,,0.001100057217462485,0.2400449259136231,utility_action_251,TOP_ACTION_UTILITY,False,1.0000345639049328,0.2820619834583341,False,218.21130946928156
CALIBRATION,calibration,2026082401,S3,24,early,227,70241.92688541162,251.0,0.001599205140696084,0.1861801634569921,gap_227_vs_251,LEADER_CHALLENGER_GAP,False,1.0000214861784225,0.42384043385269865,True,116.42043832847718
CALIBRATION,calibration,2026082401,S3,24,early,252,68828.66756459932,,0.001083862564618907,0.24316238790455358,utility_action_252,TOP_ACTION_UTILITY,False,1.000069001998953,0.28435370915556024,True,224.34799008862439
CALIBRATION,calibration,2026082401,S3,24,early,227,73536.00597911357,252.0,0.0016349944014931676,0.18306270146606157,gap_227_vs_252,LEADER_CHALLENGER_GAP,False,1.000065861199397,0.44336998472329003,True,111.9653384127056
CALIBRATION,calibration,2026082401,S3,24,early,323,68931.69826855804,,0.001090043130216849,0.2507913836931941,utility_action_323,TOP_ACTION_UTILITY,True,1.000126614633283,0.2861891543478312,True,230.07473442202476
CALIBRATION,calibration,2026082401,S3,24,early,227,73263.51161077346,323.0,0.0016618459195779157,0.1754337056774211,gap_227_vs_323,LEADER_CHALLENGER_GAP,True,1.000095802119533,0.4498157113991908,True,105.565566344429
CALIBRATION,calibration,2026082401,S3,24,early,324,69146.48406507405,,0.001086828727459061,0.2500268930430303,utility_action_324,TOP_ACTION_UTILITY,True,1.000123073371233,0.2857894287881244,True,230.05178895811653
CALIBRATION,calibration,2026082401,S3,24,early,227,75257.65703237557,324.0,0.0016351822459686118,0.17619819632758493,gap_227_vs_324,LEADER_CHALLENGER_GAP,True,1.0000777806422123,0.44858165599252464,True,107.75447003658769
CALIBRATION,calibration,2026082401,S3,24,early,347,75127.5522323181,,0.001266167260312665,0.4217517893756768,utility_action_347,TOP_ACTION_UTILITY,True,1.0000374402354388,0.34704892156520656,True,333.0932670550415
CALIBRATION,calibration,2026082401,S3,24,early,227,76525.64846715357,347.0,0.0017777352178740863,0.00447329999493839,gap_227_vs_347,LEADER_CHALLENGER_GAP,True,1.0000394074658265,0.4917796860012335,True,2.516291487034728
CALIBRATION,calibration,2026082401,S3,24,early,348,75997.11006153247,,0.0012589103904001933,0.41891101497194366,utility_action_348,TOP_ACTION_UTILITY,True,1.0000892092179048,0.3470510453317679,True,332.7568174560674
CALIBRATION,calibration,2026082401,S3,24,early,227,73699.83795266606,348.0,0.0018202913977475998,0.007314074398671541,gap_227_vs_348,LEADER_CHALLENGER_GAP,True,1.000020826858318,0.49416750400196374,True,4.018078867878991
CALIBRATION,calibration,2026082401,S3,24,early,371,64291.300764137006,,0.0011393562768585528,0.25476125240712905,utility_action_371,TOP_ACTION_UTILITY,True,1.000103571992724,0.28889209316699965,True,223.60104348532658
CALIBRATION,calibration,2026082401,S3,24,early,227,71088.89215882042,371.0,0.0016966778604931814,0.17146383696348613,gap_227_vs_371,LEADER_CHALLENGER_GAP,True,1.0000554097312497,0.45237673943425544,True,101.05856919335643
CALIBRATION,calibration,2026082401,S3,24,early,372,66447.92960070082,,0.0011039024528531013,0.24280183722931387,utility_action_372,TOP_ACTION_UTILITY,False,1.0000957768673142,0.2845584097666982,False,219.94863459337202
CALIBRATION,calibration,2026082401,S3,24,early,227,72558.00143262115,372.0,0.0016615184238416428,0.18342325214130129,gap_227_vs_372,LEADER_CHALLENGER_GAP,False,1.0000694211945862,0.4475564467772248,True,110.39495530672679
CALIBRATION,calibration,2026082401,S3,24,middle,203,53663.708497402324,,0.0005999267507325118,0.05545128376035438,utility_action_203,TOP_ACTION_UTILITY,True,1.0001490665060506,0.13897560344963175,True,92.43009032794129
CALIBRATION,calibration,2026082401,S3,24,middle,204,49802.717138894506,,0.0006070329979748152,0.0530751729918567,utility_action_204,TOP_ACTION_UTILITY,True,1.000182127495513,0.1354686548812949,True,87.4337526442981
CALIBRATION,calibration,2026082401,S3,24,middle,203,50641.03499141909,204.0,0.0008371213991580886,0.002376110768497684,gap_203_vs_204,LEADER_CHALLENGER_GAP,True,1.0001173770506655,0.18838214185879168,True,2.838430329086547
CALIBRATION,calibration,2026082401,S3,24,middle,226,54018.63825035054,,0.00038834044512020554,0.02454613890698818,utility_action_226,TOP_ACTION_UTILITY,False,1.000046185518305,0.0902577369201526,True,63.20778382841441
CALIBRATION,calibration,2026082401,S3,24,middle,203,54386.38238543388,226.0,0.0007080174547127065,0.030905144853366193,gap_203_vs_226,LEADER_CHALLENGER_GAP,False,1.0000843780250077,0.16511595865800585,True,43.65025840486747
CALIBRATION,calibration,2026082401,S3,24,middle,229,50843.90106364333,,0.00038660390232173275,0.02378898482267519,utility_action_229,TOP_ACTION_UTILITY,False,1.0001722102238422,0.08717373740106495,True,61.53322478074196
CALIBRATION,calibration,2026082401,S3,24,middle,203,52549.084081823436,229.0,0.0007153128326417627,0.03166229893767919,gap_203_vs_229,LEADER_CHALLENGER_GAP,False,1.0001332843784159,0.16397535949277595,True,44.26356901881006
CALIBRATION,calibration,2026082401,S3,24,middle,251,51766.66192245345,,0.000596554520107916,0.05307525809602697,utility_action_251,TOP_ACTION_UTILITY,True,1.0000805922848677,0.1357298038015833,True,88.96966883500558
CALIBRATION,calibration,2026082401,S3,24,middle,203,52893.446496936136,251.0,0.0008428083328969179,0.0023760256643274085,gap_203_vs_251,LEADER_CHALLENGER_GAP,True,1.0000670220233718,0.1938339089183192,True,2.8191767589203645
CALIBRATION,calibration,2026082401,S3,24,middle,252,50864.699260999776,,0.0006069931971487247,0.05360419391306976,utility_action_252,TOP_ACTION_UTILITY,True,1.0001025002579829,0.13689641158934443,True,88.31102912663407
CALIBRATION,calibration,2026082401,S3,24,middle,203,52555.31046089929,252.0,0.0008485042597883846,0.0018470898472846171,gap_203_vs_252,LEADER_CHALLENGER_GAP,True,1.0001591298638053,0.19451913513008154,True,2.1768775182640545
CALIBRATION,calibration,2026082401,S3,24,middle,323,50418.73562147425,,0.0006118444123261416,0.05419985842107124,utility_action_323,TOP_ACTION_UTILITY,True,1.0001118415546717,0.1373842582895074,True,88.58438081506935
CALIBRATION,calibration,2026082401,S3,24,middle,203,50987.12281049039,323.0,0.0008659481309866694,0.0012514253392831433,gap_203_vs_323,LEADER_CHALLENGER_GAP,True,1.0001502393716908,0.19553393126208007,True,1.4451504593667261
CALIBRATION,calibration,2026082401,S3,24,middle,324,54193.19775942264,,0.0005799841614642671,0.05256433192973571,utility_action_324,TOP_ACTION_UTILITY,True,1.0000573869517964,0.13501702138775531,True,90.63063342458915
CALIBRATION,calibration,2026082401,S3,24,middle,203,54496.33777952256,324.0,0.0008276339050576402,0.0028869518306186646,gap_203_vs_324,LEADER_CHALLENGER_GAP,True,1.000072621001639,0.19320658882044006,True,3.48819908534028
CALIBRATION,calibration,2026082401,S3,24,middle,346,54318.96012035355,,0.00038136873805376484,0.02356666967064006,utility_action_346,TOP_ACTION_UTILITY,False,1.0000768812067236,0.08888343158315382,False,61.79496985229466
CALIBRATION,calibration,2026082401,S3,24,middle,203,54125.03259284531,346.0,0.0007100150860071416,0.031884614089714325,gap_203_vs_346,LEADER_CHALLENGER_GAP,False,1.0001288623510731,0.1651834992239346,True,44.906952990282825
CALIBRATION,calibration,2026082401,S3,24,middle,349,55798.5092186956,,0.00036120712359446555,0.022655541546600606,utility_action_349,TOP_ACTION_UTILITY,False,1.0000851706800107,0.08532329226678984,False,62.72174624118553
CALIBRATION,calibration,2026082401,S3,24,middle,203,53660.92079174996,349.0,0.0007028454289255387,0.03279574221375377,gap_203_vs_349,LEADER_CHALLENGER_GAP,False,1.0001773507018084,0.1628129273811957,True,46.66138650697298
CALIBRATION,calibration,2026082401,S3,24,middle,371,53007.791578432225,,0.0005949301261843349,0.055192885998208666,utility_action_371,TOP_ACTION_UTILITY,True,1.0000771385469183,0.1369732677675997,True,92.77204762212283
CALIBRATION,calibration,2026082401,S3,24,middle,203,53233.3012439791,371.0,0.0008425449542736177,0.0002583977621457139,gap_203_vs_371,LEADER_CHALLENGER_GAP,True,1.000051837471389,0.19439486194903466,True,0.30668721097319496
CALIBRATION,calibration,2026082401,S3,24,middle,372,52069.20477830093,,0.0005802602032319149,0.0503121560807083,utility_action_372,TOP_ACTION_UTILITY,False,1.0002211442132378,0.13240770506367344,True,86.70619801337615
CALIBRATION,calibration,2026082401,S3,24,middle,203,52797.191106422,372.0,0.0008365065042288981,0.0051391276796460775,gap_203_vs_372,LEADER_CHALLENGER_GAP,False,1.0001801829162906,0.1922094478567644,True,6.143559737629761
CALIBRATION,calibration,2026082401,S3,24,late,202,57167.332952323246,,0.00025230546713497884,0.012130669327617607,utility_action_202,TOP_ACTION_UTILITY,False,1.000082295561643,0.060325457874509596,False,48.079296359947364
CALIBRATION,calibration,2026082401,S3,24,late,371,49755.11662388997,202.0,0.0006761920105940142,0.043457321675401464,gap_371_vs_202,LEADER_CHALLENGER_GAP,False,1.0000988886440232,0.15083040924672764,True,64.26772424777027
CALIBRATION,calibration,2026082401,S3,24,late,226,49933.68146728392,,0.0004050689356164496,0.02458863832102108,utility_action_226,TOP_ACTION_UTILITY,True,1.0001040958229361,0.09051607884428062,True,60.70235497965584
CALIBRATION,calibration,2026082401,S3,24,late,371,48570.91516596805,226.0,0.0007506516499672927,0.03099935268199799,gap_371_vs_226,LEADER_CHALLENGER_GAP,True,1.0001395172708645,0.16543469182521056,True,41.29658901482291
CALIBRATION,calibration,2026082401,S3,24,late,227,55203.173489936926,,0.00012093151211232887,0.019056754086665163,utility_action_227,TOP_ACTION_UTILITY,False,1.0001213971603193,0.028413288806566468,True,157.58302988028495
CALIBRATION,calibration,2026082401,S3,24,late,371,48491.11481600725,227.0,0.0006404416789438678,0.036531236916353904,gap_371_vs_227,LEADER_CHALLENGER_GAP,False,1.0001305779094047,0.14102972911376624,True,57.04069256797343
CALIBRATION,calibration,2026082401,S3,24,late,229,51922.33913599071,,0.0003878737228767603,0.024117976784228445,utility_action_229,TOP_ACTION_UTILITY,True,1.0001571066533432,0.08838274450609737,True,62.17997085585374
CALIBRATION,calibration,2026082401,S3,24,late,371,49416.97430117494,229.0,0.0007384309954532068,0.031470014218790615,gap_371_vs_229,LEADER_CHALLENGER_GAP,True,1.0001999506865638,0.16415268594788493,True,42.61740692436145
CALIBRATION,calibration,2026082401,S3,24,late,250,52117.98290241171,,0.0002754963319019201,0.01253965755274056,utility_action_250,TOP_ACTION_UTILITY,False,1.0001646008472391,0.06289405850862217,True,45.51660439967246
CALIBRATION,calibration,2026082401,S3,24,late,371,49219.60766252428,250.0,0.0006847203898560679,0.04304833345027851,gap_371_vs_250,LEADER_CHALLENGER_GAP,False,1.000093982734124,0.15190859060750528,True,62.86994529157736
CALIBRATION,calibration,2026082401,S3,24,late,251,52406.210479384754,,0.0005777366753858756,0.05127921447793149,utility_action_251,TOP_ACTION_UTILITY,True,1.0002366507434208,0.13225780670583392,True,88.75880078702228
CALIBRATION,calibration,2026082401,S3,24,late,371,50456.43838302952,251.0,0.0008527083417539004,0.004308776525087576,gap_371_vs_251,LEADER_CHALLENGER_GAP,True,1.0001659753237733,0.19153970191457342,True,5.053048403660544
CALIBRATION,calibration,2026082401,S3,24,late,322,55646.34493532589,,0.0002544304312230264,0.011833396559827977,utility_action_322,TOP_ACTION_UTILITY,False,1.0001190089588794,0.06001880936049756,False,46.50936015375913
CALIBRATION,calibration,2026082401,S3,24,late,371,50232.665871281584,322.0,0.0006710786751853014,0.04375459444319109,gap_371_vs_322,LEADER_CHALLENGER_GAP,False,1.0001055053427954,0.15040648156168598,True,65.20039462006353
CALIBRATION,calibration,2026082401,S3,24,late,324,49543.67254447678,,0.0006071324806998242,0.052520144697914356,utility_action_324,TOP_ACTION_UTILITY,True,1.0002770410266872,0.13513802448425113,True,86.50524616534418
CALIBRATION,calibration,2026082401,S3,24,late,371,48416.05056315908,324.0,0.0008797466773901737,0.003067846305104708,gap_371_vs_324,LEADER_CHALLENGER_GAP,True,1.000188582095044,0.1935763582511518,True,3.4871928294241195
CALIBRATION,calibration,2026082401,S3,24,late,346,51326.78160716882,,0.00038893782560211153,0.023457028085225172,utility_action_346,TOP_ACTION_UTILITY,True,1.000081225117159,0.08811547738765763,True,60.310482913076235
CALIBRATION,calibration,2026082401,S3,24,late,371,48469.94432377477,346.0,0.0007429696644952239,0.032130962917793895,gap_371_vs_346,LEADER_CHALLENGER_GAP,True,1.0000796878808513,0.16357138925650033,True,43.24666867741333
CALIBRATION,calibration,2026082401,S3,24,late,349,56796.947561758534,,0.00035675334335152816,0.02236911458038547,utility_action_349,TOP_ACTION_UTILITY,False,1.0001849870835184,0.08502184985731648,True,62.70190594498223
CALIBRATION,calibration,2026082401,S3,24,late,371,49861.320722940254,349.0,0.0007266727921417622,0.033218876422633596,gap_371_vs_349,LEADER_CHALLENGER_GAP,False,1.000146801316084,0.16226348105956132,True,45.71366477713552
CALIBRATION,calibration,2026082401,S3,24,late,370,51135.62348320459,,0.0002738675198536661,0.012011505016812998,utility_action_370,TOP_ACTION_UTILITY,False,1.0001597200932626,0.061930174913611725,False,43.85881547118486
CALIBRATION,calibration,2026082401,S3,24,late,371,48303.984625661404,370.0,0.0006821390897324613,0.043576485986206066,gap_371_vs_370,LEADER_CHALLENGER_GAP,False,1.0001183689762698,0.1499216716620776,True,63.88211237578689
CALIBRATION,calibration,2026082401,S3,24,late,371,48139.423951918165,,0.0006301157520378247,0.055587991003019074,utility_action_371,TOP_ACTION_UTILITY,True,1.00012285588691,0.13825179575472407,True,88.21869763332346
CALIBRATION,calibration,2026082401,S3,24,late,372,51789.321533172384,,0.000580083364153341,0.05010429569858771,utility_action_372,TOP_ACTION_UTILITY,True,1.0001364037282607,0.13201112179011934,True,86.37430203108357
CALIBRATION,calibration,2026082401,S3,24,late,371,49043.51302708013,372.0,0.0008392076528361804,0.005483695304431359,gap_371_vs_372,LEADER_CHALLENGER_GAP,True,1.0001930589711214,0.18584899688057488,True,6.5343723760128976
CALIBRATION,calibration,2026082401,S3,40,early,659,22323.868787422754,,0.0019143209087059696,0.25110119435700906,utility_action_659,TOP_ACTION_UTILITY,True,1.0003954984045595,0.286022022613317,True,131.16985413210935
CALIBRATION,calibration,2026082401,S3,40,early,900,23784.596411790717,659.0,0.0029407998932694055,0.17653498049413657,gap_900_vs_659,LEADER_CHALLENGER_GAP,True,1.0004088981328279,0.45353767272181067,True,60.02957933253851
CALIBRATION,calibration,2026082401,S3,40,early,660,22836.217369524664,,0.0018886209331730685,0.24838037230097776,utility_action_660,TOP_ACTION_UTILITY,False,1.000237999014197,0.2854019152077112,True,131.5141476715893
CALIBRATION,calibration,2026082401,S3,40,early,900,23614.909547316263,660.0,0.002966678512049229,0.17925580255016788,gap_900_vs_660,LEADER_CHALLENGER_GAP,False,1.0002451156266126,0.45589374038848124,True,60.42306297164204
CALIBRATION,calibration,2026082401,S3,40,early,699,24311.59480547651,,0.0022383402398874334,0.4239018939446265,utility_action_699,TOP_ACTION_UTILITY,True,1.0003909051822186,0.3490059465524129,True,189.38224242706937
CALIBRATION,calibration,2026082401,S3,40,early,900,25020.172300948772,699.0,0.0031270722298885802,0.003734280906519169,gap_900_vs_699,LEADER_CHALLENGER_GAP,True,1.0002817262438994,0.49463296973297766,True,1.1941780144465113
CALIBRATION,calibration,2026082401,S3,40,early,700,24630.200505837725,,0.002188972108872325,0.4109964307291917,utility_action_700,TOP_ACTION_UTILITY,True,1.0002415302085317,0.34353754014446264,True,187.75772841661347
CALIBRATION,calibration,2026082401,S3,40,early,900,24716.7968228062,700.0,0.003124157655958946,0.01663974412195395,gap_900_vs_700,LEADER_CHALLENGER_GAP,True,1.0003959131923141,0.49116683644116654,True,5.326153784273878
CALIBRATION,calibration,2026082401,S3,40,early,739,22995.769423288475,,0.0018648762939120775,0.23976096862952512,utility_action_739,TOP_ACTION_UTILITY,False,1.0003521477762063,0.28279648099124544,False,128.56668799546068
CALIBRATION,calibration,2026082401,S3,40,early,900,25150.999958302382,739.0,0.002816598605553887,0.18787520622162052,gap_900_vs_739,LEADER_CHALLENGER_GAP,False,1.0005594355890859,0.4466862541794093,True,66.70286843541011
CALIBRATION,calibration,2026082401,S3,40,early,740,22822.366285914744,,0.0018857754957726353,0.24858039975826374,utility_action_740,TOP_ACTION_UTILITY,False,1.0002888941009775,0.2848854859002632,True,131.81866044792145
CALIBRATION,calibration,2026082401,S3,40,early,900,24175.197255522602,740.0,0.0028778444414513746,0.1790557750928819,gap_900_vs_740,LEADER_CHALLENGER_GAP,False,1.000422820333026,0.44745805253534743,True,62.218712211761954
CALIBRATION,calibration,2026082401,S3,40,early,859,21567.29780638658,,0.0019583778373803446,0.2504616145320164,utility_action_859,TOP_ACTION_UTILITY,True,1.0006105563900232,0.28760362341486984,True,127.89238611229912
CALIBRATION,calibration,2026082401,S3,40,early,900,22980.721825685276,859.0,0.002948812767588298,0.17717456031912926,gap_900_vs_859,LEADER_CHALLENGER_GAP,True,1.0005337611224685,0.4470221377950275,True,60.083353635243654
CALIBRATION,calibration,2026082401,S3,40,early,860,23233.423409683925,,0.0018989942604461533,0.2540120771904838,utility_action_860,TOP_ACTION_UTILITY,True,1.0006196230762923,0.28945446666591285,True,133.76137173305924
CALIBRATION,calibration,2026082401,S3,40,early,900,24914.42564827506,860.0,0.002709909815472657,0.17362409766066184,gap_900_vs_860,LEADER_CHALLENGER_GAP,True,1.0003735020727027,0.4277404065919329,True,64.0700648668556
CALIBRATION,calibration,2026082401,S3,40,early,899,24434.42554755812,,0.0022203154563061175,0.42707006339757475,utility_action_899,TOP_ACTION_UTILITY,True,1.0003805836144375,0.3470689395376906,True,192.346570477008
CALIBRATION,calibration,2026082401,S3,40,early,900,26092.188332549078,899.0,0.0028621293100665325,0.0005661114535708921,gap_900_vs_899,LEADER_CHALLENGER_GAP,True,1.0002380396037802,0.4623219395626185,True,0.1977938074215565
CALIBRATION,calibration,2026082401,S3,40,early,900,25322.198926252197,,0.0022000653445009718,0.42763617485114563,utility_action_900,TOP_ACTION_UTILITY,True,1.0005989936608202,0.3500953062289957,True,194.37430616323076
CALIBRATION,calibration,2026082401,S3,40,early,939,22836.649462609632,,0.0019265724603166477,0.2599363380380485,utility_action_939,TOP_ACTION_UTILITY,True,1.0003406623522504,0.29113977411704545,True,134.92165147804815
CALIBRATION,calibration,2026082401,S3,40,early,900,23072.36238029239,939.0,0.002952886467970584,0.16769983681309708,gap_900_vs_939,LEADER_CHALLENGER_GAP,True,1.000386432749608,0.44853132766065723,True,56.79183356085861
CALIBRATION,calibration,2026082401,S3,40,early,940,22393.47488444694,,0.0019079946420647621,0.24259955016851603,utility_action_940,TOP_ACTION_UTILITY,False,1.0003645432135004,0.28552089467857933,False,127.14896825181
CALIBRATION,calibration,2026082401,S3,40,early,900,22964.515691807293,940.0,0.0028407265016863704,0.18503662468262966,gap_900_vs_940,LEADER_CHALLENGER_GAP,False,1.000321386247159,0.4304850446158151,True,65.13707833991917
CALIBRATION,calibration,2026082401,S3,40,middle,659,20446.23993841042,,0.0010030350521043774,0.06021361948034122,utility_action_659,TOP_ACTION_UTILITY,True,1.000286417600547,0.14342433226930817,True,60.03142098973755
CALIBRATION,calibration,2026082401,S3,40,middle,939,19841.25372549515,659.0,0.001450840114794645,0.0010426172233293997,gap_939_vs_659,LEADER_CHALLENGER_GAP,True,1.0002621625926464,0.20436386632911968,True,0.7186299942340469
CALIBRATION,calibration,2026082401,S3,40,middle,660,20551.38193313266,,0.0009759958066770192,0.0572127283810743,utility_action_660,TOP_ACTION_UTILITY,True,1.000393756052014,0.1399163499241772,True,58.61985060762396
CALIBRATION,calibration,2026082401,S3,40,middle,939,21000.101963473076,660.0,0.0013865351528420432,0.004043508322596324,gap_939_vs_660,LEADER_CHALLENGER_GAP,True,1.000385519266701,0.20092852050943655,True,2.9162681626269364
CALIBRATION,calibration,2026082401,S3,40,middle,698,20086.237164804646,,0.0006608130844349517,0.026849338230797184,utility_action_698,TOP_ACTION_UTILITY,False,1.0001229480208633,0.09365434412293323,True,40.63076059360345
CALIBRATION,calibration,2026082401,S3,40,middle,939,19769.034236650332,698.0,0.0012275342297000625,0.03440689847287344,gap_939_vs_698,LEADER_CHALLENGER_GAP,False,1.0003182054722786,0.1725942559444426,True,28.029278239581533
CALIBRATION,calibration,2026082401,S3,40,middle,701,20700.81604042746,,0.0006126026685214406,0.02366906229160975,utility_action_701,TOP_ACTION_UTILITY,False,1.0005912670587573,0.08813991295398055,False,38.63689061090231
CALIBRATION,calibration,2026082401,S3,40,middle,939,19791.549124054356,701.0,0.00120858162536843,0.03758717441206087,gap_939_vs_701,LEADER_CHALLENGER_GAP,False,1.0002960820038227,0.17002621285379618,True,31.100236527758405
CALIBRATION,calibration,2026082401,S3,40,middle,739,20790.86717558148,,0.0009727416727465611,0.056539092724878774,utility_action_739,TOP_ACTION_UTILITY,True,1.000537669020024,0.1402599964646028,True,58.12344048676273
CALIBRATION,calibration,2026082401,S3,40,middle,939,19910.67334721962,739.0,0.0014370308010396124,0.004717143978791858,gap_939_vs_739,LEADER_CHALLENGER_GAP,True,1.0003868375377967,0.20277249760850283,True,3.282562889660587
CALIBRATION,calibration,2026082401,S3,40,middle,740,21407.685119051956,,0.0009532347892995394,0.05716904245425665,utility_action_740,TOP_ACTION_UTILITY,True,1.000168948696813,0.1394712644003421,True,59.97372640613115
CALIBRATION,calibration,2026082401,S3,40,middle,939,20057.18193224736,740.0,0.0014275470860186117,0.004087194249413977,gap_939_vs_740,LEADER_CHALLENGER_GAP,True,1.0003869394118707,0.20217404428599633,True,2.8630889232614005
CALIBRATION,calibration,2026082401,S3,40,middle,859,21292.998286831702,,0.0010031295024546224,0.06044794698955412,utility_action_859,TOP_ACTION_UTILITY,True,1.0003743783391585,0.1463778665191627,True,60.259365158376994
CALIBRATION,calibration,2026082401,S3,40,middle,939,20917.34292677946,859.0,0.001423957003901364,0.000808289714116501,gap_939_vs_859,LEADER_CHALLENGER_GAP,True,1.000268103270323,0.20594446974923233,True,0.5676363204099176
CALIBRATION,calibration,2026082401,S3,40,middle,860,21215.828587420376,,0.0009977619465917798,0.060846305750099576,utility_action_860,TOP_ACTION_UTILITY,True,1.000649534011936,0.14533055611284285,True,60.982788487717286
CALIBRATION,calibration,2026082401,S3,40,middle,939,20327.173154562668,860.0,0.001445436773377362,0.00040993095357105044,gap_939_vs_860,LEADER_CHALLENGER_GAP,True,1.0004686010360484,0.20608082901525687,True,0.2836035177195739
CALIBRATION,calibration,2026082401,S3,40,middle,898,24184.186730661026,,0.0005988487807362215,0.026507401780507138,utility_action_898,TOP_ACTION_UTILITY,False,1.00027557257745,0.09312856550226126,True,44.263932119756646
CALIBRATION,calibration,2026082401,S3,40,middle,939,20484.475543441786,898.0,0.0012025230838619793,0.03474883492316349,gap_939_vs_898,LEADER_CHALLENGER_GAP,False,1.0002422367509831,0.17210989775414792,True,28.896605303879404
CALIBRATION,calibration,2026082401,S3,40,middle,901,21892.25420997904,,0.0006257426764161939,0.02614315852706353,utility_action_901,TOP_ACTION_UTILITY,False,1.0003096410187753,0.09258508223234155,False,41.779407913797456
CALIBRATION,calibration,2026082401,S3,40,middle,939,20181.920630162665,901.0,0.0012165917107028316,0.035113078176607096,gap_939_vs_901,LEADER_CHALLENGER_GAP,False,1.0004012651883611,0.17283277379353348,True,28.861842364783236
CALIBRATION,calibration,2026082401,S3,40,middle,939,19560.866281352974,,0.001040384810762043,0.06125623670367063,utility_action_939,TOP_ACTION_UTILITY,True,1.0003590509818494,0.1455083932587392,True,58.87844196687446
CALIBRATION,calibration,2026082401,S3,40,middle,940,21933.34388270731,,0.0009493526171482661,0.05682039075330275,utility_action_940,TOP_ACTION_UTILITY,True,1.0002664534737173,0.14059826966274194,True,59.85172392949623
CALIBRATION,calibration,2026082401,S3,40,middle,939,20987.00541288344,940.0,0.0013521407305832147,0.004435845950367883,gap_939_vs_940,LEADER_CHALLENGER_GAP,True,1.0002807967735927,0.1958831740053662,True,3.2806096658700485
CALIBRATION,calibration,2026082401,S3,40,late,658,24894.130164598584,,0.000417689786646934,0.01387492334224964,utility_action_658,TOP_ACTION_UTILITY,False,1.0001995473330398,0.06590256741227973,True,33.21824901114442
CALIBRATION,calibration,2026082401,S3,40,late,740,21786.566549359373,658.0,0.0010737826910196624,0.04552015725240431,gap_740_vs_658,LEADER_CHALLENGER_GAP,False,1.0004486201368283,0.15849325897067398,True,42.39233658085738
CALIBRATION,calibration,2026082401,S3,40,late,660,21489.750611999254,,0.0009735632380405861,0.05932724004571955,utility_action_660,TOP_ACTION_UTILITY,True,1.0003287597187736,0.14271836254286516,True,60.938250056691544
CALIBRATION,calibration,2026082401,S3,40,late,740,20882.398243123575,660.0,0.0013976828776600604,6.784054893439403e-05,gap_740_vs_660,LEADER_CHALLENGER_GAP,True,1.0002892284395957,0.20197556504473668,True,0.048537869368457685
CALIBRATION,calibration,2026082401,S3,40,late,661,22467.889674605285,,0.0004157724889824274,0.012442997984472692,utility_action_661,TOP_ACTION_UTILITY,False,1.0001882001259692,0.06232135549217953,False,29.927420197825054
CALIBRATION,calibration,2026082401,S3,40,late,740,21646.550513166705,661.0,0.001066919173366704,0.04695208261018125,gap_740_vs_661,LEADER_CHALLENGER_GAP,False,1.0002195732023391,0.15697332927670932,True,44.007159850752494
CALIBRATION,calibration,2026082401,S3,40,late,698,23103.73206096769,,0.0005951303186386499,0.025309655027516528,utility_action_698,TOP_ACTION_UTILITY,True,1.0002505801879185,0.0904592838965485,True,42.52792075089019
CALIBRATION,calibration,2026082401,S3,40,late,740,21987.21046660894,698.0,0.0011458305570825394,0.03408542556713742,gap_740_vs_698,LEADER_CHALLENGER_GAP,True,1.0001815949346535,0.16990472892109654,True,29.74735257010788
CALIBRATION,calibration,2026082401,S3,40,late,699,21647.110508110505,,0.00019510501083187974,0.019335089250556492,utility_action_699,TOP_ACTION_UTILITY,False,1.0003299768078406,0.028705716441183204,True,99.10093630151492
CALIBRATION,calibration,2026082401,S3,40,late,740,21562.4300865995,699.0,0.000999007577270344,0.040059991344097455,gap_740_vs_699,LEADER_CHALLENGER_GAP,False,1.000369739342986,0.1466957846430829,True,40.099787284452916
CALIBRATION,calibration,2026082401,S3,40,late,701,21051.123825331568,,0.00061070459502905,0.023866843342956787,utility_action_701,TOP_ACTION_UTILITY,True,1.00030443337543,0.08860716278784533,True,39.080831448175836
CALIBRATION,calibration,2026082401,S3,40,late,740,21240.06415479877,701.0,0.0011579690881724375,0.03552823725169715,gap_740_vs_701,LEADER_CHALLENGER_GAP,True,1.0003453869863927,0.16876208340531593,True,30.68150748978069
CALIBRATION,calibration,2026082401,S3,40,late,738,25701.921512900837,,0.00040824085675435174,0.01369191397655059,utility_action_738,TOP_ACTION_UTILITY,False,1.0002040241462224,0.06544843456158506,False,33.53881354601737
CALIBRATION,calibration,2026082401,S3,40,late,740,22532.6255695948,738.0,0.0010516120762583177,0.04570316661810335,gap_740_vs_738,LEADER_CHALLENGER_GAP,False,1.000381129491722,0.15785613482074626,True,43.460100592147285
CALIBRATION,calibration,2026082401,S3,40,late,739,20521.914455369915,,0.0009759557115239021,0.05644981765303164,utility_action_739,TOP_ACTION_UTILITY,True,1.0004095961281367,0.13981026100506047,True,57.84055258500235
CALIBRATION,calibration,2026082401,S3,40,late,740,21201.937423369673,739.0,0.0013384141499120502,0.0029452629416223033,gap_740_vs_739,LEADER_CHALLENGER_GAP,True,1.000428495384016,0.1948849462267207,True,2.200561718370836
CALIBRATION,calibration,2026082401,S3,40,late,740,21640.521128725686,,0.0009768322821191926,0.05939508059465395,utility_action_740,TOP_ACTION_UTILITY,True,1.0003313628642483,0.1436990381096376,True,60.80376506988391
CALIBRATION,calibration,2026082401,S3,40,late,741,23019.603708339102,,0.00041040101105872074,0.01253484960495623,utility_action_741,TOP_ACTION_UTILITY,False,1.0004108542291925,0.06226691416786192,False,30.54293061466831
CALIBRATION,calibration,2026082401,S3,40,late,740,21649.457133528867,741.0,0.0010528243875073777,0.046860230989697715,gap_740_vs_741,LEADER_CHALLENGER_GAP,False,1.0003236888240785,0.15490999563994773,True,44.50906679759006
CALIBRATION,calibration,2026082401,S3,40,late,861,21745.814599833364,,0.00043134877497110987,0.013363145368819265,utility_action_861,TOP_ACTION_UTILITY,False,1.000395444696075,0.06360868384393277,False,30.97990800997239
CALIBRATION,calibration,2026082401,S3,40,late,740,21813.75396444341,861.0,0.0010618888135024384,0.04603193522583468,gap_740_vs_861,LEADER_CHALLENGER_GAP,False,1.0004000247753329,0.15683545599504303,True,43.349110227470135
CALIBRATION,calibration,2026082401,S3,40,late,898,23094.66199196702,,0.0006113046640213837,0.025928231383361373,utility_action_898,TOP_ACTION_UTILITY,True,1.0001758902107833,0.09289952950765967,True,42.41458131988732
CALIBRATION,calibration,2026082401,S3,40,late,740,22404.218233431395,898.0,0.0011461265479018766,0.03346684921129258,gap_740_vs_898,LEADER_CHALLENGER_GAP,True,1.0002868769011208,0.171552665168037,True,29.19995987577262
CALIBRATION,calibration,2026082401,S3,40,late,901,21979.289484246437,,0.0006362639228709367,0.026008573693692777,utility_action_901,TOP_ACTION_UTILITY,True,1.0001336461430401,0.09432875953328676,True,40.87702093234744
CALIBRATION,calibration,2026082401,S3,40,late,740,21882.96900846957,901.0,0.0011604879610530197,0.03338650690096117,gap_740_vs_901,LEADER_CHALLENGER_GAP,True,1.00029009147613,0.1716697450140122,True,28.769369456160888
CALIBRATION,calibration,2026082401,S3,40,late,938,24313.919136424225,,0.0004076971083093247,0.012608909228221353,utility_action_938,TOP_ACTION_UTILITY,False,1.0001120423156573,0.06357188880914448,False,30.92714903107633
CALIBRATION,calibration,2026082401,S3,40,late,740,21680.98110224712,938.0,0.001069192007047368,0.046786171366432594,gap_740_vs_938,LEADER_CHALLENGER_GAP,False,1.0002532741944168,0.15743278161610175,True,43.75843726669371
CALIBRATION,calibration,2026082401,S3,40,late,939,19777.317325761986,,0.0009985828142874036,0.05723556366676699,utility_action_939,TOP_ACTION_UTILITY,True,1.0004603840212254,0.1404325488757306,True,57.31679220577287
CALIBRATION,calibration,2026082401,S3,40,late,740,20364.982713518235,939.0,0.001402280170443368,0.0021595169278869506,gap_740_vs_939,LEADER_CHALLENGER_GAP,True,1.0002725763059317,0.20011369710318974,True,1.5400038975122654
