reference_update_kind,observation_count,sigma_obs_standardized,dense_update_solve_seconds,posterior_mean_solve_relative_residual,dense_inverse_relative_residual,total_reference_update_seconds,principal_precision_submatrix_used,repeated_500_rhs_marginalization,active_factor_count,inference_kind,warm_start_source,approximation,optimizer,optimizer_success,optimizer_iterations,optimizer_function_evaluations,gradient_infinity_norm,map_optimization_seconds,optimizer_attempts,factor_energy_gradient_calls,factor_energy_gradient_element_work,factor_energy_gradient_seconds,hessian_construction_seconds,factor_hessian_calls,factor_hessian_element_work,factor_hessian_seconds,dense_cholesky_seconds,laplace_solve_relative_residual,laplace_spd_cholesky_success,stage_conditioning_seconds,method,pbe_conditioning_seconds,active_factor_fraction,selected_action_position,selected_action_key,selected_ei_standardized,adaptive_stages,structural_envelope,full_bank_fallback,structurally_certified,total_decision_seconds,hyperparameters_fit_or_updated,seed,query_index,stop_reason,maximum_contribution_sum_error,warm_start_across_bo_used,warm_start_across_stages_used,worst_challenger_action_position,menz_incremental_update_seconds
J_H0_plus_diagonal_observations,8,0.05,0.002777291927486658,7.623568996458801e-16,1.0139199022155217e-15,0.00410491693764925,False,False,124718,laplace,zero_fallback_first_state,Laplace Gaussian; not the exact conditioned posterior,scipy.optimize.minimize/L-BFGS-B,True,3,8,3.527200254274665e-06,0.2000243328511715,"[{'attempt': 1, 'start_source': 'initial_map', 'success': True, 'status': 0, 'message': 'CONVERGENCE: RELATIVE REDUCTION OF F <= FACTR*EPSMCH', 'iterations': 68, 'function_evaluations': 83, 'objective': 161.62196151626182, 'gradient_infinity_norm': 1.3543192432269313e-05}, {'attempt': 2, 'start_source': 'first_attempt_candidate', 'success': True, 'status': 0, 'message': 'CONVERGENCE: RELATIVE REDUCTION OF F <= FACTR*EPSMCH', 'iterations': 3, 'function_evaluations': 8, 'objective': 161.62196151626136, 'gradient_infinity_norm': 3.527200254274665e-06}]",93,11598774,0.19497333839535713,0.0030484579037874937,1,124718,0.0030470408964902163,0.00042220810428261757,1.5606460934214666e-15,True,0.20775037491694093,FULL_PBE_OPT,0.20775037491694093,1.0,13,current-nlr-pbe-gw-v1:gw:matdb:000010014,0.006858792551484388,0,0.0,False,True,0.2124993340112269,False,0,1,,,,,,
J_H0_plus_diagonal_observations,9,0.05,0.0022219999227672815,1.037315548884487e-15,9.451253771033034e-16,0.0034739170223474503,False,False,124718,laplace,preceding_FULL_PBE_OPT_MAP,Laplace Gaussian; not the exact conditioned posterior,scipy.optimize.minimize/L-BFGS-B,True,75,83,5.398742042514448e-06,0.184368500020355,"[{'attempt': 1, 'start_source': 'initial_map', 'success': True, 'status': 0, 'message': 'CONVERGENCE: RELATIVE REDUCTION OF F <= FACTR*EPSMCH', 'iterations': 75, 'function_evaluations': 83, 'objective': 160.7773505898595, 'gradient_infinity_norm': 5.398742042514448e-06}]",84,10476312,0.18068653531372547,0.0029609589837491512,1,124718,0.0029597501270473003,0.00040525011718273163,1.5799063086141804e-15,True,0.19199037505313754,FULL_PBE_OPT,0.19199037505313754,1.0,165,current-nlr-pbe-gw-v1:gw:matdb:000010579,3.043409618782233e-05,0,0.0,False,True,0.19570387504063547,False,0,2,,,,,,
J_H0_plus_diagonal_observations,10,0.05,0.0020883330143988132,5.552488655518191e-16,9.895328160992118e-16,0.00328166619874537,False,False,124718,laplace,preceding_FULL_PBE_OPT_MAP,Laplace Gaussian; not the exact conditioned posterior,scipy.optimize.minimize/L-BFGS-B,True,67,75,7.315406418850756e-06,0.18575666705146432,"[{'attempt': 1, 'start_source': 'initial_map', 'success': True, 'status': 0, 'message': 'CONVERGENCE: RELATIVE REDUCTION OF F <= FACTR*EPSMCH', 'iterations': 67, 'function_evaluations': 75, 'objective': 160.0656503191879, 'gradient_infinity_norm': 7.315406418850756e-06}]",76,9478568,0.18047820194624364,0.0029822499491274357,1,124718,0.002982041100040078,0.0004956668708473444,1.6001757074031508e-15,True,0.19341945787891746,FULL_PBE_OPT,0.19341945787891746,1.0,15,current-nlr-pbe-gw-v1:gw:matdb:000010786,1.6084819253116007e-05,0,0.0,False,True,0.19697616691701114,False,0,3,,,,,,
J_H0_plus_diagonal_observations,11,0.05,0.0021262909285724163,9.10401926378614e-16,9.972950471337662e-16,0.0033637089654803276,False,False,124718,laplace,preceding_FULL_PBE_OPT_MAP,Laplace Gaussian; not the exact conditioned posterior,scipy.optimize.minimize/L-BFGS-B,True,69,76,3.1693319375303286e-06,0.17159362486563623,"[{'attempt': 1, 'start_source': 'initial_map', 'success': True, 'status': 0, 'message': 'CONVERGENCE: RELATIVE REDUCTION OF F <= FACTR*EPSMCH', 'iterations': 69, 'function_evaluations': 76, 'objective': 159.39139412453264, 'gradient_infinity_norm': 3.1693319375303286e-06}]",77,9603286,0.16818520217202604,0.003111958969384432,1,124718,0.00311166699975729,0.000994209200143814,1.5485588218946586e-15,True,0.18170324992388487,FULL_PBE_OPT,0.18170324992388487,1.0,11,current-nlr-pbe-gw-v1:gw:matdb:000010003,2.8833522539377084e-06,0,0.0,False,True,0.18531366693787277,False,0,4,,,,,,
J_H0_plus_diagonal_observations,12,0.05,0.002299417043104768,8.162510161976972e-16,1.0234961748870803e-15,0.0035616671666502953,False,False,124718,laplace,preceding_FULL_PBE_OPT_MAP,Laplace Gaussian; not the exact conditioned posterior,scipy.optimize.minimize/L-BFGS-B,True,44,51,6.787245133477171e-06,0.11840804107487202,"[{'attempt': 1, 'start_source': 'initial_map', 'success': True, 'status': 0, 'message': 'CONVERGENCE: RELATIVE REDUCTION OF F <= FACTR*EPSMCH', 'iterations': 44, 'function_evaluations': 51, 'objective': 159.29427722868684, 'gradient_infinity_norm': 6.787245133477171e-06}]",52,6485336,0.11558316857554018,0.003025874961167574,1,124718,0.0030254998710006475,0.00039762514643371105,1.5762117067965176e-15,True,0.12594550009816885,FULL_PBE_OPT,0.12594550009816885,1.0,12,current-nlr-pbe-gw-v1:gw:matdb:000009592,2.9734569317209217e-06,0,0.0,False,True,0.1300450840499252,False,0,5,,,,,,
J_H0_plus_diagonal_observations,13,0.05,0.0022432911209762096,9.54101633010618e-16,1.005010094620717e-15,0.0034639169462025166,False,False,124718,laplace,preceding_FULL_PBE_OPT_MAP,Laplace Gaussian; not the exact conditioned posterior,scipy.optimize.minimize/L-BFGS-B,True,37,45,1.304400363319469e-06,0.10126087488606572,"[{'attempt': 1, 'start_source': 'initial_map', 'success': True, 'status': 0, 'message': 'CONVERGENCE: RELATIVE REDUCTION OF F <= FACTR*EPSMCH', 'iterations': 37, 'function_evaluations': 45, 'objective': 159.2690311722482, 'gradient_infinity_norm': 1.304400363319469e-06}]",46,5737028,0.09919062023982406,0.0032093750778585672,1,124718,0.003209042130038142,0.0003960840404033661,1.5425509504268741e-15,True,0.10866116709075868,FULL_PBE_OPT,0.10866116709075868,1.0,5,current-nlr-pbe-gw-v1:gw:matdb:000011924,2.0828424957647804e-06,0,0.0,False,True,0.1123800000641495,False,0,6,,,,,,
J_H0_plus_diagonal_observations,14,0.05,0.0028440828900784254,7.251914024306507e-16,1.0106851488790943e-15,0.0040497498121112585,False,False,124718,laplace,preceding_FULL_PBE_OPT_MAP,Laplace Gaussian; not the exact conditioned posterior,scipy.optimize.minimize/L-BFGS-B,True,75,81,1.5572540767311294e-06,0.17486379202455282,"[{'attempt': 1, 'start_source': 'initial_map', 'success': True, 'status': 0, 'message': 'CONVERGENCE: RELATIVE REDUCTION OF F <= FACTR*EPSMCH', 'iterations': 75, 'function_evaluations': 81, 'objective': 158.4240916207737, 'gradient_infinity_norm': 1.5572540767311294e-06}]",82,10226876,0.171144082210958,0.00299249985255301,1,124718,0.0029921659734100103,0.0003735420759767294,1.578923405730835e-15,True,0.18259341712109745,FULL_PBE_OPT,0.18259341712109745,1.0,134,current-nlr-pbe-gw-v1:gw:matdb:000286993,4.683585301914231e-06,0,0.0,False,True,0.1871640000026673,False,0,7,,,,,,
J_H0_plus_diagonal_observations,15,0.05,0.002064292086288333,8.241235629863313e-16,1.025071947346082e-15,0.0032437918707728386,False,False,124718,laplace,preceding_FULL_PBE_OPT_MAP,Laplace Gaussian; not the exact conditioned posterior,scipy.optimize.minimize/L-BFGS-B,True,73,82,1.5489787151615197e-06,0.18283158307895064,"[{'attempt': 1, 'start_source': 'initial_map', 'success': True, 'status': 0, 'message': 'CONVERGENCE: RELATIVE REDUCTION OF F <= FACTR*EPSMCH', 'iterations': 73, 'function_evaluations': 82, 'objective': 157.94458859397974, 'gradient_infinity_norm': 1.5489787151615197e-06}]",83,10351594,0.17919333698228002,0.0029260830488055944,1,124718,0.0029257501009851694,0.0003805409651249647,1.6321345120920922e-15,True,0.19018420903012156,FULL_PBE_OPT,0.19018420903012156,1.0,71,current-nlr-pbe-gw-v1:gw:matdb:000289958,7.734449869015078e-06,0,0.0,False,True,0.19367195898666978,False,0,8,,,,,,
J_H0_plus_diagonal_observations,16,0.05,0.002153791021555662,5.789140321006864e-16,9.968948863764493e-16,0.0034832500386983156,False,False,124718,laplace,preceding_FULL_PBE_OPT_MAP,Laplace Gaussian; not the exact conditioned posterior,scipy.optimize.minimize/L-BFGS-B,True,60,74,2.0250797869159065e-06,0.17245216690935194,"[{'attempt': 1, 'start_source': 'initial_map', 'success': True, 'status': 0, 'message': 'CONVERGENCE: RELATIVE REDUCTION OF F <= FACTR*EPSMCH', 'iterations': 60, 'function_evaluations': 74, 'objective': 157.5707236651769, 'gradient_infinity_norm': 2.0250797869159065e-06}]",75,9353850,0.16914954036474228,0.0030482078436762094,1,124718,0.0030478332191705704,0.0003891661763191223,1.6064954995272936e-15,True,0.17989016696810722,FULL_PBE_OPT,0.17989016696810722,1.0,85,current-nlr-pbe-gw-v1:gw:matdb:000011426,9.545840955624111e-06,0,0.0,False,True,0.18377149989828467,False,0,9,,,,,,
J_H0_plus_diagonal_observations,17,0.05,0.002121959114447236,7.89554241698881e-16,9.87864421788912e-16,0.0035267500206828117,False,False,124718,laplace,preceding_FULL_PBE_OPT_MAP,Laplace Gaussian; not the exact conditioned posterior,scipy.optimize.minimize/L-BFGS-B,True,50,61,5.530736232745026e-07,0.13496033404953778,"[{'attempt': 1, 'start_source': 'initial_map', 'success': True, 'status': 0, 'message': 'CONVERGENCE: RELATIVE REDUCTION OF F <= FACTR*EPSMCH', 'iterations': 50, 'function_evaluations': 61, 'objective': 157.7943559491631, 'gradient_infinity_norm': 5.530736232745026e-07}]",62,7732516,0.13243375183083117,0.0030113752000033855,1,124718,0.0030111658852547407,0.0004009171389043331,1.5581373998357073e-15,True,0.14215920795686543,FULL_PBE_OPT,0.14215920795686543,1.0,135,current-nlr-pbe-gw-v1:gw:matdb:000289941,4.8134352803096765e-06,0,0.0,False,True,0.14602737501263618,False,0,10,,,,,,
J_H0_plus_diagonal_observations,18,0.05,0.0022321250289678574,5.216180648677122e-16,9.882207253870134e-16,0.0035789578687399626,False,False,124718,laplace,preceding_FULL_PBE_OPT_MAP,Laplace Gaussian; not the exact conditioned posterior,scipy.optimize.minimize/L-BFGS-B,True,55,59,4.113441028630316e-06,0.1384964589960873,"[{'attempt': 1, 'start_source': 'initial_map', 'success': True, 'status': 0, 'message': 'CONVERGENCE: RELATIVE REDUCTION OF F <= FACTR*EPSMCH', 'iterations': 55, 'function_evaluations': 59, 'objective': 157.7280220288215, 'gradient_infinity_norm': 4.113441028630316e-06}]",60,7483080,0.13525100122205913,0.0030092920642346144,1,124718,0.003008957952260971,0.00043283402919769287,1.518825503827314e-15,True,0.1459535842295736,FULL_PBE_OPT,0.1459535842295736,1.0,46,current-nlr-pbe-gw-v1:gw:matdb:000289999,4.133683239098838e-06,0,0.0,False,True,0.14976062485948205,False,0,11,,,,,,
J_H0_plus_diagonal_observations,19,0.05,0.002092833863571286,7.072429170762668e-16,9.836638657068886e-16,0.003401542082428932,False,False,124718,laplace,preceding_FULL_PBE_OPT_MAP,Laplace Gaussian; not the exact conditioned posterior,scipy.optimize.minimize/L-BFGS-B,True,61,71,5.846296208783519e-06,0.16395487519912422,"[{'attempt': 1, 'start_source': 'initial_map', 'success': True, 'status': 0, 'message': 'CONVERGENCE: RELATIVE REDUCTION OF F <= FACTR*EPSMCH', 'iterations': 61, 'function_evaluations': 71, 'objective': 157.49471268237036, 'gradient_infinity_norm': 5.846296208783519e-06}]",72,8979696,0.160705333808437,0.0030366249848157167,1,124718,0.0030362089164555073,0.00037345895543694496,1.6106720139749897e-15,True,0.17123970808461308,FULL_PBE_OPT,0.17123970808461308,1.0,77,current-nlr-pbe-gw-v1:gw:matdb:000011455,4.785757073236461e-06,0,0.0,False,True,0.1748467090073973,False,0,12,,,,,,
J_H0_plus_diagonal_observations,8,0.05,0.0021602909546345472,7.623568996458801e-16,1.0139199022155217e-15,0.0033380829263478518,False,False,124718,,,,,,,,,,,372,43603719,,,9,1051118,,,,,,ADAPTIVE_PBE,0.8388765829149634,1.0,13,current-nlr-pbe-gw-v1:gw:matdb:000010014,0.006858791644135533,8,-0.0001887600481724691,True,False,0.842529792105779,False,0,1,explicit_full_bank_fallback,4.440892098500626e-16,False,True,5,0.004712125053629279
J_H0_plus_diagonal_observations,9,0.05,0.0022480839397758245,1.037315548884487e-15,9.451253771033034e-16,0.0035347079392522573,False,False,124718,,,,,,,,,,,85,10601030,,,1,124718,,,,,,ADAPTIVE_PBE,0.18654079199768603,1.0,165,current-nlr-pbe-gw-v1:gw:matdb:000010579,3.043409422606811e-05,0,-3.145195251854098e-06,False,True,0.19017858407460153,False,0,2,structural_certificate,0.0,True,False,15,0.0004110420122742653
J_H0_plus_diagonal_observations,10,0.05,0.002129124943166971,5.552488655518191e-16,9.895328160992118e-16,0.0032617910765111446,False,False,124718,,,,,,,,,,,76,9478568,,,1,124718,,,,,,ADAPTIVE_PBE,0.17370287515223026,1.0,15,current-nlr-pbe-gw-v1:gw:matdb:000010786,1.608481987740119e-05,0,-4.76252452617749e-06,False,True,0.17701416718773544,False,0,3,structural_certificate,0.0,True,False,11,0.0006600001361221075
J_H0_plus_diagonal_observations,11,0.05,0.0020793750882148743,9.10401926378614e-16,9.972950471337662e-16,0.0031910419929772615,False,False,124718,,,,,,,,,,,77,9603286,,,1,124718,,,,,,ADAPTIVE_PBE,0.17502679186873138,1.0,11,current-nlr-pbe-gw-v1:gw:matdb:000010003,2.8833522548637797e-06,0,-2.032316777385556e-07,False,True,0.17825270793400705,False,0,4,structural_certificate,0.0,True,False,12,0.0005832919850945473
J_H0_plus_diagonal_observations,12,0.05,0.002070375019684434,8.162510161976972e-16,1.0234961748870803e-15,0.003240874968469143,False,False,124718,,,,,,,,,,,52,6485336,,,1,124718,,,,,,ADAPTIVE_PBE,0.12538258312270045,1.0,12,current-nlr-pbe-gw-v1:gw:matdb:000009592,2.9734569847445473e-06,0,-8.918625825568707e-07,False,True,0.12865841714665294,False,0,5,structural_certificate,0.0,True,False,5,0.0006117501761764288
J_H0_plus_diagonal_observations,13,0.05,0.002028499962761998,9.54101633010618e-16,1.005010094620717e-15,0.003117708023637533,False,False,124718,,,,,,,,,,,46,5737028,,,1,124718,,,,,,ADAPTIVE_PBE,0.11158966599032283,1.0,5,current-nlr-pbe-gw-v1:gw:matdb:000011924,2.082842494783442e-06,0,-3.895445587092481e-07,False,True,0.11474170815199614,False,0,6,structural_certificate,0.0,True,False,134,0.0005460830871015787
J_H0_plus_diagonal_observations,14,0.05,0.002335999859496951,7.251914024306507e-16,1.0106851488790943e-15,0.0036064591258764267,False,False,124718,,,,,,,,,,,82,10226876,,,1,124718,,,,,,ADAPTIVE_PBE,0.1878828750923276,1.0,134,current-nlr-pbe-gw-v1:gw:matdb:000286993,4.683585306167556e-06,0,-1.2440037576308882e-09,False,True,0.19154987507499754,False,0,7,structural_certificate,0.0,True,False,71,0.0008583751041442156
J_H0_plus_diagonal_observations,15,0.05,0.0021742910612374544,8.241235629863313e-16,1.025071947346082e-15,0.0032875000033527613,False,False,124718,,,,,,,,,,,83,10351594,,,1,124718,,,,,,ADAPTIVE_PBE,0.1907150000333786,1.0,71,current-nlr-pbe-gw-v1:gw:matdb:000289958,7.7344499241663e-06,0,-1.2608714998415833e-06,False,True,0.19403974898159504,False,0,8,structural_certificate,0.0,True,False,85,0.0005797080229967833
J_H0_plus_diagonal_observations,16,0.05,0.001979958964511752,5.789140321006864e-16,9.968948863764493e-16,0.0032131660263985395,False,False,124718,,,,,,,,,,,70,8730260,,,1,124718,,,,,,ADAPTIVE_PBE,0.16635995800606906,1.0,85,current-nlr-pbe-gw-v1:gw:matdb:000011426,9.545840991743792e-06,0,-3.057221705505132e-06,False,True,0.16960854083299637,False,0,9,structural_certificate,0.0,True,False,135,0.0004161249380558729
J_H0_plus_diagonal_observations,17,0.05,0.0019836248829960823,7.89554241698881e-16,9.87864421788912e-16,0.0030505419708788395,False,False,124718,,,,,,,,,,,62,7732516,,,1,124718,,,,,,ADAPTIVE_PBE,0.14923575101420283,1.0,135,current-nlr-pbe-gw-v1:gw:matdb:000289941,4.813435273934459e-06,0,-9.692934119257072e-07,False,True,0.1523202930111438,False,0,10,structural_certificate,0.0,True,False,46,0.0003592090215533972
J_H0_plus_diagonal_observations,18,0.05,0.0022586670238524675,5.216180648677122e-16,9.882207253870134e-16,0.0033991248346865177,False,False,124718,,,,,,,,,,,60,7483080,,,1,124718,,,,,,ADAPTIVE_PBE,0.1377404578961432,1.0,46,current-nlr-pbe-gw-v1:gw:matdb:000289999,4.133683238269966e-06,0,-2.734666936184859e-07,False,True,0.14117474993690848,False,0,11,structural_certificate,0.0,True,False,77,0.0005717079620808363
J_H0_plus_diagonal_observations,19,0.05,0.002166332909837365,7.072429170762668e-16,9.836638657068886e-16,0.00330400001257658,False,False,124718,,,,,,,,,,,67,8356106,,,1,124718,,,,,,ADAPTIVE_PBE,0.16300891595892608,1.0,77,current-nlr-pbe-gw-v1:gw:matdb:000011455,4.785745474545405e-06,0,-1.6598409235858979e-06,False,True,0.16636533406563103,False,0,12,structural_certificate,0.0,True,False,133,0.0005294999573379755
J_H0_plus_diagonal_observations,8,0.05,0.0022177500650286674,1.3593826271941272e-15,9.70160577595492e-16,0.0033771670423448086,False,False,124718,laplace,zero_fallback_first_state,Laplace Gaussian; not the exact conditioned posterior,scipy.optimize.minimize/L-BFGS-B,True,83,97,1.787445802398091e-06,0.2255612078588456,"[{'attempt': 1, 'start_source': 'initial_map', 'success': True, 'status': 0, 'message': 'CONVERGENCE: RELATIVE REDUCTION OF F <= FACTR*EPSMCH', 'iterations': 83, 'function_evaluations': 97, 'objective': 162.38728057279772, 'gradient_infinity_norm': 1.787445802398091e-06}]",98,12222364,0.22121358034200966,0.0030666671227663755,1,124718,0.003066415898501873,0.0003951250109821558,1.6354263587551247e-15,True,0.23286479199305177,FULL_PBE_OPT,0.23286479199305177,1.0,13,current-nlr-pbe-gw-v1:gw:matdb:000010014,0.01996891013463041,0,0.0,False,True,0.2366383341141045,False,1,1,,,,,,
J_H0_plus_diagonal_observations,9,0.05,0.0020745000801980495,8.982005409734898e-16,1.003609119339512e-15,0.003192625008523464,False,False,124718,laplace,preceding_FULL_PBE_OPT_MAP,Laplace Gaussian; not the exact conditioned posterior,scipy.optimize.minimize/L-BFGS-B,True,90,101,3.8323880725554815e-06,0.4182932919356972,"[{'attempt': 1, 'start_source': 'initial_map', 'success': True, 'status': 0, 'message': 'CONVERGENCE: RELATIVE REDUCTION OF F <= FACTR*EPSMCH', 'iterations': 75, 'function_evaluations': 81, 'objective': 161.29118376100615, 'gradient_infinity_norm': 1.3115753522974227e-05}, {'attempt': 2, 'start_source': 'provided_retry_map', 'success': True, 'status': 0, 'message': 'CONVERGENCE: RELATIVE REDUCTION OF F <= FACTR*EPSMCH', 'iterations': 90, 'function_evaluations': 101, 'objective': 161.2911837610047, 'gradient_infinity_norm': 3.8323880725554815e-06}]",184,22948112,0.41028662072494626,0.0030986249912530184,1,124718,0.00309812487103045,0.0003389590419828892,1.5069913414741888e-15,True,0.42558416607789695,FULL_PBE_OPT,0.42558416607789695,1.0,165,current-nlr-pbe-gw-v1:gw:matdb:000010579,5.948513845698972e-11,0,0.0,False,True,0.4291527911555022,False,1,2,,,,,,
J_H0_plus_diagonal_observations,10,0.05,0.002095041098073125,1.7113866503062177e-15,9.965747667070249e-16,0.0032196668907999992,False,False,124718,laplace,preceding_FULL_PBE_OPT_MAP,Laplace Gaussian; not the exact conditioned posterior,scipy.optimize.minimize/L-BFGS-B,True,71,75,2.617414472081553e-06,0.1663006660528481,"[{'attempt': 1, 'start_source': 'initial_map', 'success': True, 'status': 0, 'message': 'CONVERGENCE: RELATIVE REDUCTION OF F <= FACTR*EPSMCH', 'iterations': 71, 'function_evaluations': 75, 'objective': 160.49162305298395, 'gradient_infinity_norm': 2.617414472081553e-06}]",76,9478568,0.16281024971976876,0.002923457883298397,1,124718,0.0029230420477688313,0.000426500104367733,1.5795432055179133e-15,True,0.17377591598778963,FULL_PBE_OPT,0.17377591598778963,1.0,15,current-nlr-pbe-gw-v1:gw:matdb:000010786,1.394124239822107e-11,0,0.0,False,True,0.17736224993132055,False,1,3,,,,,,
J_H0_plus_diagonal_observations,11,0.05,0.0023607078474014997,1.0813933200150077e-15,9.770641394367075e-16,0.0035695000551640987,False,False,124718,laplace,preceding_FULL_PBE_OPT_MAP,Laplace Gaussian; not the exact conditioned posterior,scipy.optimize.minimize/L-BFGS-B,True,74,81,3.7263288222271623e-06,0.18159079202450812,"[{'attempt': 1, 'start_source': 'initial_map', 'success': True, 'status': 0, 'message': 'CONVERGENCE: RELATIVE REDUCTION OF F <= FACTR*EPSMCH', 'iterations': 74, 'function_evaluations': 81, 'objective': 159.75488538080708, 'gradient_infinity_norm': 3.7263288222271623e-06}]",82,10226876,0.17785541503690183,0.002948625013232231,1,124718,0.002948333974927664,0.00037983315996825695,1.4518118745743424e-15,True,0.1889117080718279,FULL_PBE_OPT,0.1889117080718279,1.0,12,current-nlr-pbe-gw-v1:gw:matdb:000009592,1.6425850455607718e-13,0,0.0,False,True,0.19287991686724126,False,1,4,,,,,,
J_H0_plus_diagonal_observations,12,0.05,0.0021970418747514486,1.0297810407009942e-15,1.0287842080803716e-15,0.003400833113119006,False,False,124718,laplace,preceding_FULL_PBE_OPT_MAP,Laplace Gaussian; not the exact conditioned posterior,scipy.optimize.minimize/L-BFGS-B,True,41,49,8.042974415922721e-06,0.11740741692483425,"[{'attempt': 1, 'start_source': 'initial_map', 'success': True, 'status': 0, 'message': 'CONVERGENCE: RELATIVE REDUCTION OF F <= FACTR*EPSMCH', 'iterations': 41, 'function_evaluations': 49, 'objective': 159.68497681395766, 'gradient_infinity_norm': 8.042974415922721e-06}]",50,6235900,0.11522670835256577,0.0031959579791873693,1,124718,0.0031955421436578035,0.00039412500336766243,1.58899444943586e-15,True,0.12491383403539658,FULL_PBE_OPT,0.12491383403539658,1.0,11,current-nlr-pbe-gw-v1:gw:matdb:000010003,1.8019916171719906e-13,0,0.0,False,True,0.1286261670757085,False,1,5,,,,,,
J_H0_plus_diagonal_observations,13,0.05,0.0020754998549818993,1.385672580093459e-15,9.769452307534672e-16,0.003313791938126087,False,False,124718,laplace,preceding_FULL_PBE_OPT_MAP,Laplace Gaussian; not the exact conditioned posterior,scipy.optimize.minimize/L-BFGS-B,True,48,57,1.0424965769528782e-06,0.13942066603340209,"[{'attempt': 1, 'start_source': 'initial_map', 'success': True, 'status': 0, 'message': 'CONVERGENCE: RELATIVE REDUCTION OF F <= FACTR*EPSMCH', 'iterations': 48, 'function_evaluations': 57, 'objective': 159.5288318878798, 'gradient_infinity_norm': 1.0424965769528782e-06}]",58,7233644,0.1369902107398957,0.0031290831975638866,1,124718,0.003128624986857176,0.00041758292354643345,1.531579854068429e-15,True,0.14674887503497303,FULL_PBE_OPT,0.14674887503497303,1.0,14,current-nlr-pbe-gw-v1:gw:matdb:000009613,1.0355957924390564e-13,0,0.0,False,True,0.15021062502637506,False,1,6,,,,,,
J_H0_plus_diagonal_observations,14,0.05,0.0022735840175300837,9.158116128884204e-16,9.481770637030828e-16,0.0034830409567803144,False,False,124718,laplace,preceding_FULL_PBE_OPT_MAP,Laplace Gaussian; not the exact conditioned posterior,scipy.optimize.minimize/L-BFGS-B,True,51,58,1.870863076985918e-06,0.13011262519285083,"[{'attempt': 1, 'start_source': 'initial_map', 'success': True, 'status': 0, 'message': 'CONVERGENCE: RELATIVE REDUCTION OF F <= FACTR*EPSMCH', 'iterations': 51, 'function_evaluations': 58, 'objective': 159.24409529997956, 'gradient_infinity_norm': 1.870863076985918e-06}]",59,7358362,0.1272634998895228,0.0030230828560888767,1,124718,0.0030226248782128096,0.0003946248907595873,1.5267220506802788e-15,True,0.1376367500051856,FULL_PBE_OPT,0.1376367500051856,1.0,5,current-nlr-pbe-gw-v1:gw:matdb:000011924,7.965962792568721e-14,0,0.0,False,True,0.14143049996346235,False,1,7,,,,,,
J_H0_plus_diagonal_observations,15,0.05,0.002503459108993411,1.166959467546045e-15,1.0127575334245601e-15,0.0038836251478642225,False,False,124718,laplace,preceding_FULL_PBE_OPT_MAP,Laplace Gaussian; not the exact conditioned posterior,scipy.optimize.minimize/L-BFGS-B,True,80,89,1.7137613505481195e-06,0.2034497088752687,"[{'attempt': 1, 'start_source': 'initial_map', 'success': True, 'status': 0, 'message': 'CONVERGENCE: RELATIVE REDUCTION OF F <= FACTR*EPSMCH', 'iterations': 80, 'function_evaluations': 89, 'objective': 158.2240860234949, 'gradient_infinity_norm': 1.7137613505481195e-06}]",90,11224620,0.1991617928724736,0.0030172921251505613,1,124718,0.0030169999226927757,0.0003968749660998583,1.5287571651713366e-15,True,0.21062333299778402,FULL_PBE_OPT,0.21062333299778402,1.0,134,current-nlr-pbe-gw-v1:gw:matdb:000286993,8.153504274076744e-13,0,0.0,False,True,0.21497541712597013,False,1,8,,,,,,
J_H0_plus_diagonal_observations,16,0.05,0.003114874940365553,1.4496321646218117e-15,9.74412958210008e-16,0.006261124974116683,False,False,124718,laplace,preceding_FULL_PBE_OPT_MAP,Laplace Gaussian; not the exact conditioned posterior,scipy.optimize.minimize/L-BFGS-B,True,79,90,7.117482193780625e-06,0.2140017501078546,"[{'attempt': 1, 'start_source': 'initial_map', 'success': True, 'status': 0, 'message': 'CONVERGENCE: RELATIVE REDUCTION OF F <= FACTR*EPSMCH', 'iterations': 79, 'function_evaluations': 90, 'objective': 157.66444632671366, 'gradient_infinity_norm': 7.117482193780625e-06}]",91,11349338,0.20958341518417,0.0030055418610572815,1,124718,0.003005250124260783,0.00033154082484543324,1.5344200330825527e-15,True,0.22114783409051597,FULL_PBE_OPT,0.22114783409051597,1.0,71,current-nlr-pbe-gw-v1:gw:matdb:000289958,3.708707964776462e-12,0,0.0,False,True,0.22789579187519848,False,1,9,,,,,,
J_H0_plus_diagonal_observations,17,0.05,0.0020312918350100517,1.2364092507006211e-15,9.990380698969287e-16,0.0031999999191612005,False,False,124718,laplace,preceding_FULL_PBE_OPT_MAP,Laplace Gaussian; not the exact conditioned posterior,scipy.optimize.minimize/L-BFGS-B,True,69,79,4.54978004017087e-06,0.1816372089087963,"[{'attempt': 1, 'start_source': 'initial_map', 'success': True, 'status': 0, 'message': 'CONVERGENCE: RELATIVE REDUCTION OF F <= FACTR*EPSMCH', 'iterations': 69, 'function_evaluations': 79, 'objective': 157.24207187875618, 'gradient_infinity_norm': 4.54978004017087e-06}]",80,9977440,0.17811879119835794,0.003054582979530096,1,124718,0.003054291009902954,0.00039920792914927006,1.6113836405473151e-15,True,0.18903029197826982,FULL_PBE_OPT,0.18903029197826982,1.0,85,current-nlr-pbe-gw-v1:gw:matdb:000011426,1.1537185725448063e-11,0,0.0,False,True,0.1924662501551211,False,1,10,,,,,,
J_H0_plus_diagonal_observations,18,0.05,0.0024094160180538893,1.1192638113838043e-15,9.418486055647411e-16,0.0034601669758558273,False,False,124718,laplace,preceding_FULL_PBE_OPT_MAP,Laplace Gaussian; not the exact conditioned posterior,scipy.optimize.minimize/L-BFGS-B,True,51,62,1.311972365802827e-06,0.14557666704058647,"[{'attempt': 1, 'start_source': 'initial_map', 'success': True, 'status': 0, 'message': 'CONVERGENCE: RELATIVE REDUCTION OF F <= FACTR*EPSMCH', 'iterations': 51, 'function_evaluations': 62, 'objective': 157.39316077811534, 'gradient_infinity_norm': 1.311972365802827e-06}]",63,7857234,0.14292175136506557,0.0029464999679476023,1,124718,0.0029462079983204603,0.0003884581383317709,1.6635486778952911e-15,True,0.15278579108417034,FULL_PBE_OPT,0.15278579108417034,1.0,135,current-nlr-pbe-gw-v1:gw:matdb:000289941,2.5228816218722362e-12,0,0.0,False,True,0.15652312501333654,False,1,11,,,,,,
J_H0_plus_diagonal_observations,19,0.05,0.001948624849319458,8.028280557232881e-16,9.84196570305999e-16,0.003131916979327798,False,False,124718,laplace,preceding_FULL_PBE_OPT_MAP,Laplace Gaussian; not the exact conditioned posterior,scipy.optimize.minimize/L-BFGS-B,True,57,66,1.4139897529449885e-06,0.1566852917894721,"[{'attempt': 1, 'start_source': 'initial_map', 'success': True, 'status': 0, 'message': 'CONVERGENCE: RELATIVE REDUCTION OF F <= FACTR*EPSMCH', 'iterations': 57, 'function_evaluations': 66, 'objective': 157.32894595617887, 'gradient_infinity_norm': 1.4139897529449885e-06}]",67,8356106,0.15372374933212996,0.0029507919680327177,1,124718,0.0029504999984055758,0.00039279088377952576,1.5894985366104857e-15,True,0.16366704110987484,FULL_PBE_OPT,0.16366704110987484,1.0,77,current-nlr-pbe-gw-v1:gw:matdb:000011455,3.666062887395678e-12,0,0.0,False,True,0.16714125010184944,False,1,12,,,,,,
J_H0_plus_diagonal_observations,8,0.05,0.0021697499323636293,1.3593826271941272e-15,9.70160577595492e-16,0.003313249908387661,False,False,124718,,,,,,,,,,,285,33241814,,,9,1048359,,,,,,ADAPTIVE_PBE,0.6713471258990467,1.0,13,current-nlr-pbe-gw-v1:gw:matdb:000010014,0.019968910884560043,8,-7.442060247885018e-05,True,False,0.6748819169588387,False,1,1,explicit_full_bank_fallback,8.326672684688674e-17,False,True,5,0.004758541937917471
J_H0_plus_diagonal_observations,9,0.05,0.0020358331967145205,8.982005409734898e-16,1.003609119339512e-15,0.003180915955454111,False,False,124718,,,,,,,,,,,79,9852722,,,1,124718,,,,,,ADAPTIVE_PBE,0.18085579085163772,1.0,165,current-nlr-pbe-gw-v1:gw:matdb:000010579,5.948497454731571e-11,0,-1.4200098365621435e-11,False,True,0.1840702078770846,False,1,2,structural_certificate,0.0,True,False,15,0.00041799992322921753
J_H0_plus_diagonal_observations,10,0.05,0.0021102079190313816,1.7113866503062177e-15,9.965747667070249e-16,0.003270374843850732,False,False,124718,,,,,,,,,,,75,9353850,,,1,124718,,,,,,ADAPTIVE_PBE,0.17125716619193554,1.0,15,current-nlr-pbe-gw-v1:gw:matdb:000010786,1.3941172392770465e-11,0,-9.830403782927988e-12,False,True,0.17456237506121397,False,1,3,structural_certificate,0.0,True,False,12,0.0006320411339402199
J_H0_plus_diagonal_observations,11,0.05,0.0024477920960634947,1.0813933200150077e-15,9.770641394367075e-16,0.0035655000247061253,False,False,124718,,,,,,,,,,,74,9229132,,,1,124718,,,,,,ADAPTIVE_PBE,0.17186583299189806,1.0,12,current-nlr-pbe-gw-v1:gw:matdb:000009592,1.6425848981066026e-13,0,-3.481459895454565e-14,False,True,0.17546504084020853,False,1,4,structural_certificate,0.0,True,False,11,0.0006261658854782581
J_H0_plus_diagonal_observations,12,0.05,0.0019259578548371792,1.0297810407009942e-15,1.0287842080803716e-15,0.002836457919329405,False,False,124718,,,,,,,,,,,50,6235900,,,1,124718,,,,,,ADAPTIVE_PBE,0.11803670786321163,1.0,11,current-nlr-pbe-gw-v1:gw:matdb:000010003,1.8019915454118914e-13,0,-1.0220269712982873e-13,False,True,0.1209659578744322,False,1,5,structural_certificate,0.0,True,False,5,0.0003394999075680971
J_H0_plus_diagonal_observations,13,0.05,0.002061540959402919,1.385672580093459e-15,9.769452307534672e-16,0.003196708858013153,False,False,124718,,,,,,,,,,,58,7233644,,,1,124718,,,,,,ADAPTIVE_PBE,0.1420067921280861,1.0,14,current-nlr-pbe-gw-v1:gw:matdb:000009613,1.035595815595703e-13,0,-2.495130815061907e-14,False,True,0.14523524907417595,False,1,6,structural_certificate,0.0,True,False,5,0.0005883330013602972
J_H0_plus_diagonal_observations,14,0.05,0.002250832971185446,9.158116128884204e-16,9.481770637030828e-16,0.003393084043636918,False,False,124718,,,,,,,,,,,59,7358362,,,1,124718,,,,,,ADAPTIVE_PBE,0.1376912088599056,1.0,5,current-nlr-pbe-gw-v1:gw:matdb:000011924,7.965962778598335e-14,0,-2.993257133705434e-14,False,True,0.14112874981947243,False,1,7,structural_certificate,0.0,True,False,134,0.0005741668865084648
J_H0_plus_diagonal_observations,15,0.05,0.0020779590122401714,1.166959467546045e-15,1.0127575334245601e-15,0.0031887912191450596,False,False,124718,,,,,,,,,,,90,11224620,,,1,124718,,,,,,ADAPTIVE_PBE,0.20352520886808634,1.0,134,current-nlr-pbe-gw-v1:gw:matdb:000286993,8.153504282666433e-13,0,-1.9970822111119003e-15,False,True,0.20674666692502797,False,1,8,structural_certificate,0.0,True,False,71,0.0006239588838070631
J_H0_plus_diagonal_observations,16,0.05,0.0018585419747978449,1.4496321646218117e-15,9.74412958210008e-16,0.00312670785933733,False,False,124718,,,,,,,,,,,94,11723492,,,1,124718,,,,,,ADAPTIVE_PBE,0.21593708195723593,1.0,71,current-nlr-pbe-gw-v1:gw:matdb:000289958,3.708709591134211e-12,0,-2.475062163509186e-13,False,True,0.2190999158192426,False,1,9,structural_certificate,0.0,True,False,85,0.00034404080361127853
J_H0_plus_diagonal_observations,17,0.05,0.0021107501816004515,1.2364092507006211e-15,9.990380698969287e-16,0.003272166009992361,False,False,124718,,,,,,,,,,,79,9852722,,,1,124718,,,,,,ADAPTIVE_PBE,0.24714329186826944,1.0,85,current-nlr-pbe-gw-v1:gw:matdb:000011426,1.1537187298295499e-11,0,-7.521820531757174e-12,False,True,0.25047879200428724,False,1,10,structural_certificate,0.0,True,False,135,0.0005456670187413692
J_H0_plus_diagonal_observations,18,0.05,0.0022847498767077923,1.1192638113838043e-15,9.418486055647411e-16,0.003465208923444152,False,False,124718,,,,,,,,,,,63,7857234,,,1,124718,,,,,,ADAPTIVE_PBE,0.1513431251514703,1.0,135,current-nlr-pbe-gw-v1:gw:matdb:000289941,2.522881623727822e-12,0,-1.1772739446354633e-13,False,True,0.1548753750976175,False,1,11,structural_certificate,0.0,True,False,77,0.0005882501136511564
J_H0_plus_diagonal_observations,19,0.05,0.0021202501375228167,8.028280557232881e-16,9.84196570305999e-16,0.0031419580336660147,False,False,124718,,,,,,,,,,,66,8231388,,,1,124718,,,,,,ADAPTIVE_PBE,0.18230604194104671,1.0,77,current-nlr-pbe-gw-v1:gw:matdb:000011455,3.666062892706048e-12,0,-2.1012652958368142e-12,False,True,0.185512957861647,False,1,12,structural_certificate,0.0,True,False,133,0.0006755420472472906
J_H0_plus_diagonal_observations,8,0.05,0.0022424168419092894,1.1010957158395565e-15,1.033863958871041e-15,0.0033779998775571585,False,False,124718,laplace,zero_fallback_first_state,Laplace Gaussian; not the exact conditioned posterior,scipy.optimize.minimize/L-BFGS-B,True,81,93,1.522005565524065e-06,0.20432962500490248,"[{'attempt': 1, 'start_source': 'initial_map', 'success': True, 'status': 0, 'message': 'CONVERGENCE: RELATIVE REDUCTION OF F <= FACTR*EPSMCH', 'iterations': 81, 'function_evaluations': 93, 'objective': 162.32414775369028, 'gradient_infinity_norm': 1.522005565524065e-06}]",94,11723492,0.20038770325481892,0.0029657909180969,1,124718,0.002965457970276475,0.0004070410504937172,1.4752343243036004e-15,True,0.2117500831373036,FULL_PBE_OPT,0.2117500831373036,1.0,13,current-nlr-pbe-gw-v1:gw:matdb:000010014,0.007925992907058206,0,0.0,False,True,0.21532383398152888,False,2,1,,,,,,
J_H0_plus_diagonal_observations,9,0.05,0.0022100829519331455,8.613540285979398e-16,1.0118272486323067e-15,0.003420792054384947,False,False,124718,laplace,preceding_FULL_PBE_OPT_MAP,Laplace Gaussian; not the exact conditioned posterior,scipy.optimize.minimize/L-BFGS-B,True,79,88,5.380656531439598e-07,0.19243854214437306,"[{'attempt': 1, 'start_source': 'initial_map', 'success': True, 'status': 0, 'message': 'CONVERGENCE: RELATIVE REDUCTION OF F <= FACTR*EPSMCH', 'iterations': 79, 'function_evaluations': 88, 'objective': 161.23819740463958, 'gradient_infinity_norm': 5.380656531439598e-07}]",89,11099902,0.18862391635775566,0.0029638330452144146,1,124718,0.002963417209684849,0.0004015830345451832,1.4995287492921925e-15,True,0.19993066601455212,FULL_PBE_OPT,0.19993066601455212,1.0,165,current-nlr-pbe-gw-v1:gw:matdb:000010579,2.905440176240997e-10,0,0.0,False,True,0.20373858278617263,False,2,2,,,,,,
J_H0_plus_diagonal_observations,10,0.05,0.002158625051379204,1.3439485216205224e-15,1.0093319284878657e-15,0.00348529196344316,False,False,124718,laplace,preceding_FULL_PBE_OPT_MAP,Laplace Gaussian; not the exact conditioned posterior,scipy.optimize.minimize/L-BFGS-B,True,80,87,2.0802397792951677e-06,0.18875566590577364,"[{'attempt': 1, 'start_source': 'initial_map', 'success': True, 'status': 0, 'message': 'CONVERGENCE: RELATIVE REDUCTION OF F <= FACTR*EPSMCH', 'iterations': 80, 'function_evaluations': 87, 'objective': 160.4462655121071, 'gradient_infinity_norm': 2.0802397792951677e-06}]",88,10975184,0.18506579054519534,0.0029346670489758253,1,124718,0.0029342910274863243,0.0003929159138351679,1.5709687933083146e-15,True,0.19620779203251004,FULL_PBE_OPT,0.19620779203251004,1.0,15,current-nlr-pbe-gw-v1:gw:matdb:000010786,7.798252082216938e-11,0,0.0,False,True,0.200066041899845,False,2,3,,,,,,
J_H0_plus_diagonal_observations,11,0.05,0.0025895419530570507,1.0886082619340864e-15,1.0061267547582751e-15,0.00377408298663795,False,False,124718,laplace,preceding_FULL_PBE_OPT_MAP,Laplace Gaussian; not the exact conditioned posterior,scipy.optimize.minimize/L-BFGS-B,True,67,73,2.5305255220865047e-06,0.16595533397048712,"[{'attempt': 1, 'start_source': 'initial_map', 'success': True, 'status': 0, 'message': 'CONVERGENCE: RELATIVE REDUCTION OF F <= FACTR*EPSMCH', 'iterations': 67, 'function_evaluations': 73, 'objective': 159.7268834998347, 'gradient_infinity_norm': 2.5305255220865047e-06}]",74,9229132,0.1628503343090415,0.0030032501090317965,1,124718,0.0030028338078409433,0.0003192080184817314,1.52478519823948e-15,True,0.17323108296841383,FULL_PBE_OPT,0.17323108296841383,1.0,11,current-nlr-pbe-gw-v1:gw:matdb:000010003,1.1696160878393486e-12,0,0.0,False,True,0.17726491601206362,False,2,4,,,,,,
J_H0_plus_diagonal_observations,12,0.05,0.0022381250746548176,5.468806005476652e-16,9.658657511834438e-16,0.0034441249445080757,False,False,124718,laplace,preceding_FULL_PBE_OPT_MAP,Laplace Gaussian; not the exact conditioned posterior,scipy.optimize.minimize/L-BFGS-B,True,61,68,5.743831280102807e-06,0.16938229207880795,"[{'attempt': 1, 'start_source': 'initial_map', 'success': True, 'status': 0, 'message': 'CONVERGENCE: RELATIVE REDUCTION OF F <= FACTR*EPSMCH', 'iterations': 61, 'function_evaluations': 68, 'objective': 159.543514641419, 'gradient_infinity_norm': 5.743831280102807e-06}]",69,8605542,0.16620245622470975,0.003015875117853284,1,124718,0.003015542170032859,0.0003260839730501175,1.544349888387585e-15,True,0.17642249981872737,FULL_PBE_OPT,0.17642249981872737,1.0,12,current-nlr-pbe-gw-v1:gw:matdb:000009592,1.6742298405832496e-12,0,0.0,False,True,0.18017470883205533,False,2,5,,,,,,
J_H0_plus_diagonal_observations,13,0.05,0.0023052911274135113,9.624758723878803e-16,9.25898226096945e-16,0.0035457918420434,False,False,124718,laplace,preceding_FULL_PBE_OPT_MAP,Laplace Gaussian; not the exact conditioned posterior,scipy.optimize.minimize/L-BFGS-B,True,46,53,3.40917952562636e-06,0.12691941601224244,"[{'attempt': 1, 'start_source': 'initial_map', 'success': True, 'status': 0, 'message': 'CONVERGENCE: RELATIVE REDUCTION OF F <= FACTR*EPSMCH', 'iterations': 46, 'function_evaluations': 53, 'objective': 159.47533459854253, 'gradient_infinity_norm': 3.40917952562636e-06}]",54,6734772,0.12456437502987683,0.0030853329226374626,1,124718,0.0030848339665681124,0.00033425004221498966,1.631876279984506e-15,True,0.13431250001303852,FULL_PBE_OPT,0.13431250001303852,1.0,14,current-nlr-pbe-gw-v1:gw:matdb:000009613,7.003851830682955e-13,0,0.0,False,True,0.1383856669999659,False,2,6,,,,,,
J_H0_plus_diagonal_observations,14,0.05,0.002345042070373893,1.0893037132682567e-15,9.96019422442719e-16,0.0035056660417467356,False,False,124718,laplace,preceding_FULL_PBE_OPT_MAP,Laplace Gaussian; not the exact conditioned posterior,scipy.optimize.minimize/L-BFGS-B,True,67,73,8.41438614315737e-06,0.16297125001437962,"[{'attempt': 1, 'start_source': 'initial_map', 'success': True, 'status': 0, 'message': 'CONVERGENCE: RELATIVE REDUCTION OF F <= FACTR*EPSMCH', 'iterations': 67, 'function_evaluations': 73, 'objective': 159.1455215489181, 'gradient_infinity_norm': 8.41438614315737e-06}]",74,9229132,0.15958608104847372,0.0036374160554260015,1,124718,0.0036091250367462635,0.0005874589551240206,1.5270746003931053e-15,True,0.17473045899532735,FULL_PBE_OPT,0.17473045899532735,1.0,6,current-nlr-pbe-gw-v1:gw:matdb:000009985,6.826654088588444e-13,0,0.0,False,True,0.17884354200214148,False,2,7,,,,,,
J_H0_plus_diagonal_observations,15,0.05,0.0023479999508708715,8.534288978240924e-16,9.490549357996543e-16,0.0037716669030487537,False,False,124718,laplace,preceding_FULL_PBE_OPT_MAP,Laplace Gaussian; not the exact conditioned posterior,scipy.optimize.minimize/L-BFGS-B,True,47,56,2.4395638769936223e-06,0.12615454196929932,"[{'attempt': 1, 'start_source': 'initial_map', 'success': True, 'status': 0, 'message': 'CONVERGENCE: RELATIVE REDUCTION OF F <= FACTR*EPSMCH', 'iterations': 47, 'function_evaluations': 56, 'objective': 159.09719688577545, 'gradient_infinity_norm': 2.4395638769936223e-06}]",57,7108926,0.12357474537566304,0.0030063330195844173,1,124718,0.00300604198127985,0.00039070798084139824,1.5017380690330904e-15,True,0.133618958061561,FULL_PBE_OPT,0.133618958061561,1.0,7,current-nlr-pbe-gw-v1:gw:matdb:000009577,5.340258654628712e-13,0,0.0,False,True,0.13782641710713506,False,2,8,,,,,,
J_H0_plus_diagonal_observations,16,0.05,0.002055916003882885,5.407929115266636e-16,9.927140124382341e-16,0.0032567500602453947,False,False,124718,laplace,preceding_FULL_PBE_OPT_MAP,Laplace Gaussian; not the exact conditioned posterior,scipy.optimize.minimize/L-BFGS-B,True,48,53,8.932530909146197e-07,0.12171683297492564,"[{'attempt': 1, 'start_source': 'initial_map', 'success': True, 'status': 0, 'message': 'CONVERGENCE: RELATIVE REDUCTION OF F <= FACTR*EPSMCH', 'iterations': 48, 'function_evaluations': 53, 'objective': 158.89361765537026, 'gradient_infinity_norm': 8.932530909146197e-07}]",54,6734772,0.11924896063283086,0.0030300829093903303,1,124718,0.003029708983376622,0.00039066700264811516,1.547105322586876e-15,True,0.12915679183788598,FULL_PBE_OPT,0.12915679183788598,1.0,5,current-nlr-pbe-gw-v1:gw:matdb:000011924,4.720467274030315e-13,0,0.0,False,True,0.13282533292658627,False,2,9,,,,,,
J_H0_plus_diagonal_observations,17,0.05,0.00222949986346066,7.569009075199019e-16,9.625313104227727e-16,0.0033978749997913837,False,False,124718,laplace,preceding_FULL_PBE_OPT_MAP,Laplace Gaussian; not the exact conditioned posterior,scipy.optimize.minimize/L-BFGS-B,True,71,80,4.050549636753012e-06,0.18941683392040431,"[{'attempt': 1, 'start_source': 'initial_map', 'success': True, 'status': 0, 'message': 'CONVERGENCE: RELATIVE REDUCTION OF F <= FACTR*EPSMCH', 'iterations': 71, 'function_evaluations': 80, 'objective': 157.96844660963345, 'gradient_infinity_norm': 4.050549636753012e-06}]",81,10102158,0.18597746058367193,0.003358250018209219,1,124718,0.0033579159062355757,0.000390833942219615,1.5727814739017903e-15,True,0.19712883397005498,FULL_PBE_OPT,0.19712883397005498,1.0,134,current-nlr-pbe-gw-v1:gw:matdb:000286993,3.353810107644744e-12,0,0.0,False,True,0.20099683292210102,False,2,10,,,,,,
J_H0_plus_diagonal_observations,18,0.05,0.002075375057756901,6.502304278726707e-16,9.611672081582937e-16,0.0037269170861691236,False,False,124718,laplace,preceding_FULL_PBE_OPT_MAP,Laplace Gaussian; not the exact conditioned posterior,scipy.optimize.minimize/L-BFGS-B,True,70,76,1.3676873938999953e-06,0.17115533305332065,"[{'attempt': 1, 'start_source': 'initial_map', 'success': True, 'status': 0, 'message': 'CONVERGENCE: RELATIVE REDUCTION OF F <= FACTR*EPSMCH', 'iterations': 70, 'function_evaluations': 76, 'objective': 157.40279563554913, 'gradient_infinity_norm': 1.3676873938999953e-06}]",77,9603286,0.16781832883134484,0.002954165916889906,1,124718,0.0029538748785853386,0.00038295798003673553,1.5786333042130773e-15,True,0.17855433281511068,FULL_PBE_OPT,0.17855433281511068,1.0,71,current-nlr-pbe-gw-v1:gw:matdb:000289958,1.2671650657903505e-11,0,0.0,False,True,0.18262220919132233,False,2,11,,,,,,
J_H0_plus_diagonal_observations,19,0.05,0.0021193339489400387,5.905014783418985e-16,9.65556716258333e-16,0.003360915929079056,False,False,124718,laplace,preceding_FULL_PBE_OPT_MAP,Laplace Gaussian; not the exact conditioned posterior,scipy.optimize.minimize/L-BFGS-B,True,62,71,3.729253107459529e-06,0.16619045799598098,"[{'attempt': 1, 'start_source': 'initial_map', 'success': True, 'status': 0, 'message': 'CONVERGENCE: RELATIVE REDUCTION OF F <= FACTR*EPSMCH', 'iterations': 62, 'function_evaluations': 71, 'objective': 156.95719706428076, 'gradient_infinity_norm': 3.729253107459529e-06}]",72,8979696,0.16298016835935414,0.003130541881546378,1,124718,0.0031302908901125193,0.0003209579735994339,1.5787264635253819e-15,True,0.17335170903243124,FULL_PBE_OPT,0.17335170903243124,1.0,135,current-nlr-pbe-gw-v1:gw:matdb:000289941,1.087725911842814e-11,0,0.0,False,True,0.17694562510587275,False,2,12,,,,,,
J_H0_plus_diagonal_observations,8,0.05,0.0020382499787956476,1.1010957158395565e-15,1.033863958871041e-15,0.0032197500113397837,False,False,124718,,,,,,,,,,,314,36888001,,,9,1053206,,,,,,ADAPTIVE_PBE,0.7558499167207628,1.0,13,current-nlr-pbe-gw-v1:gw:matdb:000010014,0.00792599226724873,8,-0.0001569177079071074,True,False,0.7595327920280397,False,2,1,explicit_full_bank_fallback,4.440892098500626e-16,False,True,165,0.004791166866198182
J_H0_plus_diagonal_observations,9,0.05,0.0021559169981628656,8.613540285979398e-16,1.0118272486323067e-15,0.0038347921799868345,False,False,124718,,,,,,,,,,,81,10102158,,,1,124718,,,,,,ADAPTIVE_PBE,0.18187087588012218,1.0,165,current-nlr-pbe-gw-v1:gw:matdb:000010579,2.905436083956359e-10,0,-7.49562080152378e-11,False,True,0.18590854201465845,False,2,2,structural_certificate,0.0,True,False,15,0.000645417021587491
J_H0_plus_diagonal_observations,10,0.05,0.0022634160704910755,1.3439485216205224e-15,1.0093319284878657e-15,0.0036247498355805874,False,False,124718,,,,,,,,,,,81,10102158,,,1,124718,,,,,,ADAPTIVE_PBE,0.1868701670318842,1.0,15,current-nlr-pbe-gw-v1:gw:matdb:000010786,7.798243117874565e-11,0,-5.814317915932287e-11,False,True,0.1905333751346916,False,2,3,structural_certificate,0.0,True,False,11,0.0007082091178745031
J_H0_plus_diagonal_observations,11,0.05,0.0020476658828556538,1.0886082619340864e-15,1.0061267547582751e-15,0.003142666071653366,False,False,124718,,,,,,,,,,,80,9977440,,,1,124718,,,,,,ADAPTIVE_PBE,0.21425945800729096,1.0,11,current-nlr-pbe-gw-v1:gw:matdb:000010003,1.1696164079534312e-12,0,-2.0449256944408263e-13,False,True,0.21743958303704858,False,2,4,structural_certificate,0.0,True,False,12,0.0005883749108761549
J_H0_plus_diagonal_observations,12,0.05,0.002063792198896408,5.468806005476652e-16,9.658657511834438e-16,0.003039125120267272,False,False,124718,,,,,,,,,,,72,8979696,,,1,124718,,,,,,ADAPTIVE_PBE,0.1794216251000762,1.0,12,current-nlr-pbe-gw-v1:gw:matdb:000009592,1.674229479926932e-12,0,-1.203381438332897e-12,False,True,0.18254329124465585,False,2,5,structural_certificate,0.0,True,False,14,0.00045250006951391697
J_H0_plus_diagonal_observations,13,0.05,0.002252291887998581,9.624758723878803e-16,9.25898226096945e-16,0.0035398751497268677,False,False,124718,,,,,,,,,,,54,6734772,,,1,124718,,,,,,ADAPTIVE_PBE,0.12950687506236136,1.0,14,current-nlr-pbe-gw-v1:gw:matdb:000009613,7.003851456160906e-13,0,-2.126371472152324e-13,False,True,0.1331559990067035,False,2,6,structural_certificate,0.0,True,False,7,0.0006674160249531269
J_H0_plus_diagonal_observations,14,0.05,0.0022473749704658985,1.0893037132682567e-15,9.96019422442719e-16,0.003321165917441249,False,False,124718,,,,,,,,,,,74,9229132,,,1,124718,,,,,,ADAPTIVE_PBE,0.16866424982436,1.0,6,current-nlr-pbe-gw-v1:gw:matdb:000009985,6.826654099387998e-13,0,-1.6287066042951368e-13,False,True,0.17202108376659453,False,2,7,structural_certificate,0.0,True,False,7,0.00041037495248019695
J_H0_plus_diagonal_observations,15,0.05,0.001955582993105054,8.534288978240924e-16,9.490549357996543e-16,0.003055291948840022,False,False,124718,,,,,,,,,,,57,7108926,,,1,124718,,,,,,ADAPTIVE_PBE,0.1308971659746021,1.0,7,current-nlr-pbe-gw-v1:gw:matdb:000009577,5.34025865476077e-13,0,-6.568131275760106e-14,False,True,0.13398812478408217,False,2,8,structural_certificate,0.0,True,False,5,0.0005299998447299004
J_H0_plus_diagonal_observations,16,0.05,0.002106625121086836,5.407929115266636e-16,9.927140124382341e-16,0.0032310420647263527,False,False,124718,,,,,,,,,,,54,6734772,,,1,124718,,,,,,ADAPTIVE_PBE,0.13334687403403223,1.0,5,current-nlr-pbe-gw-v1:gw:matdb:000011924,4.720467274830354e-13,0,-4.0260223561304916e-14,False,True,0.1366151669062674,False,2,9,structural_certificate,0.0,True,False,182,0.0006728330627083778
J_H0_plus_diagonal_observations,17,0.05,0.0025106670800596476,7.569009075199019e-16,9.625313104227727e-16,0.00411895802244544,False,False,124718,,,,,,,,,,,81,10102158,,,1,124718,,,,,,ADAPTIVE_PBE,0.18410512409172952,1.0,134,current-nlr-pbe-gw-v1:gw:matdb:000286993,3.353810217759105e-12,0,-3.1837444649432024e-14,False,True,0.1883177908603102,False,2,10,structural_certificate,0.0,True,False,71,0.00041054096072912216
J_H0_plus_diagonal_observations,18,0.05,0.0020620001014322042,6.502304278726707e-16,9.611672081582937e-16,0.0031654590275138617,False,False,124718,,,,,,,,,,,78,9728004,,,1,124718,,,,,,ADAPTIVE_PBE,0.23865479114465415,1.0,71,current-nlr-pbe-gw-v1:gw:matdb:000289958,1.2671652724152078e-11,0,-3.46714550301462e-12,False,True,0.24186162510886788,False,2,11,structural_certificate,0.0,True,False,135,0.00036675017327070236
J_H0_plus_diagonal_observations,19,0.05,0.0021006250753998756,5.905014783418985e-16,9.65556716258333e-16,0.003120291978120804,False,False,124718,,,,,,,,,,,72,8979696,,,1,124718,,,,,,ADAPTIVE_PBE,0.18462579185143113,1.0,135,current-nlr-pbe-gw-v1:gw:matdb:000289941,1.0877261117170917e-11,0,-5.246781078540209e-12,False,True,0.1878038328140974,False,2,12,structural_certificate,0.0,True,False,46,0.000846582930535078
